start_date_type,start_date,country,geo_scope,area_name,shutdown_type,affected_network,shutdown_extent,ordered_by,decision_maker,actual_cause,actual_cause_details,info_source,info_source_link,shutdown_status,end_date,duration,gov_justification,gov_just_details,gov_ack,legal_just,legal_method,gov_ack_source,gov_ack_quote,facebook_affected,twitter_affected,whatsapp_affected,instagram_affected,telegram_affected,other_affected,sms_affected,phonecall_affected,telcos_involved,telco_ack,telco_ack_source,telco_ack_quote,election,violence,hr_abuse_reported,users_targeted,users_target_detail,users_notified,econ_impact,event,an_link,region
Estimated,5/24/2009,Iran (Islamic Republic of),"It affected locations in more than one state, province, or region",Nationwide,Shutdown,"Broadband, Mobile",Service-based,Executive government,,Information control,,CSO KIO partners,https://explorer.ooni.org/findings/273244099200; https://www.theguardian.com/world/2009/may/24/facebook-banned-iran; https://time.com/6139988/countries-where-twitter-facebook-tiktok-banned/; https://explorer.ooni.org/chart/mat?probe_cc=IR&since=2016-01-01&until=2016-12-31&time_grain=day&axis_x=measurement_start_day&test_name=web_connectivity&domain=twitter.com; https://explorer.ooni.org/chart/mat?probe_cc=IR&since=2021-01-01&until=2021-12-31&time_grain=day&axis_x=measurement_start_day&test_name=web_connectivity&domain=twitter.com; https://explorer.ooni.org/chart/mat?probe_cc=IR&since=2025-06-01&until=2026-02-28&time_grain=day&axis_x=measurement_start_day&test_name=web_connectivity&domain=twitter.com; https://explorer.ooni.org/chart/mat?probe_cc=IR&since=2017-01-01&until=2017-12-31&time_grain=day&axis_x=measurement_start_day&test_name=facebook_messenger; https://explorer.ooni.org/chart/mat?probe_cc=IR&since=2025-01-01&until=2026-03-09&time_grain=day&axis_x=measurement_start_day&test_name=facebook_messenger,Ongoing,,,Unknown,,No,,,,,Yes,Yes,No,No,No,,No,No,,Unknown,,,No,No,No,,,No,,Facebook and Twitter were banned formally in Iran in 2009 amid disupted elections and mass protests at the time. OONI Explorer shows anomalies and blocking measurements of both platforms since we began tracking for STOP in 2016. The blocks are ongoing in 2026.,,MENA
Actual,9/11/2013,Turkey,"It affected locations in more than one state, province, or region",Nationwide,Shutdown,"Broadband, Mobile",Service-based,Executive government,Turkey's Directorate of Telecommunication following Istanbul's Criminal Court of Peace,Information control,,CSO KIO partners,https://explorer.ooni.org/chart/mat?probe_cc=TR&since=2023-01-01&until=2023-12-31&time_grain=day&axis_x=measurement_start_day&test_name=web_connectivity&domain=www.grindr.com; https://ooni.org/post/2023-jordan-blocks-grindr/#conclusion; https://kaosgl.org/en/single-news/grindr-ban-in-turkey-taken-to-constitutional-court; https://explorer.ooni.org/chart/mat?probe_cc=TR&since=2025-01-19&until=2026-02-19&time_grain=day&axis_x=measurement_start_day&test_name=web_connectivity&domain=www.grindr.com,Ongoing,,,Other,"""Protective measure""",Yes,Yes,,https://www.independent.co.uk/tech/gay-hookup-app-grindr-fights-back-against-turkish-ban-with-threat-of-legal-action-8829360.html,,No,No,No,No,No,Grindr,No,No,,No,,,No,No,No,LGBTQ groups,,No,,"Grindr has been blocked in Turkey since Sep. 11, 2013, and is ongoing into 2026. The block was in place at the start of our STOP documentation on Jan. 1, 2016.",,MENA
Actual,9/15/2016,Indonesia,"It affected locations in more than one state, province, or region",Nationwide,Shutdown,"Broadband, Mobile",Service-based,Executive government,Communications Ministry following a request from police,Information control,,CSO KIO partners,https://explorer.ooni.org/chart/mat?test_name=web_connectivity&axis_x=measurement_start_day&since=2023-09-20&until=2024-09-21&time_grain=day&probe_cc=ID&domain=www.grindr.com; https://ooni.org/post/2023-jordan-blocks-grindr/#conclusion; https://time.com/4496531/indonesia-lgbt-grinder/; https://explorer.ooni.org/chart/mat?probe_cc=ID&since=2024-05-20&until=2025-02-20&time_grain=day&axis_x=measurement_start_day&test_name=web_connectivity&domain=www.grindr.com; https://explorer.ooni.org/chart/mat?probe_cc=ID&since=2025-01-27&until=2026-02-27&time_grain=day&axis_x=measurement_start_day&test_name=web_connectivity&domain=www.grindr.com,Ongoing,,,Other,"Authorities were targeting services that promoted ""sexual deviancy""",Yes,No,,https://tribune.com.pk/story/1182120/indonesia-blocks-gay-apps-sexual-deviancy/,,No,No,No,No,No,"Grindr, Blued, BoyAhoy",No,No,,No,,,No,No,No,LGBTQ groups,,No,,"Grindr and at least two other apps have been blocked in Indonesia since Sep. 15, 2016, and are ongoing into Feb. 2026.",,APAC
Estimated,10/28/2016,United Arab Emirates,"It affected locations in more than one state, province, or region",Nationwide,Shutdown,"Broadband, Mobile",Service-based,Unknown,,Information control,,CSO KIO partners,https://explorer.ooni.org/chart/mat?probe_cc=AE&since=2016-01-01&until=2016-12-31&time_grain=day&axis_x=measurement_start_day&test_name=web_connectivity&domain=www.grindr.com; https://ooni.org/post/2023-jordan-blocks-grindr/#conclusion; https://explorer.ooni.org/chart/mat?probe_cc=AE&since=2023-01-01&until=2024-04-01&time_grain=day&axis_x=measurement_start_day&test_name=web_connectivity&domain=www.grindr.com; https://explorer.ooni.org/chart/mat?probe_cc=AE&since=2024-01-19&until=2025-02-19&time_grain=day&axis_x=measurement_start_day&test_name=web_connectivity&domain=www.grindr.com; https://explorer.ooni.org/chart/mat?probe_cc=AE&since=2025-01-19&until=2026-02-19&time_grain=day&axis_x=measurement_start_day&test_name=web_connectivity&domain=www.grindr.com,Ongoing,,,Unknown,,No,No,,,,No,No,No,No,No,Grindr,No,No,,No,,,No,No,No,LGBTQ groups,,No,,"Grindr has been blocked in the United Arab Emirates since at least Oct. 28, 2016, and the block is ongoing into 2026. The blocking is currently implemented by means of TLS interference.",,MENA
Estimated,2/9/2017,Saudi Arabia,"It affected locations in more than one state, province, or region",Nationwide,Shutdown,"Broadband, Mobile",Service-based,Unknown,,Information control,,CSO KIO partners,https://explorer.ooni.org/chart/mat?probe_cc=SA&since=2017-01-01&until=2017-12-31&time_grain=day&axis_x=measurement_start_day&test_name=web_connectivity&domain=www.grindr.com; https://ooni.org/post/2023-jordan-blocks-grindr/#conclusion; https://explorer.ooni.org/chart/mat?probe_cc=SA&since=2023-01-01&until=2024-04-01&time_grain=day&axis_x=measurement_start_day&test_name=web_connectivity&domain=www.grindr.com; https://explorer.ooni.org/chart/mat?probe_cc=SA&since=2024-01-19&until=2025-02-19&time_grain=day&axis_x=measurement_start_day&test_name=web_connectivity&domain=www.grindr.com; https://explorer.ooni.org/chart/mat?probe_cc=SA&since=2025-01-19&until=2026-02-19&time_grain=day&axis_x=measurement_start_day&test_name=web_connectivity&domain=www.grindr.com,Ongoing,,,Unknown,,No,No,,,,No,No,No,No,No,Grindr,No,No,,No,,,No,No,No,LGBTQ groups,,No,,"Grindr has been blocked in Saudi Arabia since at least Feb. 9, 2017, and the block is ongoing into 2026. The blocking is currently implemented by means of TLS interference.",,MENA
Estimated,5/12/2017,Iran (Islamic Republic of),"It affected locations in more than one state, province, or region",Nationwide,Shutdown,"Broadband, Mobile",Service-based,Unknown,,Information control,,CSO KIO partners,https://explorer.ooni.org/chart/mat?probe_cc=IR&since=2017-01-01&until=2017-12-31&time_grain=day&axis_x=measurement_start_day&test_name=web_connectivity&domain=www.grindr.com; https://ooni.org/post/2023-jordan-blocks-grindr/#conclusion; https://explorer.ooni.org/chart/mat?probe_cc=IR&since=2023-01-01&until=2024-04-01&time_grain=day&axis_x=measurement_start_day&test_name=web_connectivity&domain=www.grindr.com; https://explorer.ooni.org/chart/mat?probe_cc=IR&since=2024-01-19&until=2025-02-19&time_grain=day&axis_x=measurement_start_day&test_name=web_connectivity&domain=www.grindr.com; https://explorer.ooni.org/chart/mat?probe_cc=IR&since=2025-01-19&until=2026-02-19&time_grain=day&axis_x=measurement_start_day&test_name=web_connectivity&domain=www.grindr.com,Ongoing,,,Unknown,,No,,,,,No,No,No,No,No,Grindr,No,No,,No,,,No,No,No,LGBTQ groups,,No,,"Grindr has been blocked in Iran since at least May 12, 2017, and is ongoing into 2026.",,MENA
Actual,5/15/2017,Ukraine,"It affected locations in more than one state, province, or region",Nationwide,Shutdown,"Broadband, Mobile",Service-based,Executive government,,Other,Ukrainian authorities imposed a nationwide blocking of VKontakte and Odnoklassniki in line with the 2014 EU Regulation on restrictive measures (sanctions) against the platforms' owners,News media article,https://www.theguardian.com/world/2017/may/16/ukraine-blocks-popular-russian-websites-kremlin-role-war; https://www.kyivpost.com/post/7880; https://explorer.ooni.org/chart/mat?test_name=web_connectivity&axis_x=measurement_start_day&since=2017-01-01&until=2018-01-01&time_grain=day&probe_cc=UA&domain=vk.com; https://explorer.ooni.org/chart/mat?probe_cc=UA&since=2025-01-01&until=2026-03-09&time_grain=day&axis_x=measurement_start_day&test_name=web_connectivity&domain=vk.com,Ongoing,,,Other,Following sanctions,Yes,,,https://www.theguardian.com/world/2017/may/16/ukraine-blocks-popular-russian-websites-kremlin-role-war; https://www.kyivpost.com/post/7880,,No,No,No,No,No,"VK (VKontakte), Ok.ru (Odnoklassniki)",No,No,,Unknown,,,No,No,No,,,No,,"Authorities in Ukraine blocked VK and Odnoklassniki on May 15, 2017 in accordance with EU sanctions against the platforms' owners following Russia's annexation of Crimea. The blocks are ongoing into 2026.",https://www.accessnow.org/ukraines-internet-ban-fights-fire-fire-still-censorship/,EECA
Actual,5/1/2018,Iran (Islamic Republic of),"It affected locations in more than one state, province, or region",Nationwide,Shutdown,"Broadband, Mobile",Service-based,Executive government,Branch 2 of the Culture and Media Prosecutor's Office,Information control,,CSO KIO partners,https://explorer.ooni.org/findings/273244099200; https://explorer.ooni.org/chart/mat?probe_cc=IR&since=2018-04-01&until=2018-07-01&time_grain=day&axis_x=measurement_start_day&test_name=telegram; https://iranhumanrights.org/2018/04/in-a-desperate-move-to-squash-internet-freedom-iran-blocks-telegram/; https://explorer.ooni.org/chart/mat?test_name=telegram&axis_x=measurement_start_day&since=2025-01-09&until=2025-08-09&time_grain=day&probe_cc=IR,Ongoing,,,National security/ Counter-terrorism,Authorities cited security concerns and the app's use during anti-government protests,Yes,,,https://www.mizanonline.ir/fa/news/416168/%D8%AF%D8%B3%D8%AA%D9%88%D8%B1-%D9%82%D8%B6%D8%A7%DB%8C%DB%8C-%D8%AF%D8%B1-%D8%AE%D8%B5%D9%88%D8%B5-%D9%85%D8%B3%D8%AF%D9%88%D8%AF%D8%B3%D8%A7%D8%B2%DB%8C-%D9%BE%DB%8C%D8%A7%D9%85-%D8%B1%D8%B3%D8%A7%D9%86-%D8%AA%D9%84%DA%AF%D8%B1%D8%A7%D9%85-%D8%B5%D8%A7%D8%AF%D8%B1-%D8%B4%D8%AF,,No,No,No,No,Yes,,No,No,,Unknown,,,No,No,No,,,No,,"Telegram was blocked by Iranian authorities beginning May 1, 2018. The block is ongoing into 2026. Iranian officials had tried unsuccesfully for months to force the company to move its servers to Iran and comply with its censorship policies. The app was also used heavily by protesters in 2017.",,MENA
Actual,5/24/2019,Lebanon,"It affected locations in more than one state, province, or region",Nationwide,Shutdown,"Broadband, Mobile",Service-based,Executive government,Telecommunications Ministry citing an order from the public prosecutor's office,Information control,,CSO KIO partners,https://ooni.org/post/2023-jordan-blocks-grindr/#conclusion; https://explorer.ooni.org/chart/mat?probe_cc=LB&since=2023-01-01&until=2024-04-01&time_grain=day&axis_x=measurement_start_day&test_name=web_connectivity&domain=www.grindr.com; https://www.independent.co.uk/news/world/middle-east/grindr-lebanon-ban-lgbt-rights-dating-app-gay-a8933556.html; https://www.middleeasteye.net/news/activists-slam-lebanons-telecoms-ministry-after-it-bans-grindr-app; https://explorer.ooni.org/chart/mat?probe_cc=LB&since=2024-01-01&until=2024-11-23&time_grain=day&axis_x=measurement_start_day&test_name=web_connectivity&domain=www.grindr.com; https://explorer.ooni.org/chart/mat?probe_cc=LB&since=2024-11-01&until=2026-02-19&time_grain=day&axis_x=measurement_start_day&test_name=web_connectivity&domain=www.grindr.com,Ongoing,,,Unknown,,No,No,,,,No,No,No,No,No,Grindr,No,No,,No,,,No,No,No,LGBTQ groups,,No,,"Grindr has been blocked in Lebanon since May 24, 2019, and the block is ongoing into 2026 according to partners. The blocking is currently implemented by means of TLS interference. The app is functionally unusable without a VPN.",,MENA
Estimated,5/31/2019,Pakistan,"It affected locations in more than one state, province, or region",Nationwide,Shutdown,"Broadband, Mobile",Service-based,Executive government,Pakistan Telecommunications Authority,Information control,,CSO KIO partners,https://explorer.ooni.org/chart/mat?probe_cc=PK&since=2019-01-01&until=2019-12-31&time_grain=day&axis_x=measurement_start_day&test_name=web_connectivity&domain=www.grindr.com; https://ooni.org/post/2023-jordan-blocks-grindr/#conclusion; https://explorer.ooni.org/chart/mat?probe_cc=PK&since=2023-01-01&until=2024-04-01&time_grain=day&axis_x=measurement_start_day&test_name=web_connectivity&domain=www.grindr.com; https://explorer.ooni.org/chart/mat?probe_cc=PK&since=2023-12-01&until=2024-09-26&time_grain=day&axis_x=measurement_start_day&test_name=web_connectivity&domain=www.grindr.com; https://explorer.ooni.org/chart/mat?probe_cc=PK&since=2024-05-20&until=2025-02-20&time_grain=day&axis_x=measurement_start_day&test_name=web_connectivity&domain=www.grindr.com; https://explorer.ooni.org/chart/mat?probe_cc=PK&since=2025-01-27&until=2026-02-27&time_grain=day&axis_x=measurement_start_day&test_name=web_connectivity&domain=www.grindr.com,Ongoing,,,Other,"""...keeping in view the negative effects of immoral/indecent content streaming.""",Yes,No,,https://www.reuters.com/article/idUSKBN25T086/,,No,No,No,No,No,Grindr,No,No,,No,,,No,No,No,LGBTQ groups,,No,,"Grindr has been blocked in Pakistan since at least May 31, 2019, and the block is ongoing into Feb. 2026. There was an order sent by the Pakistani government on Sep. 1, 2020 blocking Grindr and other dating apps, but measurement data shows confirmed blockings since May 2019. The blocking is currently implemented by means of TLS interference.",,APAC
Estimated,1/1/2020,Qatar,"It affected locations in more than one state, province, or region",Nationwide,Shutdown,"Broadband, Mobile",Service-based,Unknown,,Information control,,CSO KIO partners,https://explorer.ooni.org/chart/mat?probe_cc=QA&since=2020-01-01&until=2020-12-31&time_grain=day&axis_x=measurement_start_day&test_name=web_connectivity&domain=www.grindr.com; https://ooni.org/post/2023-jordan-blocks-grindr/#conclusion; https://explorer.ooni.org/chart/mat?probe_cc=QA&since=2023-01-01&until=2024-04-01&time_grain=day&axis_x=measurement_start_day&test_name=web_connectivity&domain=www.grindr.com; https://explorer.ooni.org/chart/mat?probe_cc=QA&since=2024-01-19&until=2025-02-19&time_grain=day&axis_x=measurement_start_day&test_name=web_connectivity&domain=www.grindr.com; https://help.grindr.com/hc/en-us/articles/1500010811581-Censored-countries-regions; https://explorer.ooni.org/chart/mat?probe_cc=QA&since=2025-01-19&until=2026-02-19&time_grain=day&axis_x=measurement_start_day&test_name=web_connectivity&domain=www.grindr.com; https://explorer.ooni.org/chart/mat?test_name=web_connectivity&axis_x=measurement_start_day&since=2025-01-19&until=2026-02-19&time_grain=day&probe_cc=QA&domain=www.grindr.com,Ongoing,,,Unknown,,No,No,,,,No,No,No,No,No,Grindr,No,No,,No,,,No,No,No,LGBTQ groups,,No,,"Grindr has been blocked in Qatar since at least Jan. 1, 2020, and the block is ongoing into 2026. The blocking is currently implemented by means of TLS interference.",,MENA
Actual,6/29/2020,India,"It affected locations in more than one state, province, or region",Nationwide,Shutdown,"Broadband, Mobile",Service-based,Executive government,Ministry of Electronics and Information Technology,Conflict,Clash between Indian and Chinese troops in a disputed region led to the ban of TikTok and 58 other Chinese created apps in India,CSO KIO partners,https://www.nytimes.com/2020/06/29/world/asia/tik-tok-banned-india-china.html; https://explorer.ooni.org/chart/mat?probe_cc=IN&since=2020-03-29&until=2021-03-30&time_grain=day&axis_x=measurement_start_day&test_name=web_connectivity&domain=www.tiktok.com; https://explorer.ooni.org/chart/mat?probe_cc=IN&since=2023-03-29&until=2024-03-30&time_grain=day&axis_x=measurement_start_day&test_name=web_connectivity&domain=www.tiktok.com; https://explorer.ooni.org/chart/mat?probe_cc=IN&since=2024-01-20&until=2025-02-20&time_grain=day&axis_x=measurement_start_day&test_name=web_connectivity&domain=www.tiktok.com%2Cs20.tiktokcdn.com%2Cp77-va.tiktokcdn.com%2Cp77-sign-va.tiktokcdn.com%2Cp77-sign-sg-lite.tiktokcdn.com%2Cp19-sign.tiktokcdn-us.com%2Cp19-sign.tiktokcdn-us.com%2Cmcs-va.tiktok.com%2Clf16-tiktok-web.ttwstatic.com%2Clf16-tiktok-common.ibytedtos.com%2Cm.tiktok.com%2Cwww.tiktok.com; https://explorer.ooni.org/chart/mat?probe_cc=IN&since=2025-01-20&until=2026-02-20&time_grain=day&axis_x=measurement_start_day&test_name=web_connectivity&domain=www.tiktok.com%2Cs20.tiktokcdn.com%2Cp77-va.tiktokcdn.com%2Cp77-sign-va.tiktokcdn.com%2Cp77-sign-sg-lite.tiktokcdn.com%2Cp19-sign.tiktokcdn-us.com%2Cp19-sign.tiktokcdn-us.com%2Cmcs-va.tiktok.com%2Clf16-tiktok-web.ttwstatic.com%2Clf16-tiktok-common.ibytedtos.com%2Cm.tiktok.com%2Cwww.tiktok.com,Ongoing,,,National security/ Counter-terrorism,,Yes,No,"Section 69A of the Information Technology Act, 2000; Information Technology (Procedure and Safeguards for Blocking of Access of Information by Public) Rules 2009 (https://pib.gov.in/PressReleseDetailm.aspx?PRID=1635206&reg=3&lang=1)",https://www.bbc.com/news/technology-53225720,"They said the apps were ""prejudicial to the sovereignty and integrity of India, defence of India, security of state, and public order.""",No,No,No,No,No,"TikTok, WeChat, and 57 other Chinese-made apps",No,No,,Unknown,,,No,Yes,Unknown,,,No,,"TikTok, WeChat, and 57 other Chinese-made apps were banned in India beginning Jun. 29, 2020 with blocks remaining to this day following military clashes between Indian and Chinese troops in disputed territory.",,APAC
Actual,11/4/2020,Ethiopia,"It affected locations in more than one state, province, or region",Tigray,Shutdown,"Broadband, Mobile",Full network,Unknown,,Conflict,Civil war,News media article,"https://youtu.be/uEoa-7J6zpY, https://www.business-humanrights.org/en/latest-news/ethiopia-jakenn-publishing-urges-govt-says-current-internet-shutdown-threats-access-to-information-on-ongoing-conflict-in-tigray-region/, https://twitter.com/accessnow/status/1323964706382643200, https://cpj.org/2021/05/journalists-shutdowns-myanmar-ethiopia-kashmir/",Ongoing,,,Sabotage/ Third-party Action,https://www.youtube.com/watch?v=uEoa-7J6zpY,Yes,No,,,,No,No,No,No,No,,No,No,,Yes,,,No,Yes,Yes,,,No,,"This full shutdown happened at the start of the conflict and the government blamed the Tigray military forces for destruction of infrastructure. Nevertheless, after promises of restoration of services by the National Government, the internet services remain largely inaccessible in Tigray, amid various reports of human rights abuses. As of early 2025, connectivity remains constrained and below pre-war levels across Tigray, with availability, reliability, and speed varying widely across urban and rural areas.",https://www.accessnow.org/two-years-internet-shutdowns-tigray/,Africa
Actual,1/12/2021,Uganda,"It affected locations in more than one state, province, or region",Nationwide,Shutdown,"Broadband, Mobile",Service-based,Executive government,,Elections,,News media article,"https://transparency.fb.com/data/internet-disruptions/country/UG/, https://www.nytimes.com/2021/01/13/world/africa/uganda-facebook-ban-elections.html; https://techjaja.com/govt-lifts-social-media-ban-but-there-is-a-catch/; https://nilepost.co.ug/uncategorized/201292/facebook-ban-in-uganda-continues-as-govt-cites-security-concerns; https://explorer.ooni.org/chart/mat?probe_cc=UG&since=2024-01-19&until=2025-02-19&time_grain=day&axis_x=measurement_start_day&test_name=web_connectivity&domain=www.facebook.com; https://www.newvision.co.ug/category/science/ucc-cautions-individuals-using-vpn-to-access-NV_223871; https://explorer.ooni.org/chart/mat?probe_cc=UG&since=2025-01-27&until=2026-02-27&time_grain=day&axis_x=measurement_start_day&test_name=facebook_messenger",Ongoing,,,Fake news/ Hate speech/ Incendiary content/ Promoting violence,Museveni claimed that Facebook was taking sides during the election.,Yes,Unknown,,,,Yes,Yes,Yes,Yes,Yes,"YouTube, Signal",No,No,,Yes,,,Yes,No,Unknown,,,No,,"Facebook remains blocked through the end of 2023, beginning Jan. 12, 2021 preceding national elections in Uganda. Other platforms were restored in 2021. The blocked remained into 2025 as well, with authorities in 2024 citing continued national security concerns and incitement to violence and unrest as reasoning for the continued ban. The block continued in 2026, including after the full network nationwide shutdown in Jan. 2026.",https://www.accessnow.org/the-world-is-watching-uganda-elections/,Africa
Actual,1/25/2021,Iran (Islamic Republic of),"It affected locations in more than one state, province, or region",Nationwide,Shutdown,"Broadband, Mobile",Service-based,Unknown,,Unknown,,CSO KIO partners,https://explorer.ooni.org/chart/mat?probe_cc=IR&test_name=signal&since=2022-01-31&until=2023-01-31&axis_x=measurement_start_day; https://www.aljazeera.com/news/2021/1/26/iran-blocks-signal-messaging-app-after-whatsapp-exodus; https://explorer.ooni.org/chart/mat?probe_cc=IR&since=2023-01-01&until=2024-01-01&time_grain=day&axis_x=measurement_start_day&test_name=signal; https://explorer.ooni.org/chart/mat?probe_cc=IR&since=2024-01-01&until=2024-11-23&time_grain=day&axis_x=measurement_start_day&test_name=signal; https://explorer.ooni.org/chart/mat?probe_cc=IR&since=2024-01-19&until=2025-02-19&time_grain=day&axis_x=measurement_start_day&test_name=signal; https://explorer.ooni.org/chart/mat?probe_cc=IR&since=2025-01-19&until=2026-02-19&time_grain=day&axis_x=measurement_start_day&test_name=signal,Ongoing,,,Unknown,,No,,,,,No,No,No,No,No,Signal,No,No,,No,,,No,No,No,,,No,,"Signal has been blocked in Iran since Jan. 25, 2021. The block is ongoing into 2026.",,MENA
Actual,3/10/2021,Russian Federation,"It affected locations in more than one state, province, or region",Nationwide,Throttle,"Broadband, Mobile","Full network, Service-based",Executive government,Roskomnadzor,Other,Pressure Twitter to comply with Government take down orders.,News media article,https://rkn.gov.ru/news/rsoc/news73464.htm; https://www.accessnow.org/russia-throttled-twitter/; https://censoredplanet.org/throttling; https://explorer.ooni.org/chart/mat?probe_cc=RU&since=2025-01-27&until=2026-02-27&time_grain=day&axis_x=measurement_start_day&test_name=web_connectivity&domain=twitter.com,Ongoing,,,Illegal content,"Roskomnadzor announced that it would slow down Twitter on “100 percent of mobile services and 50 percent desktop services"" claiming that the social media company did not delete over 3,000 materials the authorities deemed unlawful.",Yes,Yes,,https://rkn.gov.ru/news/rsoc/news73464.htm,,No,Yes,No,No,No,,No,No,,Unknown,,,No,No,No,,,Yes,,"Roskomnadzor announced that it would slow down Twitter on “100 percent of mobile services and 50 percent desktop services"" claiming that the social media company did not delete over 3,000 materials the authorities deemed unlawful. On May 17, Russia announced that it would not block Twitter entirely because the company complied with deleting more than 91% of flagged content.",https://www.accessnow.org/russia-throttled-twitter/,EECA
Actual,3/14/2021,Oman,"It affected locations in more than one state, province, or region",Nationwide,Shutdown,"Broadband, Mobile",Service-based,Executive government,Oman’s Telecommunications Regulatory Authority (TRA),Information control,"Quoting Al Jazeera, ""The chatrooms of Clubhouse, a sort of town square for unfettered discussions of politics and social issues, have provided a window through the censorship. Recent free-flowing exchanges in the region have featured activists from Egypt’s 2011 uprising, feminists in Kuwait, government officials in Libya and even a transgender woman in Saudi Arabia.""",Confidential,https://www.aljazeera.com/economy/2021/3/15/oman-blocks-clubhouse-app-fueling-regional-censorship-fears,Ongoing,,,Other,"Authorities blocked the social media audio chat platform Clubhouse ""on the grounds of not being licensed to operate""",Yes,Unknown,,,,No,No,No,No,No,Clubhouse,No,No,,,,,No,No,No,,,No,,Clubhouse is still blocked across Oman in early 2026.,https://www.accessnow.org/clubhouse/,MENA
Actual,3/15/2021,Jordan,"It affected locations in more than one state, province, or region",Nationwide,Shutdown,"Broadband, Mobile",Service-based,Executive government,Jordanian officials,Protests,,CSO KIO partners,https://jordanopensource.org/blog/78/blocking-clubhouse-in-jordan-a-quick-analysis-of-internet-censorship-methods-in-use; https://jordanopensource.org/blog/74/josa-in-light-of-the-latest-internet-shutdowns-the-right-to-internet-access-without-restrictions-must-be-ensured,Ongoing,,,Unknown,,No,,,,,Yes,No,No,No,No,"Clubhouse, Facebook Live",No,No,"Jordan: Zain, Orange, VTel and DAMAMAX",Unknown,,,No,Yes,Yes,,,No,,"On Mar. 15, 2021, following an anti-lockdown protest, Jordanian officials blocked Clubhouse, an audio-only social media app, on a number of major internet service providers (ISPs). It remained blocked as of early 2024, in addition to multiple VPN servers. It is still blocked in early 2026.",https://www.accessnow.org/jordanprotests/,MENA
Actual,3/16/2021,China,"It affected locations in more than one state, province, or region",Nationwide except for HK SAR,Shutdown,"Broadband, Mobile",Service-based,Executive government,,Information control,,News media article,https://techcrunch.com/2021/03/15/signal-is-down-in-china/?guccounter=1; https://explorer.ooni.org/chart/mat?probe_cc=CN&since=2023-09-20&until=2024-09-21&time_grain=day&axis_x=measurement_start_day&test_name=signal; https://explorer.ooni.org/chart/mat?probe_cc=CN&since=2024-05-20&until=2025-02-20&time_grain=day&axis_x=measurement_start_day&test_name=signal; https://explorer.ooni.org/chart/mat?probe_cc=CN&since=2025-01-27&until=2026-02-27&time_grain=day&axis_x=measurement_start_day&test_name=signal,Ongoing,,,Unknown,,No,,,,,No,No,No,No,No,Signal,No,No,"China Telecom, China Unicom, China Mobile",,,,No,No,No,,,No,,Signal app was shutdown in China after a surge in downloads in February and March 2021. It remains blocked as of Feb. 2026.,,APAC
Actual,8/20/2021,Myanmar,"It affected locations in more than one state, province, or region","Kachin's Hpakant, Sagaing",Shutdown,"Broadband, Mobile",Full network,Military,Military junta,Conflict,,CSO KIO partners,https://www.irrawaddy.com/news/burma/myanmar-junta-cuts-internet-access-in-hpakant.html; https://progressivevoicemyanmar.org/wp-content/uploads/2022/06/Internet-Shutdown-Athan-May-2022-Eng.pdf; https://myanmar-now.org/mm/news/13653; https://t.me/witnessdaily/286479%20https://www.facebook.com/508784185946254/posts/pfbid02mgdifK2uRjVzMArz73qdswYEKxLYAfeqY6D2LiUSgun4cm1MA3iRUDYGYCkgiUZ1l/?mibextid=Nif5oz; https://mpapress.com/သတင်း/50723/; https://www.myitkyinanewsjournal.com/although-the-atom-telenor-phone-line-has-been-restored-in-phakant-it-is-still-difficult-to-communicate/,Ongoing,,,Unknown,,No,,,,,No,No,No,No,No,,Yes,Yes,,,,"Telecom operators said that they did not know why internet services were blocked or when they would resume, according to locals.",No,Unknown,Unknown,,,Unknown,,"Myanmar’s military regime has cut off internet access in Hpakant, Kachin State since Friday, August 20, 2021. Mobile internet services were blocked around 8.30pm on Friday, followed by a shutdown of wifi internet hours later, said residents. On Jan. 4, 2023, service returned on Mytel and Atom SIM cards to townships in Kachin (Hpakant township) and Sagaing (Myemu, Sal Lingyi, Ertao, Ima Pin, Minking, Kant Balu, Katha, Kolin, Butalin, Ye Oo, Depeyin, Khin Oo, Intaw, Kyung Hla townships). However, on Jan. 5, 2023, the internet was cutoff again with no warning. On Oct. 20, 2023, many parts of Sagaing had internet restored with Atom SIM cards, with Taze township using MPT SIM cards. Hpakant, Kachin State was still under a shutdown as of Aug. 6, 2024, according to reports. Atom mobile connections were restored in some areas of Hpakant on Aug. 30.",,APAC
Actual,9/2/2021,Nigeria,"It affected locations in more than one state, province, or region","Kaduna, Katsina, Sokoto, and Zamfara States",Shutdown,Mobile,Full network,Executive government,Nigerian Communications Commission (NCC),Conflict,"The government ordered ISPs to shut down all telecommunications, including phone and internet, in the midst of counter-terrorism operations",News media article,https://www.news24.com/fin24/international/nigeria-cuts-cellphone-network-in-tense-northern-state-20210905; https://humanglemedia.com/birnin-gwari-is-still-offline-three-years-after-nigerias-telecom-shutdown/; https://advocacyassembly.org/documents/30/Muhammed_Bello_Buhari_Nigeria.pdf,Ongoing,,,National security/ Counter-terrorism,,Yes,,,https://www.news24.com/fin24/international/nigeria-cuts-cellphone-network-in-tense-northern-state-20210905,"""One of the biggest hurdles to combating banditry is the issue of informers who use mobile networks to communicate with bandits about the movement of troops.""",No,No,No,No,No,,Yes,Yes,"Nigeria: Airtel (Bharti Airtel), Nigeria: MTN",Unknown,,,No,Yes,Unknown,,,No,,"On Sep. 2, 2021, Nigerian authorities ordered ISPs in four states, Kaduna, Katsina, Sokoto, and Zamfara, to shut down all telecommunications, phone and internet in the midst of counter-terrorism operations. Although access was restored in most states around 12 weeks later, reports indicate that Birnin Gwari, Kaduna State, has remained cutoff since 2021 due to infrastructure damage and the unwillingness of telcos to return to the area.",https://www.accessnow.org/press-release/keepiton-authorities-in-nigeria-must-reconnect-people-in-zamfara-north-now/,Africa
Actual,9/14/2021,Myanmar,"It affected locations in more than one state, province, or region","Sagaing’s Pale, Yinmarbin, Kani, Budalin, Ayadaw,  Taze, and Ye-U townships, Mandalay’s Mogyoke and Myingyan townships, and Magway's Taungdwingyi townships",Shutdown,"Broadband, Mobile",Full network,Military,Military junta,Conflict,Mobile internet and some types of Wi-Fi have been down in several townships.,CSO KIO partners,https://www.myanmar-now.org/en/news/internet-blackout-hits-parts-of-sagaing-and-mandalay-regions; https://www.rfa.org/english/news/myanmar/internet-09162021205144.html; https://progressivevoicemyanmar.org/wp-content/uploads/2022/06/Internet-Shutdown-Athan-May-2022-Eng.pdf; https://myanmar-now.org/mm/news/13653; https://t.me/witnessdaily/286479%20https://www.facebook.com/508784185946254/posts/pfbid02mgdifK2uRjVzMArz73qdswYEKxLYAfeqY6D2LiUSgun4cm1MA3iRUDYGYCkgiUZ1l/?mibextid=Nif5oz,Ongoing,,,Unknown,,No,,,,,No,No,No,No,No,,Unknown,Unknown,"Myanmar: Telenor, Ooredoo, MPT",Unknown,,,No,Yes,Yes,,,Unknown,,"As of Feb. 2022, the shutdowns in Mogok and Myingyan townships in Mandalay region are ongoing. On Jan. 4, 2023, service returned on Mytel and Atom SIM cards to townships in Kachin (Hpakant township) and Sagaing (Myemu, Sal Lingyi, Ertao, Ima Pin, Minking, Kant Balu, Katha, Kolin, Butalin, Ye Oo, Depeyin, Khin Oo, Intaw, Kyung Hla townships). However, on Jan. 5, 2023, the internet was cutoff again with no warning. On Oct. 20, 2023, many parts of Sagaing had internet restored with Atom SIM cards, with Taze township using MPT SIM cards.",,APAC
Actual,9/23/2021,Myanmar,"It affected locations in more than one state, province, or region","Chin state’s Matupi, Tonzang, Paletwa, Falam, Kanpetlet, Thantlang, Tedim, Mindat townships, Magway's Myaing, Gangaw, and Tilin townships",Shutdown,"Broadband, Mobile",Full network,Military,Military junta,Conflict,Deliberate infrastructure attacks or targeted disruptions in an active conflict zone,News media article,https://www.myanmar-now.org/en/news/military-cuts-off-internet-connection-in-11-more-townships-in-northwestern-myanmar; https://www.rfa.org/english/news/myanmar/internet-09242021190423.html; https://www.rfa.org/english/news/myanmar/surge-10042021193211.html; https://www.reuters.com/world/asia-pacific/myanmar-air-strikes-reported-battle-internet-cut-more-areas-2021-09-27/; https://progressivevoicemyanmar.org/wp-content/uploads/2022/06/Internet-Shutdown-Athan-May-2022-Eng.pdf; https://www.facebook.com/100064542350311/posts/pfbid0sFcF87FRh7SnEoef3XczkAifnfVYZpFnQDjNPXKLFqewXekKjxwv5wMhhBt5CWEsl/?mibextid=CDWPTG; https://www.facebook.com/zalen.info/posts/pfbid0QsguCXCnPyHnXdbD38h63znbxfgjwWPUkbp5EvEGKwT5jsnShu5pSkZAuvqc682cl; https://www.facebook.com/rfaburmese/videos/977235016601804/; https://www.rfa.org/english/news/myanmar/magway-torture-deaths-02082024183109.html; https://engagemedia.org/2024/myanmar-digital-coup-quarterly-may-2024-july-2024/; https://athanmyanmar.org/myanmar-communication-blackout-2021-to-present/; https://bur.mizzima.com/2024/06/25/25415; https://voiceofmyanmarnews.com/news/2024/09/08/%E1%80%81%E1%80%BB%E1%80%84%E1%80%BA%E1%80%B8%E1%80%95%E1%80%BC%E1%80%8A%E1%80%BA%E1%80%94%E1%80%9A%E1%80%BA%E1%80%80-%E1%80%99%E1%80%BC%E1%80%AD%E1%80%AF%E1%80%B7-%E1%80%9B%E1%80%BE%E1%80%85%E1%80%BA/; https://www.facebook.com/zalen.info/posts/%E1%80%80%E1%80%9C%E1%80%B1%E1%80%B8%E1%80%99%E1%80%BC%E1%80%AD%E1%80%AF%E1%80%B7%E1%80%94%E1%80%9A%E1%80%BA-%E1%80%A1%E1%80%95%E1%80%AB%E1%80%9D%E1%80%84%E1%80%BA-%E1%80%81%E1%80%BB%E1%80%84%E1%80%BA%E1%80%B8%E1%80%95%E1%80%BC%E1%80%8A%E1%80%BA%E1%80%94%E1%80%9A%E1%80%BA%E1%80%90%E1%80%85%E1%80%BA%E1%80%81%E1%80%AF%E1%80%9C%E1%80%AF%E1%80%B6%E1%80%B8%E1%80%94%E1%80%AE%E1%80%B8%E1%80%95%E1%80%AB%E1%80%B8-%E1%80%96%E1%80%AF%E1%80%94%E1%80%BA%E1%80%B8%E1%80%9C%E1%80%AD%E1%80%AF%E1%80%84%E1%80%BA%E1%80%B8%E1%80%99%E1%80%BB%E1%80%AC%E1%80%B8-%E1%80%96%E1%80%BC%E1%80%90%E1%80%BA%E1%80%90%E1%80%B1%E1%80%AC%E1%80%80%E1%80%BA%E1%80%81%E1%80%B6%E1%80%9B-%E1%80%A7%E1%80%95%E1%80%BC/1006220404942459/,Ongoing,,,Unknown,,No,,,,,No,No,No,No,No,,Unknown,Yes,,,,,No,Yes,Yes,,,No,,"The internet was shutdown with few exceptions throughout all of 2022 in townships across the Chin state and Magway region since Sept. 2021. The shutdown was ongoing as of Apr. 3, 2023 in multiple townships of Chin State. The ongoing shutdown had a disastrous effect during Cyclone Mocha in May 2023, exacerbating the effects of the storm. On Sept. 26, 2023, the internet had been restored in Mindat township, Chin State. On Oct. 4, 2023, the internet had been restored in Tedim township, Chin State. Atrocities against resistance fighters on Nov. 7, 2023 in Myauk Khin Yan, Gantkaw township, Magway region confirmed that the internet was still shut off in that township. Continued fighting on Jun. 15, 2024 confirmed that the internet and phone lines were still cut off in Matupi, Chin State. The internet was confirmed to still be shut down in Myaing township, Magway Region as of Jun. 24, 2024. As of Sep. 8, 2024, internet and phone services were still reported to be disconnected across Chin State except for Haka. The shutdown across Chin State was confirmed again on Apr. 12, 2025.",,APAC
Actual,9/26/2021,Myanmar,"It affected locations in more than one state, province, or region","Sagaing's Pinlebu, Wuntho, Kawlin, Salingyi, Mingin, Kalay townships, Chin's Haka township",Shutdown,Mobile,Full network,Military,Military junta,Conflict,Deliberate infrastructure attacks or targeted disruptions in an active conflict zone,Other,"https://freedomhouse.org/country/myanmar/freedom-net/2021; https://progressivevoicemyanmar.org/wp-content/uploads/2022/06/Internet-Shutdown-Athan-May-2022-Eng.pdf; https://myanmar-now.org/mm/news/13653; https://t.me/witnessdaily/286479%20https://www.facebook.com/508784185946254/posts/pfbid02mgdifK2uRjVzMArz73qdswYEKxLYAfeqY6D2LiUSgun4cm1MA3iRUDYGYCkgiUZ1l/?mibextid=Nif5oz; https://t.me/SggScoutNetwork/50514; https://voiceofmyanmarnews.com/news/2024/09/08/%E1%80%81%E1%80%BB%E1%80%84%E1%80%BA%E1%80%B8%E1%80%95%E1%80%BC%E1%80%8A%E1%80%BA%E1%80%94%E1%80%9A%E1%80%BA%E1%80%80-%E1%80%99%E1%80%BC%E1%80%AD%E1%80%AF%E1%80%B7-%E1%80%9B%E1%80%BE%E1%80%85%E1%80%BA/; https://www.facebook.com/athan.foe.myanmar/posts/pfbid0j2XtvaUhzAStTocvNyXgahM348SNFLtZ6YBEDZpZWqyNX96xhtJNjJuDfhSkiYv7l; https://www.ludunwayoo.com/news-mm/2025/02/25/113014/; https://www.tachileik.net/mm/news/39781; https://www.dvb.no/post/714703; https://engagemedia.org/2025/myanmar-digital-coup-quarterly-may-2025-july-2025/
",Ongoing,,,Unknown,,Unknown,,,,,No,No,No,No,No,,Unknown,Unknown,,Unknown,,,No,Yes,Yes,"Activists, protesters, and Myanmar's People Defense Forces",,No,,"In the Sagaing region, 8 townships have experienced a near-constant blackout since Sep. 26, 2021, with 30 additional townships being shutdown (with only 2G service) since Mar. 4, 2022. On Jan. 4, 2023, service returned on Mytel and Atom SIM cards to townships in Kachin (Hpakant township) and Sagaing (Myemu, Sal Lingyi, Ertao, Ima Pin, Minking, Kant Balu, Katha, Kolin, Butalin, Ye Oo, Depeyin, Khin Oo, Intaw, Kyung Hla townships). However, on Jan. 5, 2023, the internet was cutoff again with no warning. On Oct. 20, 2023, many parts of Sagaing had internet restored with Atom SIM cards, with Taze township using MPT SIM cards. On Jan. 9, 2024, it was reported that service on MPT and Atom was restored in parts of Kalay, Sagaing Region. On Sep. 8, 2024, it was reported the Haka township had internet and cell service on MPT and Atom. Athan reported that as of early Feb. 2025, parts of Upper Sagaing Region (including Myinmu, Salingyi, Ayadaw, Yinmabin, Mingin, and Tabayin) had been experiencing some type of shutdown for three and a half years. In Kathar township, Sagaing Division, Atom service returned in Apr. 2025. In Jul. 2025 in Khampat town, Tamu township, Sagaing Division, the military council partially restored Ooredoo service after two years of a shutdown, but WiFi, MPT, and Atom connections remained cut off.",,APAC
Estimated,10/20/2021,Turkmenistan,"It affected locations in more than one state, province, or region",Nationwide,Shutdown,"Broadband, Mobile",Service-based,Executive government,,Information control,"Originally to control information about COVID-19, but continued as part of an ongoing censorship effort",Confidential,https://explorer.ooni.org/chart/mat?probe_cc=TM&since=2024-01-01&until=2024-11-24&time_grain=day&axis_x=measurement_start_day&test_name=facebook_messenger; https://explorer.ooni.org/chart/mat?probe_cc=TM&since=2024-01-01&until=2024-11-24&time_grain=day&axis_x=measurement_start_day&test_name=signal; https://explorer.ooni.org/chart/mat?probe_cc=TM&since=2025-01-27&until=2026-02-27&time_grain=day&axis_x=measurement_start_day&test_name=signal,Ongoing,,,Unknown,,Yes,Unknown,,,,Yes,Yes,Yes,Yes,Yes,"YouTube, VPN services",No,No,,Unknown,,,No,No,Unknown,,,No,,"Social media blocks are ongoing from late 2021 into early 2025. Also, in April 2022, the authorities blocked most VPN services and subnets of the world's largest hosting providers in the country. The average connection speed dropped to 22.4 KB/s.",https://www.accessnow.org/turkmenistan-internet-shutdowns/,EECA
Estimated,12/3/2021,China,"It affected locations in more than one state, province, or region",Nationwide,Shutdown,"Broadband, Mobile",Service-based,Executive government,,Information control,,CSO KIO partners,https://explorer.ooni.org/chart/mat?probe_cc=CN&since=2021-01-01&until=2021-12-31&time_grain=day&axis_x=measurement_start_day&test_name=web_connectivity&domain=www.grindr.com; https://ooni.org/post/2023-jordan-blocks-grindr/#conclusion; https://explorer.ooni.org/chart/mat?probe_cc=CN&since=2023-01-01&until=2024-04-01&time_grain=day&axis_x=measurement_start_day&test_name=web_connectivity&domain=www.grindr.com; https://explorer.ooni.org/chart/mat?probe_cc=CN&since=2023-09-20&until=2024-09-21&time_grain=day&axis_x=measurement_start_day&test_name=web_connectivity&domain=www.grindr.com; https://www.them.us/story/grindr-removed-china-app-stores-privacy; https://explorer.ooni.org/chart/mat?probe_cc=CN&since=2024-05-20&until=2025-02-20&time_grain=day&axis_x=measurement_start_day&test_name=web_connectivity&domain=www.grindr.com; https://explorer.ooni.org/chart/mat?probe_cc=CN&since=2025-01-27&until=2026-02-27&time_grain=day&axis_x=measurement_start_day&test_name=web_connectivity&domain=www.grindr.com,Ongoing,,,Unknown,,No,No,,,,No,No,No,No,No,Grindr,No,No,,No,,,No,No,No,LGBTQ groups,,No,,"Grindr has been blocked in China since approximately Dec. 3, 2021, and the block is ongoing into Feb. 2026. The app was reportedly removed from Apple and Android app stores in early 2022. The blocking is currently implemented by means of DNS injection.",,APAC
Actual,1/6/2022,Myanmar,"It affected more than one city in the same state, province, or region","Loikaw, Demoso, Bawlakhe, Hpasawng, and Mese townships in Kayah State",Shutdown,Mobile,Full network,Military,Military junta,Conflict,Deliberate infrastructure attacks or targeted disruptions in an active conflict zone,CSO KIO partners,https://progressivevoicemyanmar.org/wp-content/uploads/2022/06/Internet-Shutdown-Athan-May-2022-Eng.pdf,Ongoing,,,Unknown,,No,,,,,No,No,No,No,No,,Unknown,Unknown,,Unknown,,,No,Yes,Yes,,,No,,Mobile internet has been virtually inaccessible for most of 2022 in Kayah State since Jan. 6 for Loikaw and Feb. 1 for at least 4 other townships. The shutdowns are ongoing.,,APAC
Estimated,2/6/2022,Pakistan,"It only affected one city, county, or village","Panjgur, Balochistan",Shutdown,"Broadband, Mobile",Full network,Unknown,,Conflict,Originally due to fighting between the Pakistani army and Baloch separatist troops,News media article,https://www.indianarrative.com/world-news/pakistan-launches-information-war-against-baloch-nationalists-blocks-internet-after-heavy-fighting-in-pak-military-camps-31534.html; https://www.pakistanpressfoundation.org/internet-access-in-panjgur/; https://thebalochistanpost.net/2023/03/protest-against-a-year-long-internet-shutdown-in-panjgur/; https://tribune.com.pk/letter/2254764/panjgur-without-internet; https://www.eurasiareview.com/10032024-balochistan-path-to-harmony-and-prosperty-in-panjgur-district-analysis/; https://tribune.com.pk/letter/2255714/internet-and-panjgur; https://dailyintekhab.pk/archives/506203; https://www.urdunews.com/node/881682; https://thebalochistanpost.net/2024/11/internet-shutdown-expands-to-kech-gwadar-and-khuzdar-following-panjgur/; https://killswitch.pk/?q=node/209; https://www.dawn.com/news/1913567; https://www.dawn.com/news/1971023,Ongoing,,,Unknown,,No,,,,,No,No,No,No,No,,Unknown,Unknown,,Unknown,,,No,Yes,Unknown,,,No,,"The internet was shut down in Panjgur, Balochistan since at least Feb. 2022, and it is ongoing into late 2024 and likely early 2025. The Balochistan Liberation Army (BLA) engaged Pakistan's Frontier Corps (FC) in early Feb. 2022, leading to high military casualties on both sides and the suspension of mobile internet indefinitely for the city. The order was again extended for at least 6 months in May 2025. There were continued reports of a shutdown in Feb. 2026.",,APAC
Estimated,2/11/2022,Oman,"It affected locations in more than one state, province, or region",Nationwide,Shutdown,"Broadband, Mobile",Service-based,Executive government,,Information control,,CSO KIO partners,https://explorer.ooni.org/chart/mat?probe_cc=OM&since=2022-01-01&until=2022-12-31&time_grain=day&axis_x=measurement_start_day&test_name=web_connectivity&domain=www.grindr.com; https://ooni.org/post/2023-jordan-blocks-grindr/#conclusion; https://explorer.ooni.org/chart/mat?probe_cc=OM&since=2024-01-19&until=2025-02-19&time_grain=day&axis_x=measurement_start_day&test_name=web_connectivity&domain=www.grindr.com; https://explorer.ooni.org/chart/mat?probe_cc=OM&since=2025-01-19&until=2026-02-19&time_grain=day&axis_x=measurement_start_day&test_name=web_connectivity&domain=www.grindr.com,Ongoing,,,Unknown,,No,No,,,,No,No,No,No,No,Grindr,No,No,,No,,,No,No,No,LGBTQ groups,,No,,"Grindr has been blocked in Oman since at least Feb. 11, 2022, and the block is ongoing into 2026. The blocking is currently implemented by means of TLS interference.",,MENA
Actual,2/26/2022,Russian Federation,"It affected locations in more than one state, province, or region",Nationwide,"Shutdown, Throttle","Broadband, Mobile",Service-based,Executive government,,Information control,Platform blocks began just as Russia invaded Ukraine,CSO KIO partners,"https://ooni.org/post/2022-russia-blocks-amid-ru-ua-conflict/, https://www.businessinsider.com/what-happens-social-media-and-news-go-dark-in-russia-2022-3, https://www.theverge.com/2022/3/14/22976603/russia-bans-instagram-facebook-meta-call-to-violence, https://explorer.ooni.org/chart/mat?probe_cc=RU&test_name=facebook_messenger&since=2022-01-01&until=2022-12-31&axis_x=measurement_start_day; https://explorer.ooni.org/chart/mat?probe_cc=RU&since=2024-01-19&until=2025-02-19&time_grain=day&axis_x=measurement_start_day&test_name=web_connectivity&domain=twitter.com; https://explorer.ooni.org/chart/mat?probe_cc=RU&since=2024-01-19&until=2025-02-19&time_grain=day&axis_x=measurement_start_day&test_name=web_connectivity&domain=www.facebook.com; https://explorer.ooni.org/chart/mat?probe_cc=RU&since=2024-01-19&until=2025-02-19&time_grain=day&axis_x=measurement_start_day&test_name=web_connectivity&domain=www.instagram.com; https://explorer.ooni.org/chart/mat?probe_cc=RU&since=2025-01-27&until=2026-02-27&time_grain=day&axis_x=measurement_start_day&test_name=facebook_messenger",Ongoing,,,Unknown,,No,,,,,Yes,Yes,No,Yes,No,,No,No,,No,,,No,Yes,Yes,,,No,,"Russia implemented platform blocks started with a centralized throttling of Twitter on Feb. 26 and expanded to ordering ISPs to fully block Facebook, Twitter, and Instagram on Mar. 4. These shutdowns endeavored to suppress dissenting opinions about the invasion of Ukraine. All three platforms were blocked throughout 2024 into 2025 and 2026.",https://www.accessnow.org/digital-rights-ukraine-russia-conflict/,EECA
Actual,5/24/2022,Myanmar,"It affected more than one city in the same state, province, or region","Dawei, Launglong, and Thayetchaung townships, Tanintharyi Region",Shutdown,Mobile,Full network,Military,Military junta,Conflict,Deliberate infrastructure attacks or targeted disruptions in an active conflict zone,CSO KIO partners,https://www.bnionline.net/en/news/mobile-network-and-internet-cut-some-townships-tanintharyi; https://athanmyanmar.org/my-mm/%E1%81%82%E1%81%80%E1%81%82%E1%81%84-%E1%80%81%E1%80%AF%E1%80%94%E1%80%BE%E1%80%85%E1%80%BA%E1%81%8A-%E1%80%96%E1%80%B1%E1%80%96%E1%80%B1%E1%80%AC%E1%80%BA%E1%80%9D%E1%80%AB%E1%80%9B%E1%80%AE%E1%80%9C/,Ongoing,,,Unknown,,No,,,,,No,No,No,No,No,,Unknown,Yes,,Unknown,,,No,Yes,Unknown,,,No,,"Mobile internet and phone lines were disconnected by the junta in multiple townships in Tanintharyi Region starting May 24, 2022 alongside severe fighting. The shutdowns are ongoing as of Mar. 2024.",,APAC
Estimated,6/12/2022,Latvia,"It affected locations in more than one state, province, or region",Nationwide,Shutdown,"Broadband, Mobile",Service-based,Executive government,National Electronic Mass Media Council (NEPLP),Other,VKontakte (VK) and two other platforms were blocked in Latvia in accordance with EU sanctions against the platforms' owners,News media article,https://news.err.ee/1608596623/lsm-latvia-blocks-russian-vkontakte-odnoklassniki-sites; https://eng.lsm.lv/article/features/media-literacy/russian-social-media-networks-vkontakte-odnoklassniki-to-be-blocked-in-latvia.a456465/; https://explorer.ooni.org/chart/mat?test_name=web_connectivity&axis_x=measurement_start_day&since=2022-01-01&until=2022-12-31&time_grain=day&probe_cc=LV&domain=vk.com; https://explorer.ooni.org/chart/mat?probe_cc=LV&since=2023-01-01&until=2023-12-31&time_grain=day&axis_x=measurement_start_day&test_name=web_connectivity&domain=vk.com; https://explorer.ooni.org/chart/mat?probe_cc=LV&since=2024-01-01&until=2024-12-31&time_grain=day&axis_x=measurement_start_day&test_name=web_connectivity&domain=vk.com; https://explorer.ooni.org/chart/mat?probe_cc=LV&since=2025-01-01&until=2025-12-31&time_grain=day&axis_x=measurement_start_day&test_name=web_connectivity&domain=vk.com,Ongoing,,,Other,,Yes,,EU Sanctions,https://eng.lsm.lv/article/features/media-literacy/russian-social-media-networks-vkontakte-odnoklassniki-to-be-blocked-in-latvia.a456465/,"""In accordance with sanctions imposed by the European Union (EU), NEPLP decided to limit the activities of 'VKontakte' (vk.com), 'Odnoklassniki' (ok.ru) and 'Moi mir' (my.mail.ru) in Latvia.""",No,No,No,No,No,"VK (VKontakte), Ok.ru (Odnoklassniki), Moi mir (my.mail.ru)",No,No,,Unknown,,,No,No,No,,,Yes,,"Authorities in Latvia blocked VK, Odnoklassniki, and Moi mir in accordance with EU sanctions against the platforms' owners (Yury Kovalchuk and Vladimir Kiriyenko) following Russia's full-scale invasion of Ukraine in 2022. The NEPLP announced the shutdown order on May 12, 2022, and evidence of anomalies in OONI measurements began appearing Jun. 12. The blocks are ongoing, albeit inconsistently applied across providers over the years. This is Latvia's first recorded shutdown.",,Europe
Actual,9/21/2022,Iran (Islamic Republic of),"It affected locations in more than one state, province, or region",Nationwide,Shutdown,"Broadband, Mobile",Service-based,Unknown,,Protests,Growing protests following the death in police custody of Mahsa Amini,CSO KIO partners,https://ooni.org/post/2022-iran-technical-multistakeholder-report/#blocking-of-whatsapp-instagram-skype-viber-and-linkedin; https://explorer.ooni.org/chart/mat?probe_cc=IR&since=2023-01-01&until=2024-01-01&time_grain=day&axis_x=measurement_start_day&test_name=whatsapp; https://explorer.ooni.org/chart/mat?probe_cc=IR&since=2024-01-01&until=2024-11-24&time_grain=day&axis_x=measurement_start_day&test_name=whatsapp; https://apnews.com/article/iran-social-media-whatsapp-google-d886b47c427f33f96fb85e7c78d0b831; https://explorer.ooni.org/chart/mat?probe_cc=IR&since=2024-01-19&until=2025-02-19&time_grain=day&axis_x=measurement_start_day&test_name=whatsapp; https://explorer.ooni.org/chart/mat?probe_cc=IR&since=2024-01-19&until=2025-02-19&time_grain=day&axis_x=measurement_start_day&test_name=web_connectivity&domain=www.instagram.com; https://explorer.ooni.org/chart/mat?probe_cc=IR&since=2025-01-19&until=2026-02-19&time_grain=day&axis_x=measurement_start_day&test_name=web_connectivity&domain=www.instagram.com,Ongoing,,,Unknown,,No,,,,,No,No,Yes,Yes,No,"Skype, Viber, LinkedIn",No,No,"Iran: MCI (TCI), Iran: MTN Irancell, Iran: Rightel (Tamin Telecom)",No,,,No,Yes,Yes,,,No,,"Starting Sep. 21, WhatsApp and Instagram were blocked by ISPs across the country, with Skype, LinkedIn, and Viber soon to follow. WhatsApp and Google Play were restored in 2024 on Dec. 24, but the rest were ongoing into 2026.",,MENA
Actual,12/16/2022,Jordan,"It affected locations in more than one state, province, or region",Nationwide,Shutdown,"Broadband, Mobile",Service-based,Executive government,,Protests,"Mass protests over fuel prices in Maan led to the death of a senior police officer, prompting the Jordanian authorities to ""temporarily"" ban TikTok",News media article,"https://apnews.com/article/jordan-amman-dfee2613c4f45e12faf5874b0c473628, https://twitter.com/jo_osa/status/1603769860584099840",Ongoing,,,Fake news/ Hate speech/ Incendiary content/ Promoting violence,,Yes,No,,https://apnews.com/article/jordan-amman-dfee2613c4f45e12faf5874b0c473628,The platform was banned “after its misuse and failing to deal with publications inciting violence and disorder.” - Jordan’s Public Security Directorate,No,No,No,No,No,TikTok,No,No,,Unknown,,,No,Yes,Unknown,,,No,,TikTok was banned in Jordan beginning Dec. 16 after a police officer was killed in Maan during massive protests. It remains blocked as of early 2026 according to partners.,,MENA
Actual,3/21/2023,"Tanzania, United Republic of","It affected locations in more than one state, province, or region",Nationwide,Shutdown,"Broadband, Mobile",Service-based,Executive government,,Information control,,CSO KIO partners,https://explorer.ooni.org/findings/203466718601; https://ooni.org/post/2024-tanzania-lgbtiq-censorship-and-other-targeted-blocks/#lgbtiq-social-networks; https://explorer.ooni.org/chart/mat?probe_cc=TZ&since=2025-01-27&until=2026-02-27&time_grain=day&axis_x=measurement_start_day&test_name=web_connectivity&domain=www.grindr.com,Ongoing,,,Unknown,,No,,,,,No,No,No,No,No,"Grindr, Hornet, PlanetRomeo (ROMEO)",No,No,,No,,,No,No,No,LGBTQ groups,,No,,"Grindr was blocked in Tanzania starting Mar. 21. The block is ongoing as of early 2026 according to partners, and includes two other LGBTQ+ dating apps.",,Africa
Estimated,5/1/2023,India,"It affected more than one city in the same state, province, or region",Jammu & Kashmir,Shutdown,"Broadband, Mobile",Service-based,Executive government,"Government of India, Ministry of Electronics and Information Technology",Information control,,CSO KIO partners,https://timesofindia.indiatimes.com/india/government-bans-14-messaging-apps-used-by-jk-terrorists/articleshow/99917838.cms; https://www.moneycontrol.com/technology/delhi-hc-directs-centre-to-furnish-blocking-order-for-briar-messaging-app-article-12808201.html; https://drive.google.com/file/d/13IMaJDEpPtTaBe5RLKN6AFUVYVdSRr2R/view?usp=drive_link; https://indianexpress.com/article/india/national-security-matter-delhi-hc-upholds-order-blocking-briar-app-9441255/,Ongoing,,,National security/ Counter-terrorism,"""Agencies keep track of channels used by Overground workers (OGWs) and terrorists to communicate among themselves. While tracking down one of the communication, agencies found that the mobile application does not have representatives in India and it is difficult to track down activities happening on the app,"" said an official.",Yes,Yes,"Section 69A of the Information Technology Act, 2000",https://risingkashmir.com/centre-blocks-14-apps-in-jammu-and-kashmir-for-spreading-terror,,No,No,No,No,No,"Crypviser, Enigma, Safeswiss, Wickrme, Mediafire, Briar, BChat, Nandbox, Conion, IMO, Element, Second line, Zangi, Threema",No,No,,Unknown,,,No,No,No,,,No,,14 messaging apps were blocked across all of India starting in early May 2023. Later court proceedings confirmed that the blocks were in fact limited to Jammu & Kashmir. The Delhi HC upheld the Briar ban largely because it was limited to J&K.,,APAC
Actual,8/2/2023,Ethiopia,"It affected more than one city in the same state, province, or region",Amhara region,Shutdown,"Broadband, Mobile","Full network, Service-based",Executive government,,Conflict,Escalation of conflict between federal military forces and Amhara Fano fighters,CSO KIO partners,https://ehrc.org/amhara-region-concerning-human-rights-violations-in-the-context-of-the-armed-conflict/; https://twitter.com/CloudflareRadar/status/1696160808407839068; https://twitter.com/CARDEthiopia/status/1687027063046221824?s=20,Ongoing,,,Unknown,,No,,,,,Yes,Yes,Yes,No,No,,Unknown,Unknown,,No,,,No,Yes,Yes,,,No,,"Starting at 18:00 UTC Aug. 2, mobile and broadband internet plus multiple social media platforms were shut down across Amhara, Ethiopia in the midst of escalating conflict between federal and regional militaries. Numerous atrocities and war crimes were documented in the midst of the ongoing shutdown, which is still mostly in place despite some some returns to limited connectivity as of early 2025.",https://www.accessnow.org/press-release/open-statement-internet-shutdown-amhara/; https://twitter.com/accessnow/status/1762387557512290493; https://www.accessnow.org/keepiton-in-conflict-the-human-impact-of-internet-shutdowns-in-amhara-region-ethiopia/,Africa
Actual,8/8/2023,Jordan,"It affected locations in more than one state, province, or region",Nationwide,Shutdown,"Broadband, Mobile",Service-based,Executive government,,Information control,,CSO KIO partners,https://explorer.ooni.org/findings/179818906201; https://ooni.org/post/2023-jordan-blocks-grindr/; https://explorer.ooni.org/chart/mat?probe_cc=JO&since=2025-01-13&until=2026-02-19&time_grain=day&axis_x=measurement_start_day&axis_y=probe_asn&test_name=web_connectivity&domain=www.grindr.com,Ongoing,,,Unknown,,No,,,,,No,No,No,No,No,Grindr,No,No,,No,,,No,No,No,LGBTQ groups,,No,,"Grindr was blocked in Jordan starting Aug. 8. The block is ongoing as of early 2025 according to partners. As of early 2026, the block may have been lifted on at least one ASN in 2025 (AS8376), with partners indicating some people have been able to access it without a VPN. However, anomalies remain on all other networks with aggregated OONI measurements.",,MENA
Actual,8/13/2023,"Tanzania, United Republic of","It affected locations in more than one state, province, or region",Nationwide,Shutdown,"Broadband, Mobile",Service-based,Executive government,,Information control,,CSO KIO partners,https://explorer.ooni.org/findings/185407756401; https://explorer.ooni.org/chart/mat?probe_cc=TZ&since=2023-11-01&until=2024-11-24&time_grain=day&axis_x=measurement_start_day&test_name=web_connectivity&domain=www.clubhouse.com; https://explorer.ooni.org/chart/mat?probe_cc=TZ&since=2024-01-19&until=2025-02-19&time_grain=day&axis_x=measurement_start_day&test_name=web_connectivity&domain=www.clubhouse.com; https://explorer.ooni.org/chart/mat?probe_cc=TZ&since=2025-01-27&until=2026-02-27&time_grain=day&axis_x=measurement_start_day&test_name=web_connectivity&domain=www.clubhouse.com,Ongoing,,,Unknown,,No,,,,,No,No,No,No,No,Clubhouse,No,No,,No,,,No,No,No,,,No,,Clubhouse was blocked in Tanzania starting Aug. 13. The block is ongoing as of early 2026.,,Africa
Actual,10/9/2023,"Palestine, State of","It affected locations in more than one state, province, or region",Gaza Strip,Shutdown,"Broadband, Mobile",Full network,Non-government,Military of the State of Israel,Conflict,"Combination of targeted bombings of network installations, disabling of 2 out of 3 primary mobile communication lines for all of the Gaza Strip, and targeted airstrikes on ISP offices and infrastructure",CSO KIO partners,https://www.aljazeera.com/news/2023/10/9/israel-announces-total-blockade-on-gaza; https://www.ochaopt.org/content/hostilities-gaza-strip-and-israel-flash-update-4; https://twitter.com/muhammadshehad2/status/1711408136806969624; https://twitter.com/SaulStaniforth/status/1711647388241207374; https://www.accessnow.org/publication/palestine-unplugged/#NewStarMax,Ongoing,,,Sabotage/ Third-party Action,,No,,,,,No,No,No,No,No,,Yes,Yes,"Palestine: AjyalFi, Palestine: AlfaNet, Palestine: CityNet, Palestine: DCC, Palestine: DCC Khan Younis, Palestine: DCC North, Palestine: DCC Rafah, Palestine: Fusion, Palestine: JetNet, Palestine: NewStarMax, Palestine: PalWifi, Palestine: SpeedClick, Palestine: TechHub-HiNet",Yes,https://www.facebook.com/HiNet.Gaza/posts/pfbid02YKcy7r9ywaiqLYMZr5KEEWZDPvd3yoPUMKKzzNrFuDnApsMQhST2Q8nQBDuTV5Msl,"On October 9, TechHub-HiNet posted on its Facebook page the following message: “We no longer have anything to offer to ensure the continuity of internet service due to the attacks and destruction our internet servers have suffered, leading to a complete service interruption.”",No,Yes,Yes,,,No,,"An escalation of bombings of the Gaza Strip by the Israeli military included targeted shutdowns of 13 ISPs between the hours of 12:00pm UTC to 4:30pm UTC on Oct. 9. Many of these providers had already dealt with significant network damage and disruptions since Oct. 7, but went fully offline on Oct. 9. This impacted ~411,000 people and ~37.2% of the total market share of ISPs at the time. AjyalFi slowly came back online starting Oct. 20. NewStarMax came back partially online around 12:00pm UTC on Oct. 19 but experienced many shutdowns afterwards. The remaining 11 ISPs are still completely offline as of Dec. 31 (the total becomes 12 with NetStream's shutdown from Oct. 26). See https://accessnow.org/palestine-unplugged for further references, measurement data, and analysis. Update, January 2025: Of the 12 ISPs that were offline at the start of 2024, only 4 (AlfaNet, Netstream, Speedclick, and TechHub-HiNet) came back into service and showed a return of traffic (between June and October, 2024).",https://www.accessnow.org/publication/palestine-unplugged/,MENA
Actual,12/16/2023,Pakistan,"It affected locations in more than one state, province, or region",Nationwide,Shutdown,"Broadband, Mobile",Service-based,Unknown,,Information control,,CSO KIO partners,https://explorer.ooni.org/findings/324516225200; https://explorer.ooni.org/chart/mat?probe_cc=PK&since=2023-10-01&until=2025-10-15&time_grain=day&axis_x=measurement_start_day&test_name=telegram; https://explorer.ooni.org/chart/mat?probe_cc=PK&since=2025-01-01&until=2025-02-01&time_grain=day&axis_x=measurement_start_day&test_name=telegram; https://explorer.ooni.org/chart/mat?probe_cc=PK&since=2025-01-01&until=2026-02-27&time_grain=day&axis_x=measurement_start_day&test_name=telegram,Ongoing,,,Unknown,,No,,,,,No,No,No,No,Yes,,No,No,,No,,,No,No,No,,,No,,"Telegram was blocked in Pakistan beginning Dec. 16, 2023 continuously until late 2025. There are no public orders or government statements available acknowledging this decision. OONI data suggests the block was implemented by means of TLS interference, which is consistent with how other blocks have been implemented in Pakistan. Some ISPs appear to only block Telegram Web (telegram.org) while others also block the mobile app. OONI data also shows that on Jan. 4, 2025 alone, Telegram was unblocked with no explanation along with X and Signal (which were both indefinitely blocked) before showing consistent anomalies across networks the following day. The Telegram blocking was ongoing and active as of Feb. 2026.",,APAC
Actual,2/16/2024,Myanmar,"It affected locations in more than one state, province, or region",Nationwide,Shutdown,"Broadband, Mobile",Service-based,Military,Military junta,Conflict,"The junta blocked WhatsApp, Facebook Messenger, and X",CSO KIO partners,https://explorer.ooni.org/chart/mat?probe_cc=MM&since=2024-01-01&until=2026-02-11&time_grain=day&axis_x=measurement_start_day&test_name=facebook_messenger; https://explorer.ooni.org/chart/mat?probe_cc=MM&since=2024-01-01&until=2026-02-11&time_grain=day&axis_x=measurement_start_day&test_name=whatsapp; https://explorer.ooni.org/chart/mat?probe_cc=MM&since=2024-01-01&until=2026-02-11&time_grain=day&axis_x=measurement_start_day&test_name=web_connectivity&domain=x.com%2Ctwitter.com; https://www.rfa.org/english/news/myanmar/google-signal-blocked-myanmar-07232024151304.html,Ongoing,,,Unknown,,No,,,,,Yes,Yes,Yes,Unknown,Unknown,,No,No,,Unknown,,,No,Unknown,Unknown,,,No,,"The junta blocked WhatsApp, Facebook Messenger, and X in Myanmar beginning by Feb. 16, 2024 according to data from OONI. The blockings are ongoing into early 2026.",,APAC
Actual,2/17/2024,Pakistan,"It affected locations in more than one state, province, or region",Nationwide,Shutdown,"Broadband, Mobile",Service-based,Executive government,Ministry of Interior,Information control,X/Twitter was blocked throughout Pakistan,CSO KIO partners,https://explorer.ooni.org/chart/mat?probe_cc=PK&since=2023-09-24&until=2024-09-25&time_grain=day&axis_x=measurement_start_day&test_name=web_connectivity&domain=twitter.com; https://explorer.ooni.org/search?since=2024-02-17&until=2024-02-18&probe_cc=PK&test_name=web_connectivity&domain=twitter.com&failure=true; https://www.nation.com.pk/19-Mar-2024/information-minister-takes-u-turn-admits-x-twitter-services-suspended-in-pakistan; https://x.com/DRM_News/status/1780529965370405077; https://explorer.ooni.org/chart/mat?probe_cc=PK&since=2024-05-20&until=2025-02-20&time_grain=day&axis_x=measurement_start_day&test_name=web_connectivity&domain=twitter.com; https://x.com/OpenObservatory/status/1920219636513009877#m; https://explorer.ooni.org/findings/255040833200; https://explorer.ooni.org/chart/mat?probe_cc=PK&since=2025-01-01&until=2025-02-01&time_grain=day&axis_x=measurement_start_day&test_name=web_connectivity&domain=twitter.com,Ended,5/7/2025,446,National security/ Counter-terrorism,,Yes,No,,https://www.reuters.com/world/asia-pacific/pakistan-blocked-social-media-platform-x-over-national-security-ministry-says-2024-04-17/,,No,Yes,No,No,No,,No,No,,Unknown,,,No,Unknown,Unknown,,,No,,"X/Twitter was blocked across Pakistan 9 days after the Feb. 8 election on Feb. 17. Initially, on Mar. 13 the Information Minister Atta Tara denied any issues with X, but later, he admitted it was suspended from before they came into power from the election. On Apr. 17, the Sindh High Court directed the Ministry of Interior to rescind its letter to the Pakistan Telecommunication Authority (PTA) to block the platform. However, measurement data shows the block was active nationwide as of Feb. 2025. OONI data also shows that on Jan. 4, 2025 alone, Telegram was unblocked with no explanation along with X and Signal (which were both indefinitely blocked) before showing consistent anomalies across networks the following day. OONI data later suggested that the block ended as of May 7, 2025.",,APAC
Actual,4/6/2024,Myanmar,"It only affected one city, county, or village","Myawaddy township, Kayin State",Shutdown,Mobile,Full network,Military,Military junta,Conflict,Internet and phone lines were cut off by the military council in an area of active conflict,CSO KIO partners,https://athanmyanmar.org/myanmar-communication-blackout-2021-to-present/; https://engagemedia.org/2024/myanmar-digital-coup-quarterly-february-2024-april-2024/; https://www.facebook.com/story.php?story_fbid=782296280664647&id=100066528465996&mibextid=oFDknk&rdid=fzruHsPiwTkiWHbC; https://t.me/MPANews/18021; https://www.rfa.org/burmese/news/myawaddy-phone-line-thailand-06172024114234.html; https://kicnews.org/2025/06/%E1%80%99%E1%80%BC%E1%80%9D%E1%80%90%E1%80%AE%E1%80%90%E1%80%BD%E1%80%84%E1%80%BA-%E1%80%96%E1%80%AF%E1%80%94%E1%80%BA%E1%80%B8%E1%80%9C%E1%80%AD%E1%80%AF%E1%80%84%E1%80%BA%E1%80%B8%E1%80%94%E1%80%BE/; https://engagemedia.org/2025/myanmar-digital-coup-quarterly-may-2025-july-2025/,Ongoing,,,Unknown,,No,,,,,No,No,No,No,No,,Yes,Yes,,Unknown,,,No,Yes,Unknown,,,No,,"Mobile internet and phone services were cut off by the military council in Myawaddy township, Kayin State starting around 11:00 on Apr. 6. The shutdown was active until at least Apr. 9 as residents feared fighting would move into the city. There was further confirmation of the ongoing shutdown into June as people had been trying to get service from Thai cell towers across the border. Residents confirmed on Jun. 21, 2025, that internet and phone lines from junta-controlled networks were still cut off from April 2024. Thai authorities had shut down electricity and internet multiple times since then.",,APAC
Actual,4/17/2024,Malaysia,"It affected locations in more than one state, province, or region",Nationwide,Shutdown,"Broadband, Mobile",Service-based,Executive government,Malaysian Communications & Multimedia Commission,Information control,,CSO KIO partners,https://explorer.ooni.org/findings/44213966401; https://explorer.ooni.org/chart/mat?probe_cc=MY&since=2023-09-20&until=2024-09-21&time_grain=day&axis_x=measurement_start_day&test_name=web_connectivity&domain=www.grindr.com; https://imap.sinarproject.org/news/internet-censorship-update-blocking-of-grindr-com-website; https://explorer.ooni.org/chart/mat?probe_cc=MY&since=2024-01-20&until=2025-02-20&time_grain=day&axis_x=measurement_start_day&test_name=web_connectivity&domain=www.grindr.com; https://explorer.ooni.org/chart/mat?probe_cc=MY&since=2025-01-27&until=2026-02-27&time_grain=day&axis_x=measurement_start_day&test_name=web_connectivity&domain=www.grindr.com,Ongoing,,,Unknown,,No,,,,,No,No,No,No,No,Grindr,No,No,"Malaysia: Celcom, Malaysia: DiGi Telecommunications, Malaysia: Maxis, Malaysia: Telekom Malaysia, Malaysia: Time, Malaysia: U Mobile, Malaysia: YTL Corporation",No,,,No,No,No,LGBTQ groups,,No,,"Grindr was blocked in Malaysia starting on Apr. 17 (2024). Not all networks have applied the block consistently, but it is ongoing into 2025. There was likely a brief period where it was unblocked on most networks between Mar. 28 and May 10 (2025), but otherwise the block is ongoing into Feb. 2026, albeit inconsistently across networks.",,APAC
Actual,4/18/2024,Kyrgyzstan,"It affected locations in more than one state, province, or region",Nationwide,Shutdown,"Broadband, Mobile",Service-based,Executive government,State National Security Committee,Information control,TikTok was blocked in Kyrgyzstan citing concerns over impacts to children's health,CSO KIO partners,https://explorer.ooni.org/findings/154621229001; https://kaktus.media/doc/499556_tiktok_zakryvaut_na_territorii_kyrgyzstana._provayderam_postypilo_pismo.html; https://explorer.ooni.org/chart/mat?probe_cc=KG&since=2024-01-01&until=2025-02-12&time_grain=day&axis_x=measurement_start_day&test_name=web_connectivity&domain=www.tiktok.com%2Cs20.tiktokcdn.com%2Cp77-va.tiktokcdn.com%2Cp77-sign-va.tiktokcdn.com%2Cp77-sign-sg-lite.tiktokcdn.com%2Cp19-sign.tiktokcdn-us.com%2Cp19-sign.tiktokcdn-us.com%2Cmcs-va.tiktok.com%2Clf16-tiktok-web.ttwstatic.com%2Clf16-tiktok-common.ibytedtos.com%2Cm.tiktok.com%2Cwww.tiktok.com; https://explorer.ooni.org/chart/mat?probe_cc=KG&since=2025-01-27&until=2026-02-27&time_grain=day&axis_x=measurement_start_day&test_name=web_connectivity&domain=www.tiktok.com%2Cs20.tiktokcdn.com%2Cp77-va.tiktokcdn.com%2Cp77-sign-va.tiktokcdn.com%2Cp77-sign-sg-lite.tiktokcdn.com%2Cp19-sign.tiktokcdn-us.com%2Cp19-sign.tiktokcdn-us.com%2Cmcs-va.tiktok.com%2Clf16-tiktok-web.ttwstatic.com%2Clf16-tiktok-common.ibytedtos.com%2Cm.tiktok.com%2Cwww.tiktok.com,Ongoing,,,Other,"Impacts to children's health, including their ""intellectual, mental, spiritual and moral development""",Yes,Yes,Article 21-1 of the Law of the Kyrgyz Republic On Communications,https://kaktus.media/doc/499556_tiktok_zakryvaut_na_territorii_kyrgyzstana._provayderam_postypilo_pismo.html,"""This letter states that in the Kyrgyz segment TikTok 'there is no systematic and principled approach to censorship of content', in particular, according to the State Committee for National Security, in the 'children's information space'. In its letter, the committee refers to the Law 'On measures to prevent harm to children's health, their physical, spiritual, moral development.' ... 'In order to prevent harm to the health of children, their intellectual, mental, spiritual and moral development, in accordance with paragraph 8 of the Rules for conducting radio frequency appointments approved by the decree of the Government of the Kyrgyz Republic of September 22, 2023 No501, and on the basis of Article 21-1 of the Law of the Kyrgyz Republic 'On Communications' GKNB asks to restrict access to the TikTok written service in the Kyrgyz Republic - says the letter.""",No,No,No,No,No,TikTok,No,No,"Kyrgyzstan: Alfa (Megacom), Kyrgyzstan: AUCA (American University of Central Asia), Kyrgyzstan: Megaline, Kyrgyzstan: Nurtel, Kyrgyzstan: Saimanet Telecommunications",Unknown,,,No,No,No,,,Yes,,"Following an order originally drafted in Sept. 2023, authorities in Kyrgyzstan implemented a ban of TikTok starting Apr. 18 due to concerns over children's health and moral development. The block was implemented by means of TLS interference and is ongoing into 2026. The Ministry of Culture, the Ministry of Digital Development, State National Security Committee, and the Regulatory and Suspension Service of Communications all played a part in pushing for the ban.",,EECA
Actual,7/14/2024,Myanmar,"It affected locations in more than one state, province, or region",Nationwide,Shutdown,"Broadband, Mobile",Service-based,Military,Military junta,Conflict,The junta banned the use of Signal across the country,CSO KIO partners,https://explorer.ooni.org/chart/mat?probe_cc=MM&since=2024-07-01&until=2024-09-20&time_grain=day&axis_x=measurement_start_day&test_name=signal; https://burma.irrawaddy.com/news/2024/07/20/387392.html; https://engagemedia.org/2024/myanmar-digital-coup-quarterly-may-2024-july-2024/; https://explorer.ooni.org/chart/mat?probe_cc=MM&since=2024-05-20&until=2025-02-20&time_grain=day&axis_x=measurement_start_day&test_name=signal; https://explorer.ooni.org/chart/mat?probe_cc=MM&since=2024-01-05&until=2025-11-05&time_grain=day&axis_x=measurement_start_day&test_name=signal; https://explorer.ooni.org/chart/mat?probe_cc=MM&since=2025-10-01&until=2026-02-27&time_grain=day&axis_x=measurement_start_day&test_name=signal,Ongoing,,,Unknown,,No,,,,,No,No,No,No,No,Signal,No,No,,Unknown,,,No,No,No,,,No,,"Signal was blocked in Myanmar beginning Jul. 14, 2024. The blocking was ongoing as of Feb. 2026.",,APAC
Actual,7/20/2024,Equatorial Guinea,"It affected more than one city in the same state, province, or region",Annobon,Shutdown,Mobile,Full network,Executive government,,Protests,Internet and cell services were cutoff for the island province of Annobon after residents led protests against the government on discrimination and environmental issues,CSO KIO partners,https://x.com/HRF/status/1815829086549250148; https://www.laplata1.com/2024-07-20/dejaron-aislados-del-mundo-a-los-habitantes-de-la-republica-de-annobon-el-regimen-corto-la-cobertura-telefonica-e-internet-105940/; https://pulse.internetsociety.org/shutdowns/internet-suspended-in-annobon-equatorial-guinea-august-2024; https://monitor.civicus.org/explore/hrds-arbitrarily-arrested-prosecuted-internet-shutdown-in-annobon-province/; https://ambolegadu.com/en/obiang-versus-elon-musk-restringen-starlink-de-guinea-ecuatorial/,Ongoing,,,Unknown,,No,,,,,No,No,No,No,No,Starlink,Yes,Yes,Equatorial Guinea: GITGE,Unknown,,,No,Yes,Yes,,,No,,"The internet was shutdown for the province of Annobon, Equatorial Guinea beginning around 15:00 (UTC+0) on Jul. 20 to quell protests and prevent information from leaving the island. There were reports of widespread arrests and security forces shooting into crowds of protestors. Starlink was technically banned as well per the shutdown order. The shutdown was ongoing into early 2026.",https://www.accessnow.org/press-release/keepiton-equatorial-guinea-authorities-end-internet-shutdown-in-annobon/,Africa
Actual,7/21/2024,Myanmar,"It affected more than one city in the same state, province, or region",Kachin State,Shutdown,"Broadband, Mobile",Full network,Military,Military junta,Conflict,Internet and phone lines were cut off by the military council in an area of active conflict,CSO KIO partners,"https://engagemedia.org/2024/myanmar-digital-coup-quarterly-may-2024-july-2024/; https://www.rfa.org/burmese/program_2/phone-internet-cut-off-kachin-07222024080819.html; https://burmese.kachinnews.com/2024/08/20/zm2-27/; https://www.bnionline.net/mm/news-106405; https://engagemedia.org/2024/myanmar-digital-coup-quarterly-august-2024-october-2024/; https://www.dvb.no/post/671580; https://www.bnionline.net/mm/news-107385; https://www.facebook.com/story.php?story_fbid=897164979277838&id=100069530328978&rdid=gcWnOwIq5RgTVQdb; https://engagemedia.org/2025/myanmar-digital-coup-quarterly-november-2024-january-2025/; https://www.myitkyinanewsjournal.com/phone-and-internet-outages-in-kachin-state-have-been-ongoing-for-6-months/; https://burmese.kachinnews.com/2025/01/06/zm1-224/; https://www.myitkyinanewsjournal.com/although-phone-lines-have-been-restored-in-tanai-city-it-is-still-difficult-to-make-calls/; https://www.dvb.no/post/689654; https://burmese.kachinnews.com/2025/06/17/am1-271/; https://burmese.kachinnews.com/2025/06/25/zz1-252/; https://www.facebook.com/athan.foe.myanmar/posts/%E1%80%86%E1%80%80%E1%80%BA%E1%80%9E%E1%80%BD%E1%80%9A%E1%80%BA%E1%80%9B%E1%80%B1%E1%80%B8%E1%80%9C%E1%80%AD%E1%80%AF%E1%80%84%E1%80%BA%E1%80%B8-%E1%80%96%E1%80%BC%E1%80%90%E1%80%BA%E1%80%90%E1%80%B1%E1%80%AC%E1%80%80%E1%80%BA%E1%80%81%E1%80%B6%E1%80%91%E1%80%AC%E1%80%B8%E1%80%9E%E1%80%8A%E1%80%BA%E1%80%B7-%E1%80%9E%E1%80%AF%E1%80%B6%E1%80%B8%E1%80%9B%E1%80%AC%E1%80%81%E1%80%BC%E1%80%B1%E1%80%AC%E1%80%80%E1%80%BA%E1%80%86%E1%80%9A%E1%80%BA%E1%80%B7%E1%80%84%E1%80%AB%E1%80%B8%E1%80%9B%E1%80%80%E1%80%BA-%E1%80%80%E1%80%81%E1%80%BB%E1%80%84%E1%80%BA%E1%80%95%E1%80%BC%E1%80%8A%E1%80%BA%E1%80%94%E1%80%9A%E1%80%BA-%E1%80%80%E1%80%81%E1%80%BB%E1%80%84%E1%80%BA%E1%80%95%E1%80%BC%E1%80%8A/1047760937525724/; https://burmese.kachinnews.com/2025/09/09/zz1-284/; https://www.facebook.com/myitkyinanewsjournal.mm/photos/%E1%80%80%E1%80%81%E1%80%BB%E1%80%84%E1%80%BA%E1%80%99%E1%80%BE%E1%80%AC-%E1%80%96%E1%80%AF%E1%80%94%E1%80%BA%E1%80%B8%E1%80%94%E1%80%B2%E1%80%B7%E1%80%A1%E1%80%84%E1%80%BA%E1%80%90%E1%80%AC%E1%80%94%E1%80%80%E1%80%BA-%E1%80%95%E1%80%BC%E1%80%90%E1%80%BA%E1%80%90%E1%80%B1%E1%80%AC%E1%80%80%E1%80%BA%E1%80%94%E1%80%B1%E1%80%90%E1%80%AC-%E1%81%81%E1%81%85-%E1%80%9C%E1%80%9B%E1%80%BE%E1%80%AD%E1%80%95%E1%80%BC%E1%80%AE-%E1%80%A1%E1%80%B1%E1%80%AC%E1%80%80%E1%80%BA%E1%80%90%E1%80%AD%E1%80%AF%E1%80%98%E1%80%AC%E1%81%82%E1%81%81%E1%80%80%E1%80%81%E1%80%BB%E1%80%84%E1%80%BA%E1%80%95%E1%80%BC%E1%80%8A%E1%80%BA%E1%80%94%E1%80%9A%E1%80%BA%E1%80%9B%E1%80%B2%E1%80%B7%E1%80%99%E1%80%BC/847526584621003/; https://burmese.kachinnews.com/2025/10/28/zz2-69/; https://www.facebook.com/watch/?v=832030659798095
",Ongoing,,,Unknown,,No,,,,,No,No,No,No,No,,Yes,Yes,"Myanmar: Atom, Myanmar: MPT, Myanmar: Mytel, Myanmar: Ooredoo",Unknown,,,No,Yes,Unknown,,,No,,"Internet services and phone lines were cut off by the military council across all 18 townships of Kachin State at 10:00am local time on Jul. 21. People resorted to using Chinese providers by the border when possible, or Starlink if they had it available in their area. By Aug. 20, some mobile connections started to be restored in parts of Kachin. Myitkyina was still cutoff as of Sep. 13 as locals tried to connect with IP Star and Starlink. However, the regime was inspecting local businesses for satellite connection nodes and making arrests in the process. The shutdown was still prevalent across Kachin State as of Oct. 3 and Nov. 18. Connections were restored on Mytel in Bhamo around 4:00pm (local time) on Dec. 2. Myitkyina regained partial access to MPT service by Jan. 6, 2025, and some other townships (like Danai City) had MPT, Ooredoo, and Atom service in certain neighborhoods, but most of Kachin State had been undergoing a shutdown for 6 months as of Jan. 21, 2025 as fighting was ongoing between the Kachin Independence Army (KIA) and junta. By Jun. 17, 2025, Mytel mobile service returned to Myitkyina. As of Jun. 25, 2025, the following townships had service available: Myitkyina (Mytel, Atom), Hpakant (MPT), Puta-O (Ooredoo, Atom), Khaung Lan Phu (MEC), and Naungmon town had some MPT, with the rest Kachin state offline. The state reached one-year of a shutdown on Jul. 21, 2025. Mohnyin had Mytel mobile service return on Sep. 9, 2025. The state reached 15 months of a shutdown on Oct. 21, 2025. Puta-O had Mytel service return by Oct. 28, 2025. The state reached 16 months of a shutdown by late Nov. 2025.",,APAC
Actual,8/8/2024,Venezuela (Bolivarian Republic of),"It affected locations in more than one state, province, or region",Nationwide,Shutdown,"Broadband, Mobile",Service-based,Executive government,President Nicolás Maduro,Protests,Violent post-election protests in Venezuela were met with a massive number of media outlets being blocked as well as multiple social media and messaging platforms,CSO KIO partners,https://vesinfiltro.org/noticias/2025-08-08-x-signal/; https://x.com/vesinfiltro/status/1821996420154671442?s=46; https://x.com/vesinfiltro/status/1821780041652388295; https://x.com/vesinfiltro/status/1822017938087408020; https://x.com/gbastidas/status/1821690103846056064?s=46; https://x.com/vesinfiltro/status/1821658243610890508?s=46; https://x.com/OpenObservatory/status/1828028323269611553; https://explorer.ooni.org/chart/mat?test_name=signal&axis_x=measurement_start_day&since=2024-07-27&until=2024-08-27&time_grain=day&probe_cc=VE; https://x.com/espaciopublico/status/1820255786938908967?s=46; https://explorer.ooni.org/chart/mat?probe_cc=VE&since=2024-07-27&until=2025-02-12&time_grain=day&axis_x=measurement_start_day&test_name=signal; https://explorer.ooni.org/chart/mat?probe_cc=VE&since=2024-07-27&until=2025-02-12&time_grain=day&axis_x=measurement_start_day&test_name=web_connectivity&domain=twitter.com; https://www.hrw.org/news/2024/09/04/venezuela-brutal-crackdown-protesters-voters; https://explorer.ooni.org/chart/mat?probe_cc=VE&since=2024-08-01&until=2025-12-17&time_grain=day&axis_x=measurement_start_day&test_name=signal; https://explorer.ooni.org/chart/mat?probe_cc=VE&since=2024-08-01&until=2025-12-17&time_grain=day&axis_x=measurement_start_day&test_name=web_connectivity&domain=x.com%2Ctwitter.com; https://explorer.ooni.org/chart/mat?probe_cc=VE&since=2025-06-27&until=2026-02-27&time_grain=day&axis_x=measurement_start_day&test_name=signal; https://explorer.ooni.org/chart/mat?probe_cc=VE&since=2025-06-27&until=2026-02-27&time_grain=day&axis_x=measurement_start_day&test_name=web_connectivity&domain=twitter.com,Ongoing,,,Fake news/ Hate speech/ Incendiary content/ Promoting violence,"On Sunday, August 5, Nicolás Maduro expressed his intention to regulate or block TikTok, Instagram and X in Venezuela, accusing these apps of ""being the main instruments"" to increase ""hatred and fascism.""",Yes,No,,https://x.com/espaciopublico/status/1820255786938908967?s=46,,No,Yes,No,No,No,"Signal, Reddit, Microsoft Teams",No,No,,No,,,Yes,Yes,Yes,,,Yes,,"Signal, X, Reddit, and Microsoft Teams were blocked in Venezuela starting Aug. 8 to crack down on dissent during post-election protests. These blocks were ongoing into 2025. During the blockings, authorities in Venezuela committed widespread human rights violations through deadly force against protestors, scores of arrests and disappearances, and an array of technology-enabled political violence. The results of the elections were widely considered fraudelent on the international stage. The blocks were ongoing into 2026.",https://www.accessnow.org/press-release/open-letter-technology-enabled-political-violence-venezuela/,LAC
Actual,8/9/2024,Russian Federation,"It affected locations in more than one state, province, or region",Nationwide,Shutdown,"Broadband, Mobile",Service-based,Executive government,Roskomnadzor,Information control,Signal was blocked in Russia,CSO KIO partners,https://x.com/OpenObservatory/status/1828028326205653462; https://explorer.ooni.org/chart/mat?probe_cc=RU&since=2024-07-27&until=2025-02-19&time_grain=day&axis_x=measurement_start_day&test_name=signal; https://timeline-ru.net/timeline; https://www.reuters.com/technology/russian-users-report-glitches-with-secure-messenger-app-signal-2024-08-09/; https://www.svoboda.org/a/roskomnadzor-obyavil-o-blokirovke-v-rossii-messendzhera-signal/33072598.html; https://explorer.ooni.org/chart/mat?probe_cc=RU&since=2025-01-27&until=2026-02-27&time_grain=day&axis_x=measurement_start_day&test_name=signal,Ongoing,,,Unknown,,No,,,,,No,No,No,No,No,Signal,No,No,,No,,,No,No,No,,,No,,Signal was blocked across Russia beginning Aug. 9. The block was ongoing into 2026.,,EECA
Estimated,8/26/2024,Pakistan,"It affected locations in more than one state, province, or region",Nationwide,Shutdown,Mobile,Service-based,Unknown,,Information control,Signal was blocked on a few mobile networks across Pakistan,CSO KIO partners,https://explorer.ooni.org/chart/mat?probe_cc=PK&since=2024-07-27&until=2024-09-26&time_grain=day&axis_x=measurement_start_day&test_name=signal; https://explorer.ooni.org/m/20240825211415.244828_PK_signal_3742ced7c0c95471; https://killswitch.pk/?q=2024; https://x.com/OpenObservatory/status/1828028326205653462; https://explorer.ooni.org/chart/mat?test_name=signal&axis_x=measurement_start_day&since=2024-01-19&until=2025-02-19&time_grain=day&probe_cc=PK; https://explorer.ooni.org/chart/mat?probe_cc=PK&since=2025-01-01&until=2025-02-01&time_grain=day&axis_x=measurement_start_day&test_name=signal,Ongoing,,,Unknown,,No,,,,,No,No,No,No,No,Signal,No,No,"Pakistan: Jazz, Pakistan: Ufone, Pakistan: Zong",Unknown,,,No,No,No,,,No,,"Signal was blocked on select mobile carriers in Pakistan starting around Aug. 26, 2024. On Nov. 6, it seems to have been applied across all providers measured by OONI. OONI data also shows that on Jan. 4, 2025 alone, Telegram was unblocked with no explanation along with X and Signal (which were both indefinitely blocked) before showing consistent anomalies across networks the following day. The Signal blocking was ongoing and active as of Feb. 2026.",,APAC
Actual,8/30/2024,"Tanzania, United Republic of","It affected locations in more than one state, province, or region",Nationwide,Shutdown,"Broadband, Mobile",Service-based,Executive government,,Political instability,"X (formerly Twitter), Telegram, and Briar were blocked across major ISPs in Tanzania in response to alleged opposition party plans to free political prisoners from a jail",CSO KIO partners,https://explorer.ooni.org/findings/188763810301; https://paradigmhq.org/press-release-net-rights-coalition-calls-on-tanzania-to-stop-restricting-access-to-x-former-twitter/; https://x.com/tanpol/status/1829436930053833118; https://thechanzo.com/2024/06/11/political-heat-on-x-twitter-forces-ruling-party-supporters-to-call-for-app-ban-in-tanzania-citing-pornography/; https://www.digest.tz/igtwg-condemns-x-platform-restriction-tanzanias-renewed-censorship-amid-political-tensions/; https://zainafoundationtz.org/wp-content/uploads/2024/09/TZReport-on-Internet-Shutdown-Incident-Twitter.pdf; https://explorer.ooni.org/chart/mat?probe_cc=TZ&since=2024-08-01&until=2025-12-12&time_grain=day&axis_x=measurement_start_day&test_name=telegram; https://explorer.ooni.org/chart/mat?probe_cc=TZ&since=2024-09-01&until=2025-12-14&time_grain=day&axis_x=measurement_start_day&test_name=web_connectivity&domain=briarproject.org; https://explorer.ooni.org/chart/mat?probe_cc=TZ&since=2025-01-27&until=2026-02-27&time_grain=day&axis_x=measurement_start_day&test_name=telegram,Ongoing,,,Unknown,,No,,,,,No,Yes,No,No,Yes,Briar,No,No,"Tanzania: Airtel (Bharti Airtel), Tanzania: Habari, Tanzania: Tigo (Millicom), Tanzania: Vodacom",Unknown,,,No,Unknown,No,,,No,,"X was blocked on major ISPs in Tanzania on Aug. 30 in the midst of online campaigning from the opposition party and criticism of the ruling party's human right abuses. The platform was blocked by means of TLS interference. Evidence was uncovered later in 2025 that on the same day X was blocked (Aug. 30, 2024), Telegram was also blocked. However, even though access to X returned the same day, Telegram remained blocked indefinitely across multiple networks with uneven implementation nationally through 2024. By early Jun. 2025, Telegram was blocked on virtually all major ISPs through at least Dec. 2025. Additionally, the messaging app Briar, as evident by anomalies in OONI data on 'briarproject.org', was also likely blocked starting Sep. 4, 2024 until at least Dec. 2025, becoming more inaccessible across more ISPs over time. The Telegram block was ongoing as of Feb. 2026.",https://www.accessnow.org/press-release/civil-society-asks-who-blocked-x-tanzania/,Africa
Actual,10/8/2024,Turkey,"It affected locations in more than one state, province, or region",Nationwide,Shutdown,"Broadband, Mobile",Service-based,Judiciary,Ankara's 1st Penal Court of Peace following directives from the Ankara Chief Public Prosecutor's Office,Information control,Discord was banned in Turkey based on the spread of illegal content on the platform,CSO KIO partners,https://x.com/OpenObservatory/status/1843815747094753847; https://bianet.org/haber/turkey-bans-discord-after-revelations-of-incel-cyberbullying-child-exploitation-300552; https://www.dw.com/en/turkey-blocks-discord-messaging-platform/a-70445259; https://explorer.ooni.org/chart/mat?probe_cc=TR&since=2024-08-08&until=2026-02-13&time_grain=day&axis_x=measurement_start_day&test_name=web_connectivity&domain=discord.com,Ongoing,,,Illegal content,Concerns over child sexual abuse and obscenity on the platform led to the ban,Yes,,,,"""A decision has been made to remove all publications from content and block access from Turkey to the specified URLs due to sufficient suspicion of the crimes of 'child sexual abuse and obscenity,'"" [Turkish Justice Minister Yilmaz Tunc] said on his X account. Tunc insisted that the decision has been made to protect children. ""We are determined to protect our youth and children, the guarantee of our future, from harmful and illegal content on social media and the internet,"" Tunc added.",No,No,No,No,No,Discord,No,No,"Turkey: Goknet, Turkey: Millenicom, Turkey: Superonline, Turkey: Turkcell, Turkey: TurkNet, Turkey: TurkSat, Turkey: Turk Telecom (Oger Telecom)",Unknown,,,No,Yes,No,,,No,,"Authorities in Turkey banned Discord effective Oct. 8, 2024 following public outrage over incel groups which were using the platform to praise femicides and producing and sharing content related to animal torture and child abuse. Russian authorities blocked the platform on the same day. The block is ongoing into 2026. The Information and Communications Technologies Authority confirmed the ban.",,MENA
Actual,10/8/2024,Russian Federation,"It affected locations in more than one state, province, or region",Nationwide,Shutdown,"Broadband, Mobile",Service-based,Executive government,Roskomnadzor,Information control,Discord was blocked in Russia,CSO KIO partners,https://meduza.io/feature/2024/09/27/rkn-gotovitsya-zablokirovat-discord-etot-messendzher-sozdavali-dlya-geymerov-no-im-polzuyutya-dazhe-uchastniki-voyny-v-ukraine; https://x.com/OpenObservatory/status/1843815747094753847; https://explorer.ooni.org/chart/mat?probe_cc=RU&since=2024-09-01&until=2025-02-19&time_grain=day&axis_x=measurement_start_day&test_name=web_connectivity&domain=discord.com; https://timeline-ru.net/timeline; https://explorer.ooni.org/chart/mat?probe_cc=RU&since=2025-01-27&until=2026-02-27&time_grain=day&axis_x=measurement_start_day&test_name=web_connectivity&domain=discord.com,Ongoing,,,Unknown,,No,,,,,No,No,No,No,No,Discord,No,No,,No,,,No,No,No,,,No,,Discord was blocked across Russia beginning Oct. 8. This was the same day Turkish authorities blocked Discord. The block was ongoing into 2026.,,EECA
Actual,11/16/2024,Myanmar,"It affected more than one city in the same state, province, or region",Rakhine State,Shutdown,Mobile,Full network,Unknown,,Conflict,Internet and phone lines were cut off in an area of active conflict,CSO KIO partners,"https://t.me/TheWesternNews/16112; https://burmese.narinjara.com/news/detail/682aef07c8875ede02973750; https://burmese.narinjara.com/news/detail/68b83360e33bea7df628c0c7; https://engagemedia.org/2025/myanmar-digital-coup-quarterly-august-2025-october-2025/; https://burmese.narinjara.com/news/detail/68c90eee8e07c5a80bf07693; https://www.facebook.com/westernnewsagency/posts/-%E1%80%99%E1%80%AC%E1%80%94%E1%80%BA%E1%80%A1%E1%80%B1%E1%80%AC%E1%80%84%E1%80%BA%E1%80%99%E1%80%BC%E1%80%AD%E1%80%AF%E1%80%B7%E1%80%94%E1%80%9A%E1%80%BA%E1%80%90%E1%80%BD%E1%80%84%E1%80%BA-mpt-%E1%80%96%E1%80%AF%E1%80%94%E1%80%BA%E1%80%B8%E1%80%9C%E1%80%AD%E1%80%AF%E1%80%84%E1%80%BA%E1%80%B8-%E1%80%95%E1%80%BC%E1%80%94%E1%80%BA%E1%80%90%E1%80%95%E1%80%BA%E1%80%86%E1%80%84%E1%80%BA%E1%80%95%E1%80%B1%E1%80%B8%E1%80%99%E1%80%8A%E1%80%BA%E1%80%9F%E1%80%AF-%E1%80%9B%E1%80%81%E1%80%AD%E1%80%AF%E1%80%84%E1%80%BA%E1%80%85%E1%80%85%E1%80%BA%E1%80%80%E1%80%B1%E1%80%AC%E1%80%84%E1%80%BA%E1%80%85%E1%80%AE%E1%80%95%E1%80%BC%E1%80%B1%E1%80%AC-w/1286510340155056/; https://t.me/TheWesternNews/22995
",Ongoing,,,Unknown,,Yes,,,"https://www.facebook.com/westernnewsagency/posts/-%E1%80%99%E1%80%AC%E1%80%94%E1%80%BA%E1%80%A1%E1%80%B1%E1%80%AC%E1%80%84%E1%80%BA%E1%80%99%E1%80%BC%E1%80%AD%E1%80%AF%E1%80%B7%E1%80%94%E1%80%9A%E1%80%BA%E1%80%90%E1%80%BD%E1%80%84%E1%80%BA-mpt-%E1%80%96%E1%80%AF%E1%80%94%E1%80%BA%E1%80%B8%E1%80%9C%E1%80%AD%E1%80%AF%E1%80%84%E1%80%BA%E1%80%B8-%E1%80%95%E1%80%BC%E1%80%94%E1%80%BA%E1%80%90%E1%80%95%E1%80%BA%E1%80%86%E1%80%84%E1%80%BA%E1%80%95%E1%80%B1%E1%80%B8%E1%80%99%E1%80%8A%E1%80%BA%E1%80%9F%E1%80%AF-%E1%80%9B%E1%80%81%E1%80%AD%E1%80%AF%E1%80%84%E1%80%BA%E1%80%85%E1%80%85%E1%80%BA%E1%80%80%E1%80%B1%E1%80%AC%E1%80%84%E1%80%BA%E1%80%85%E1%80%AE%E1%80%95%E1%80%BC%E1%80%B1%E1%80%AC-w/1286510340155056/
",,No,No,No,No,No,,Yes,Yes,"Myanmar: MPT, Myanmar: Mytel",Unknown,,,No,Yes,Unknown,,,No,,"Internet service and phone lines were cut off for almost all of Rakhine State since the evening of Nov. 16 until at least Dec. 4. According to a local source, a heavy weapon hit an MPT tower in the An-Padan area where fighting between the Arakan Army and military council was ongoing. As a result, it is unclear who directly caused the shutdown. Reports in May and Sep. 2025 indicated that the shutdown in junta-controlled areas of Rakhine State was ongoing from late 2024 well into 2025, with only brief periods of connectivity returning in Sittwe on Mytel in Aug. 2025 before being cut off again with no explanation. MPT was also restored in Sept. 2025 in some parts of Sittwe. A spokesperson for the State Security and Peace Commission (SSPC) - i.e. the military council - said in Oct. 2025 that MPT would be restored in Manaung.",,APAC
Estimated,12/13/2024,Russian Federation,"It affected locations in more than one state, province, or region",Nationwide,Shutdown,"Broadband, Mobile",Service-based,Executive government,Roskomnadzor,Information control,Viber was blocked in Russia,CSO KIO partners,https://economictimes.indiatimes.com/tech/technology/russian-watchdog-blocks-viber-messaging-app/articleshow/116307970.cms?from=mdr; https://timeline-ru.net/timeline; https://explorer.ooni.org/chart/mat?probe_cc=RU&since=2024-01-01&until=2025-02-19&time_grain=day&axis_x=measurement_start_day&test_name=web_connectivity&domain=viber.com; https://www.thebarentsobserver.com/news/banned-and-blocked-russia-says-goodbye-to-messaging-apps/441875,Ongoing,,,National security/ Counter-terrorism,,Yes,,,https://economictimes.indiatimes.com/tech/technology/russian-watchdog-blocks-viber-messaging-app/articleshow/116307970.cms?from=mdr,"""Russia's communications watchdog Roskomnadzor in a statement said the block was related to a violation of rules concerning the prevention of terrorism, extremism, and drug dealing.""",No,No,No,No,No,Viber,No,No,,No,,,No,No,No,,,No,,Viber was blocked across Russia starting in December. The block was ongoing into 2026.,,EECA
Actual,12/15/2024,Russian Federation,"It affected locations in more than one state, province, or region",Nearly every region,Shutdown,"Broadband, Mobile",Service-based,Executive government,Roskomnadzor,Information control,YouTube was blocked again beginning in Dec. 2024,CSO KIO partners,https://meduza.io/news/2024/12/23/trafik-youtube-v-rossii-upal-do-20-servis-de-fakto-zablokirovan; https://www.rferl.org/a/youtube-practically-blocked-in-russia-expert-says/33251568.html; https://transparencyreport.google.com/traffic/overview?fraction_traffic=start:1704067200000;end:1739923199999;product:21;region:RU&lu=fraction_traffic&hl=en; https://timeline-ru.net/timeline; https://transparencyreport.google.com/traffic/overview?fraction_traffic=start:1733011200000;end:1771459199999;product:21;region:RU&lu=fraction_traffic&hl=en,Ongoing,,,Unknown,,No,,,,,No,No,No,No,No,YouTube,No,No,,No,,,No,No,No,,,No,,YouTube was blocked across nearly every region of Russia starting Dec. 15 after briefly returning in November. The block was ongoing into 2026.,,EECA
Actual,12/20/2024,Myanmar,"It only affected one city, county, or village","Phyu township, Bago Region",Shutdown,Mobile,Full network,Military,Military junta,Conflict,Internet and phone lines were cut off by the military council in an area of active conflict,CSO KIO partners,https://yktnews.com/2024/12/197508/; https://engagemedia.org/2025/myanmar-digital-coup-quarterly-november-2024-january-2025/; https://yktnews.com/2025/01/197878/; https://athanmyanmar.org/myanmar-communication-blackout-2021-to-present/,Ended,1/2/2025,14,Unknown,,No,,,,,No,No,No,No,No,,Yes,Yes,Myanmar: Atom,Unknown,,,No,Yes,Yes,,,No,,"Internet service and phone lines were cut off by the military council in Phyu township, Bago Region on Dec. 20 until at least Dec. 30 as fighting between resistance forces and the regime intensified. The regime was bombing Phyu and nearby villages daily, causing locals to flee. There were also reports of junta troops looting from villages. New reports in early Jan. 2025 indicated the shutdown was ongoing until at least Jan. 2, conciding with daily drone strikes in villages by the regime and including one incident on Dec. 31, 2024 which killed 7 people and injured many others in a Hindu temple.",,APAC
Estimated,1/1/2025,Myanmar,"It only affected one city, county, or village","Townships around Mingaladon Air Force Base, Yangon Region",Shutdown,Mobile,Full network,Military,Military junta,Conflict,Internet and phone lines were cut off by the military council,CSO KIO partners,http://ftp.dvb.no/post/686469; https://engagemedia.org/2025/myanmar-digital-coup-quarterly-november-2024-january-2025/; https://athanmyanmar.org/myanmar-communication-blackout-2021-to-present/,Unknown,,,Unknown,,No,,,,,No,No,No,No,No,,Yes,Yes,,Unknown,,,No,Unknown,Unknown,,,No,,"Mobile internet and phone lines were cut off frequently in townships around Mingaladon Air Force Base, Yangon Region starting in early January due to the installation of jammers by the military council. Yangon locals noted that mobile connections are often disrupted near government offices.",,APAC
Actual,1/2/2025,Myanmar,"It affected locations in more than one state, province, or region","Multiple villages along the Pathein River and up the coast, Gwa township, Rakhine State and Thabaung township, Ayeyarwady Region",Shutdown,Mobile,Full network,Military,Military junta,Conflict,Internet and phone lines were cut off by the military council in an area of active conflict,CSO KIO partners,https://www.dmgburmese.com/%E1%80%9E%E1%80%90%E1%80%84%E1%80%BA%E1%80%B8/gwabdntd.html; https://engagemedia.org/2025/myanmar-digital-coup-quarterly-november-2024-january-2025/; https://athanmyanmar.org/myanmar-communication-blackout-2021-to-present/,Unknown,,,Unknown,,No,,,,,No,No,No,No,No,,Yes,Yes,"Myanmar: Atom, Myanmar: MPT, Myanmar: Mytel",Unknown,,,No,Yes,Unknown,,,No,,"Internet service and phones lines were cut off by the military council in multiple villages along the Pathein River and up the coast, Gwa township, Rakhine State and Thabaung township, Ayeyarwady Region starting the morning of Jan. 2. The shutdown came in the midst of fighting between the Arakan Army and junta troops in the area. Gwa residents reported that phone lines were cut off right after junta troops fled a communication tower they previously controlled.",,APAC
Estimated,1/3/2025,Myanmar,"It affected more than one city in the same state, province, or region",Rakhine State,Shutdown,Mobile,Full network,Military,Arakan Army (AA),Conflict,Internet and phone lines were cut off by the AA in an area of active conflict,CSO KIO partners,https://www.facebook.com/photo/?fbid=1062360075903418&set=-%E1%80%9B%E1%80%81%E1%80%AD%E1%80%AF%E1%80%84%E1%80%BA-%E1%80%9E%E1%80%AD%E1%80%99%E1%80%BA%E1%80%B8%E1%80%95%E1%80%AD%E1%80%AF%E1%80%80%E1%80%BA%E1%80%92%E1%80%B1%E1%80%9E%E1%80%99%E1%80%BB%E1%80%AC%E1%80%B8%E1%80%90%E1%80%BD%E1%80%84%E1%80%BA-%E1%80%96%E1%80%AF%E1%80%94%E1%80%BA%E1%80%B8%E1%80%9C%E1%80%AD%E1%80%AF%E1%80%84%E1%80%BA%E1%80%B8%E1%80%94%E1%80%BE%E1%80%84%E1%80%B7%E1%80%BA-%E1%80%A1%E1%80%84%E1%80%BA%E1%80%90%E1%80%AC%E1%80%94%E1%80%80%E1%80%BA%E1%80%9C%E1%80%AD%E1%80%AF%E1%80%84%E1%80%BA%E1%80%B8%E1%80%80%E1%80%AD%E1%80%AF-aa-%E1%80%91%E1%80%AD%E1%80%94%E1%80%BA%E1%80%B8%E1%80%81%E1%80%BB%E1%80%AF%E1%80%95%E1%80%BA%E1%80%91%E1%80%AC; https://engagemedia.org/2025/myanmar-digital-coup-quarterly-november-2024-january-2025/; https://www.facebook.com/dmgnewsagency/posts/%E1%80%9C%E1%80%B1%E1%80%80%E1%80%BC%E1%80%B1%E1%80%AC%E1%80%84%E1%80%BA%E1%80%B8%E1%80%90%E1%80%AD%E1%80%AF%E1%80%80%E1%80%BA%E1%80%81%E1%80%AD%E1%80%AF%E1%80%80%E1%80%BA%E1%80%99%E1%80%BE%E1%80%AF-%E1%80%95%E1%80%AD%E1%80%AF%E1%80%99%E1%80%AD%E1%80%AF%E1%80%95%E1%80%BC%E1%80%AF%E1%80%9C%E1%80%AF%E1%80%95%E1%80%BA%E1%80%9C%E1%80%AC-%E1%80%96%E1%80%AF%E1%80%94%E1%80%BA%E1%80%B8%E1%80%A1%E1%80%84%E1%80%BA%E1%80%90%E1%80%AC%E1%80%94%E1%80%80%E1%80%BA%E1%80%99%E1%80%BB%E1%80%AC%E1%80%B8%E1%80%80%E1%80%AD%E1%80%AF-%E1%80%9E%E1%80%90%E1%80%AD%E1%80%91%E1%80%AC%E1%80%B8%E1%80%9E%E1%80%AF%E1%80%B6%E1%80%B8%E1%80%85%E1%80%BD%E1%80%B2%E1%80%80%E1%80%BC%E1%80%9B%E1%80%94%E1%80%BA-a/1009919547848308/; https://www.facebook.com/100063883071441/posts/1072612151544877/?rdid=KFQz0miHXqvMfKpl,Unknown,,,Unknown,,No,,,,,No,No,No,No,No,,Yes,Yes,,Unknown,,,No,Yes,Unknown,,,No,,"Internet service and phone lines were cut off by the Arakan Army (AA) in areas under their control across Rakhine State. Although access had been largely cutoff across the state since Nov. 16, 2024, with mixed reports of attribution between infrastructure damage, lack of fuel for towers, and deliberate shutdowns by the regime, new reports in early 2025 indicated that the AA was imposing shutdowns in areas it controlled due to security concerns around junta airstrikes. An AA spokesperson, Khaing Thu Kha, warned locals to be cautious while using mobile phones and the internet to avoid detection during airstrikes. Locals had to rely on radios for information, which caused radio prices to surge.",,APAC
Estimated,1/3/2025,Myanmar,"It only affected one city, county, or village","Kanpauk area, Yebyu township, Tanintharyi Region",Shutdown,"Broadband, Mobile",Full network,Unknown,,Conflict,Internet and phone lines were cut off in an area of active conflict,CSO KIO partners,https://engagemedia.org/2025/myanmar-digital-coup-quarterly-november-2024-january-2025/; https://www.daweiwatch.com/10/01/2025/104320/,Unknown,,,Unknown,,No,,,,,No,No,No,No,No,,Yes,Yes,"Myanmar: Atom, Myanmar: MPT, Myanmar: Mytel",Yes,https://www.daweiwatch.com/10/01/2025/104320/,"[Google Translate] ""When contacted on the official social media pages of MPT and Atom regarding the low and outages in phone and internet connections, Atom replied that the reason for the low and outages was because of the repair of communication lines in some areas of Ye Phyu Township.""",No,Unknown,Unknown,,,No,,"Internet services and phone lines were cut off in Kanpauk area, Yebyu township, Tanintharyi Region starting around Jan. 3. Service was down daily for about 5 hours, and was completely unavailable in low-lying villages and neighborhoods. Fiber internet through Mytel was affected.",,APAC
Actual,1/5/2025,Pakistan,"It only affected one city, county, or village","Quetta, Balochistan",Shutdown,"Broadband, Mobile",Full network,State government,Government of Balochistan,Protests,"The political party Jamiat Ulema-Islam-Fazl (JUI-F) announced a strike following alleged rigging of election results, prompting state authorities to shut down the internet",CSO KIO partners,https://killswitch.pk/?q=node/206; https://www.thenews.com.pk/latest/1268998-cellphone-internet-services-suspended-in-quetta; https://www.dawn.com/news/1884002,Ended,1/7/2025,3,Unknown,,Unknown,,,,,No,No,No,No,No,,Unknown,Unknown,,Unknown,,,Yes,No,No,,,Unknown,,"Broadband and mobile internet was suspended in the city of Quetta, Balochistan from Jan. 5 to Jan. 7. The shutdown was imposed by the state government in response to a protest strike planned by the JUI-F party against alleged election rigging.",,APAC
Actual,1/7/2025,Russian Federation,"It only affected one city, county, or village",St. Petersburg,Shutdown,"Broadband, Mobile",Full network,Non-government,Ukrainian Cyber Alliance,Conflict,Ukrainian hackers claimed responsibility for a cyberattack on Russian ISP NODEX which led to an internet shutdown,CSO KIO partners,https://x.com/CloudflareRadar/status/1877096258583589247; https://t.me/UCAgroup/38; https://blog.cloudflare.com/q1-2025-internet-disruption-summary/#russia,Ended,1/8/2025,2,Sabotage/ Third-party Action,,No,,,,,No,No,No,No,No,,No,No,Russia: NODEX,Yes,https://vk.com/wall-7622_825,"[Google Translate] ""Dear Subscribers, our technical staff is still working on restoring the network. The process is painstaking and long. We express our deep gratitude to those who support us in this difficult moment! This is really important for us. Let me remind you that our network was attacked by Ukrainian hackers, which resulted in its complete failure. At the moment, its functioning is being restored. There will be communication. When, is still unknown.""",No,No,No,,,No,,"A cyberattack by the Ukrainian Cyber Alliance led to an internet shutdown of Russian network NODEX, based in St. Petersburg. The shutdown lasted from 0:00 on Jan. 7 to 16:00 on Jan. 8 (all UTC+0).",,EECA
Actual,1/8/2025,Venezuela (Bolivarian Republic of),"It affected locations in more than one state, province, or region",Nationwide,Shutdown,"Broadband, Mobile",Service-based,Executive government,,Information control,TikTok was blocked in Venezuela ahead of and following Maduro's inauguration,CSO KIO partners,https://vesinfiltro.org/noticias/2025-01-09_bloqueos/; https://x.com/vesinfiltro/status/1877330408280359029; https://x.com/hsiciliano/status/1877112738406871159; https://x.com/vesinfiltro/status/1876847225659101286; https://explorer.ooni.org/chart/mat?probe_cc=VE&since=2024-12-31&until=2025-05-31&time_grain=day&axis_x=measurement_start_day&axis_y=probe_asn&test_name=web_connectivity&domain=www.tiktok.com%2Cs20.tiktokcdn.com%2Cp77-va.tiktokcdn.com%2Cp77-sign-va.tiktokcdn.com%2Cp77-sign-sg-lite.tiktokcdn.com%2Cp19-sign.tiktokcdn-us.com%2Cp19-sign.tiktokcdn-us.com%2Cmcs-va.tiktok.com%2Clf16-tiktok-web.ttwstatic.com%2Clf16-tiktok-common.ibytedtos.com%2Cm.tiktok.com%2Cwww.tiktok.com,Ended,2/2/2025,26,Unknown,,No,,,,,No,No,No,No,No,TikTok,No,No,,No,,,No,No,No,,,No,,"TikTok was blocked in Venezuela from Jan. 8 ahead of Maduro's inauguration, lasting until Feb. 2. The blocking seemed to take place daily for 6-8 hours. There were also at least 21 VPN services blocked in this timeframe as well.",,LAC
Actual,1/9/2025,Belarus,"It affected locations in more than one state, province, or region",Nationwide,Shutdown,"Broadband, Mobile",Service-based,Executive government,,Other,At least 7 platforms were blocked in preparation for possibly shutting them down during the upcoming election,News media article,https://global.espreso.tv/world-about-ukraine-youtube-access-temporarily-cut-off-in-belarus-center-for-countering-disinformation-suggests-why; https://news.zerkalo.io/life/79043.html; https://news.zerkalo.io/life/88016.html; https://transparencyreport.google.com/traffic/overview?hl=en&fraction_traffic=start:1736294400000;end:1736726399999;product:21;region:BY&lu=fraction_traffic; https://explorer.ooni.org/chart/mat?probe_cc=BY&since=2025-01-01&until=2025-01-14&time_grain=day&axis_x=measurement_start_day&test_name=telegram,Ended,1/10/2025,2,Unknown,,No,,,,,Unknown,Unknown,Unknown,Yes,Yes,"YouTube, TikTok, Viber, Discord, Twitch",No,No,,Unknown,,,No,No,No,,,No,,"At least 7 platforms were blocked in Belarus for hours during the night between Jan. 9-10, likely in preparation for blocks during the upcoming election. Google Transparency Report data suggests impacts to traffic to YouTube from around 10:00pm (UTC+3, local time) on Jan. 9 until 4:00am (UTC+3, local time) on Jan. 10. Beltelecom warned about technical work that night causing internet outages, but VPN services and other websites were accessible through the internet.",,EECA
Actual,1/10/2025,Venezuela (Bolivarian Republic of),"It affected locations in more than one state, province, or region",Nationwide,Shutdown,"Broadband, Mobile",Service-based,Executive government,,Information control,Telegram was blocked in Venezuela following Maduro's inauguration,CSO KIO partners,https://x.com/vesinfiltro/status/1877893483945467914; https://explorer.ooni.org/chart/mat?probe_cc=VE&since=2025-01-01&until=2025-01-31&time_grain=day&axis_x=measurement_start_day&test_name=telegram; https://edition.cnn.com/2025/01/11/americas/nicolas-maduro-venezuela-new-term-analysis-intl,Ended,1/11/2025,2,Unknown,,No,,,,,No,No,No,No,Yes,,No,No,,No,,,No,No,No,,,No,,"Telegram was blocked in Venezuela from Jan. 10-11, immediately following Maduro's inauguration.",,LAC
Estimated,1/11/2025,Myanmar,"It only affected one city, county, or village","Palaw township, Tanintharyi Region",Shutdown,Mobile,Full network,Military,Military junta,Conflict,Internet and phone lines were cut off by the military council in an area of active conflict,CSO KIO partners,https://www.tntynews.com/15/01/2025/43285/,Unknown,,,Unknown,,No,,,,,No,No,No,No,No,,Yes,Yes,,Unknown,,,No,Yes,Yes,,,No,,"Mobile internet and phone lines were cut off in Palaw township, Tanintharyi Region around Jan. 11 at the time of the arrest of three Tapo villagers by the military council. The military council also burned down a rubber plantation and five houses in the area on the same day.",,APAC
Actual,1/13/2025,India,"It only affected one city, county, or village","Gund and Kangan areas, Ganderbal District, Jammu & Kashmir","Shutdown, Throttle",Mobile,Full network,State government,"Government of Jammu & Kashmir, Home Department",Visits by government officials,PM Modi was visiting the immediate area on Jan. 13 to inaugurate the opening of a road tunnel into Sonamarg,CSO KIO partners,https://internetshutdowns.in/media/01TSTSof2025_65ad2e37-17ab-4307-9f02-4836a9a1f309._49b6e400-ddc5-4412-ab09-d6749df3addc..pdf; https://jkhome.nic.in/pdf/01(TSTS)of2025.pdf; https://www.thehindu.com/news/national/prime-minister-narendra-modi-inaugurates-z-morh-tunnel-in-sonamarg-on-janury-13-2025/article69094897.ece,Ended,1/13/2025,1,Fake news/ Hate speech/ Incendiary content/ Promoting violence,,Yes,Yes,Government order,https://drive.google.com/file/d/1ZELEW1HrfWPkqDchixBWjKWkqZfnrKn9/view?usp=drive_link,,No,No,No,No,No,,No,No,,Unknown,,,No,No,No,,,No,,"Mobile internet was suspended for a 20-km radius around (34.22263, 75.01041) in the Gund and Kangan areas, Ganderbal District from 06:00 to 16:30 on Jan. 13. 3G/4G/5G service was suspended, and 2G service was throttled to less than 128 kb/s. The timing and location directly coincided with a visit on Jan. 13 by PM Modi to the Z-Morh tunnel between Gagangir and Sonamarg.",,APAC
Actual,1/15/2025,Ukraine,"It affected locations in more than one state, province, or region",Multiple Oblasts,"Shutdown, Throttle","Broadband, Mobile",Full network,Non-government,Military of the Russian Federation,Conflict,Missile strikes on civilian energy infrastructure,CSO KIO partners,https://ioda.inetintel.cc.gatech.edu/reports/how-russias-recent-attacks-on-ukraines-energy-grid-impacted-its-internet-connectivity-2/; https://ioda.inetintel.cc.gatech.edu/region/4357?from=1736826781&until=1738641181&view=view1; https://www.aljazeera.com/news/2025/1/15/russian-attacks-force-power-cuts-in-ukraine,Ended,1/24/2025,10,Sabotage/ Third-party Action,,No,,,,,No,No,No,No,No,,Unknown,Unknown,,Unknown,,,No,No,No,,,No,,Air strikes by the Russian military on civilian energy infrastructure across Ukraine led to partial internet disruptions in multiple Oblasts from Jan. 15 until at least Jan. 24.,,EECA
Actual,1/16/2025,Myanmar,"It only affected one city, county, or village","Bawmi village, Shwethaungyan town, Pathein township, Ayeyarwady Region",Shutdown,Mobile,Full network,Military,Military junta,Conflict,"Electricity, internet, and phone lines were cut off by the military council in an area of active conflict",CSO KIO partners,https://www.bbc.com/burmese/articles/cvgppm26j82o; https://engagemedia.org/2025/myanmar-digital-coup-quarterly-november-2024-january-2025/,Ended,1/18/2025,3,Unknown,,No,,,,,No,No,No,No,No,,Yes,Yes,,Unknown,,,No,Yes,Yes,,,No,,"Mobile internet, phone lines, and electricity were cut off by the military council in Bawmi village, Shwethaungyan town, Pathein township, Ayeyarwady Region starting Jan. 16 until at least Jan. 18 in the midst of heavy fighting with the Arakan Army. Airstrikes by the regime targeted Bawmi, resulting in civilian casualties. Civilians were fleeing to nearby towns to escape the fighting.",,APAC
Actual,1/16/2025,Chad,"It only affected one city, county, or village",Abu Tanqi and Maji refugee camps,Shutdown,"Broadband, Mobile",Full network,Executive government,,Other,Authorities in Chad shut down Starlink internet for two refugee camps after abruptly requiring new permit fees,Other,https://dnhr.org/2025/01/22/internet-access-chad-refugee-camps-restoration/,Ended,1/19/2025,4,Other,Applying permit fees for use of Starlink,No,,,,,No,No,No,No,No,Starlink,No,No,,Unknown,,,No,No,No,,,No,,Authorities in Chad shut down Starlink internet for Abu Tanqi and Maji refugee camps from Jan. 16 to Jan. 19 by abruptly imposing permit fees. Starlink was the only available internet service for the camps for people to communicate with the outside world. The camp associations ultimately covered the costs to restore service.,,Africa
Actual,1/18/2025,United States of America,"It affected locations in more than one state, province, or region",Nationwide,Shutdown,"Broadband, Mobile",Service-based,Executive government,,Information control,TikTok and other ByteDance apps were blocked in the US following a law signed by President Biden which was upheld by the US Supreme Court,CSO KIO partners,https://blog.cloudflare.com/the-fall-and-rise-of-tiktok-traffic/?utm_campaign=cf_blog&utm_content=20250121&utm_medium=organic_social&utm_source=twitter/; https://nitter.net/DougMadory/status/1880961744115482780#m; https://www.wired.com/story/bytedance-tiktok-ban-lemon8-capcut-gauthai-app-stores/; https://www.wired.com/story/biden-sign-tiktok-ban/; https://x.com/TikTokPolicy/status/1880424906820608180; https://x.com/TikTokPolicy/status/1881030712188346459; https://nitter.net/DougMadory/status/1881861719695536176#m; https://www.wsj.com/business/tiktok-deal-us-china-framework-5f406292,Ended,1/19/2025,2,National security/ Counter-terrorism,"The US attempted to force TikTok to divest from ByteDance, its Chinese owner, or face a ban due to alleged data collection and influence operations by the PRC",Yes,Yes,Protecting Americans from Foreign Adversary Controlled Applications Act,https://www.congress.gov/118/plaws/publ50/PLAW-118publ50.pdf,,No,No,No,No,No,"TikTok, Other ByteDance apps",No,No,,No,,,No,No,No,,,Yes,,"TikTok and other ByteDance apps were blocked in the US from 22:30 (UTC-5, US Eastern Standard Time) on Jan. 18 until 12:30 (UTC-5, US Eastern Standard Time) on Jan. 19. Ahead of a mandated ban on Jan. 19 as upheld by the US Supreme Court due to the lack of a sale of TikTok to US ownership, TikTok disabled the service and major providers like Apple and Google removed all relevant apps from their app stores in compliance. President-elect Trump indicated he would grant an extension to TikTok's required sale, causing the block to be lifted. Normal traffic did not fully return on TikTok until at least Jan. 22, and the app didn't return to the Apple app store until Feb. 13, meaning only users who had existing downloads of the app could use it. The app is still legally under a de jure nationwide ban as of Dec. 2025, but the Trump administration has repeatedly halted enforcement of the ban as they negotiate with the Chinese over the app's ownership with US investors. This is the first shutdown recorded for the US.",,North America
Actual,1/20/2025,Myanmar,"It affected more than one city in the same state, province, or region","Chaung Tha, Hainggyi Island, Kyone Pyaw, Labutta, Ngapudaw, Ngayokaung, Ngwe Saung, Pathein, Shwe Thaung Yan, Thabaung, and Yeygi townships, Ayeyarwady Region",Shutdown,Mobile,Full network,Military,Military junta,Conflict,Internet and phone lines were cut off by the military council in an area of active conflict,CSO KIO partners,https://burmese.dvb.no/post/688719; https://athanmyanmar.org/myanmar-communication-blackout-2021-to-present/,Ended,2/1/2025,13,Unknown,,No,,,,,No,No,No,No,No,,Yes,Yes,,Unknown,,,No,Yes,Unknown,,,No,,Mobile internet and phone lines were cut off by the military council in 11 townships in Ayeyarwady Region from Jan. 20 until at least Feb. 1 during clashes with the Arakan Army.,,APAC
Estimated,1/21/2025,"Palestine, State of","It only affected one city, county, or village","Jenin, West Bank",Shutdown,"Broadband, Mobile",Full network,Non-government,Military of the State of Israel,Conflict,The internet was suspended in Jenin alongside a military operation by Israeli security forces,Other,https://x.com/Global__Intel/status/1881851691215323564; https://www.reuters.com/world/middle-east/israeli-military-begins-operation-west-bank-city-jenin-2025-01-21/,Unknown,,,Sabotage/ Third-party Action,,No,,,,,No,No,No,No,No,,Unknown,Unknown,,Unknown,,,No,Yes,Yes,,,No,,"Internet services were cut off for Jenin, West Bank on Jan. 21 in the midst of an Israeli military operation which killed at least 9 Palestinians.",,MENA
Actual,1/22/2025,Myanmar,"It only affected one city, county, or village","Kyeikdon town, Kawkareik township, Kayin State",Shutdown,"Broadband, Mobile",Full network,Military,Military junta,Conflict,Internet and phone lines were cut off by the military council,CSO KIO partners,https://burmese.thanlwintimes.com/2025/01/22/%E1%80%80%E1%80%BB%E1%80%AD%E1%80%AF%E1%80%80%E1%80%BA%E1%80%92%E1%80%AF%E1%80%B6%E1%80%99%E1%80%BC%E1%80%AD%E1%80%AF%E1%80%B7%E1%80%99%E1%80%BE%E1%80%AC-%E1%80%85%E1%80%85%E1%80%BA%E1%80%80%E1%80%B1/; https://engagemedia.org/2025/myanmar-digital-coup-quarterly-november-2024-january-2025/; https://athanmyanmar.org/myanmar-communication-blackout-2021-to-present/,Unknown,,,Unknown,,No,,,,,No,No,No,No,No,,Yes,Yes,,Unknown,,,No,Yes,Yes,,,No,,"Internet service and phones lines were cut off by the military council in Kyeikdon town, Kawkareik township, Kayin State on Jan. 22. The regime dropped a bomb on the fire department office in Ward 5 in Kyeikdon on the morning of Jan. 22, killing one woman. There was no active fighting in the area and no KNLA troops in the fire department office.",,APAC
Actual,1/22/2025,South Sudan,"It affected locations in more than one state, province, or region",Nationwide,Shutdown,"Broadband, Mobile",Service-based,Executive government,National Communication Authority (NCA),Protests,South Sudan ordered a sweeping ban of social media platforms for a maximum of 90 days in response to violent content circulating on social media,CSO KIO partners,https://x.com/larrymadowo/status/1882124272174530934; https://peacerep.org/2025/01/21/the-first-violent-spillover-sudans-war-ignites-violence-in-south-sudan/; https://www.okayafrica.com/south-sudan-lifts-social-media-ban/270480,Ended,1/27/2025,6,Fake news/ Hate speech/ Incendiary content/ Promoting violence,,Yes,,Government order,https://drive.google.com/file/d/1jhUzfoJXM59aUx4OIty_d6U-IM9DLs-O/view?usp=drive_link; https://drive.google.com/file/d/16pHHRY2AD5JznuIA-2RZMHbvyhixHdG_/view?usp=drive_link,,Yes,Unknown,Unknown,Unknown,Unknown,TikTok,No,No,"South Sudan: MTN, South Sudan: Zain",Yes,https://drive.google.com/file/d/1sxnf1WfXrx-3nWv8yQwwFQI0lwHOfRfp/view?usp=drive_link; https://drive.google.com/file/d/1AOjdMkRLFVaReMPczBLyAnILjluVZe0L/view?usp=drive_link,,No,Unknown,Unknown,,,Yes,,"South Sudan ordered a sweeping ban of social media platforms in response to violent content being circulated, with effect from 0:00 (local time) on Jan. 22 with original orders to last a maximum of 90 days. MTN and Zain both released statements stating that Facebook and TikTok (web and app versions) would be affected. After civil society pressure, authorities rescinded the order, effective 0:00 (local time) on Jan. 27. The ban followed deadly protests and the spread of violent content on platforms.",https://www.accessnow.org/press-release/keepiton-in-south-sudan-restore-social-media/,Africa
Actual,1/23/2025,Pakistan,"It only affected one city, county, or village","Chagai, Dalbandin, and Noshki, Balochistan",Shutdown,Mobile,Full network,State government,Government of Balochistan,Protests,"Ahead of Baloch Genocide Remembrance Day and a rally by the Baloch Yakjehti Committee (BYC) in Dalbandin, state authorities cut off mobile internet to at least three cities in Balochistan province",Other,https://www.tribuneindia.com/news/baloch-genocide-remembrance-day/internet-shutdown-attempts-to-silence-voices-ahead-of-baloch-genocide-remembrance-day-mahrang-baloch; https://tribune.com.pk/story/2524519/byc-holds-rally-amid-internet-mobile-blackout,Ended,1/26/2025,4,National security/ Counter-terrorism,,Yes,,,https://tribune.com.pk/story/2524519/byc-holds-rally-amid-internet-mobile-blackout,"""The Balochistan government spokesman, Shahid Rind, told The Express Tribune via telephone that while the right to assemble is constitutionally guaranteed, the rally was conducted despite restrictions in place under Section 144 which prohibit rallies. He noted that local authorities are responsible for granting or denying permissions for such gatherings. 'Mobile networks have been suspended in Dalbandin to maintain security and prevent any unfortunate terrorism incident,' Rind explained.""",No,No,No,No,No,,No,No,,Unknown,,,No,Unknown,Unknown,,,No,,"Mobile internet services were suspended in the cities of Chagai, Dalbandin, and Noshki, Balochistan from Jan. 23 until at least Jan. 26.",,APAC
Actual,1/23/2025,Congo (Democratic Republic of the),"It only affected one city, county, or village","Goma, North Kivu",Shutdown,"Broadband, Mobile",Full network,Executive government,,Conflict,Authorities reportedly shut down the internet in and around Goma as M23 forces advanced toward the city,CSO KIO partners,https://lesvolcansnews.net/2025/01/24/la-connexion-internet-et-des-reseaux-sociaux-retablis-a-goma-apres-plus-de-18-heures-de-coupure/; https://radar.cloudflare.com/routing/as37447?dateStart=2025-01-21&dateEnd=2025-01-31; https://ioda.inetintel.cc.gatech.edu/region/689?from=1737575639&until=1738439639&view=view1; https://ioda.inetintel.cc.gatech.edu/region/698?from=1737575615&until=1738439615&view=view1; https://ioda.inetintel.cc.gatech.edu/asn/37447?from=1737575554&until=1738439554&view=view1; https://pulse.internetsociety.org/en/shutdowns/internet-shutdown-and-service-blocking-in-drc/; https://7sur7.cd/2025/02/02/carnage-goma-773-morts-et-2880-blesses-recenses-gouvernement,Ended,1/24/2025,2,Unknown,,No,,,,,No,No,No,No,No,,Unknown,Unknown,,No,,,No,Yes,Yes,,,No,,"Authorities ordered a shutdown of the internet between around 5:00pm (UTC+0) on Jan. 23 until around 12:30pm (UTC+0) on Jan. 24 in and around Goma, North Kivu in the midst of a M23 offensive into the city. Additional reports indicated that Goma experienced more connectivity issues between Jan. 27 and Jan. 31. Hundreds of people were killed and thousands injured during the recent escalation of the conflict, with active fighting, massive civilian displacement, and a humanitarian crisis ongoing during the shutdown.",https://www.accessnow.org/press-release/keepiton-drc-goma/,Africa
Actual,1/25/2025,Belarus,"It affected locations in more than one state, province, or region",Nationwide,"Shutdown, Throttle","Broadband, Mobile",Service-based,Executive government,,Elections,,CSO KIO partners,https://news.zerkalo.io/life/89461.html?tg=4; https://ex-press.live/rubrics/obshhestvo/2025/01/25/vlasti-na-tri-dnya-zablokirovali-chast-belarusskix-sajtov-dlya-ostalnogo-mira; https://hoster.by/clients/news/16829/,Ended,1/27/2025,3,Unknown,,No,,,,,Unknown,Unknown,Unknown,Unknown,Yes,"Reddit, Twitch, VPN services",No,No,,Unknown,,,Yes,No,No,,,No,,"Before and during the Jan. 26 election, platforms like Telegram, Reddit, and Twitch were blocked or throttled in Belarus, as well as numerous VPN services. People outside Belarus were also blocked from accessing multiple sites on the .by domain.",https://x.com/accessnow/status/1883820669697204704,EECA
Actual,1/28/2025,Myanmar,"It only affected one city, county, or village","Kyaukme city, Shan State",Shutdown,"Broadband, Mobile",Full network,Military,Ta'ang National Liberation Army (TNLA),Conflict,Internet and phone lines were cut off by the TNLA in an area of active conflict,CSO KIO partners,https://t.me/mekongnewsmm/33524; https://engagemedia.org/2025/myanmar-digital-coup-quarterly-november-2024-january-2025/; https://www.facebook.com/theirrawaddy/posts/junta-bombs-tnla-controlled-kyaukme-againjanuary-28-2025the-military-regime-agai/1044882391000251/,Unknown,,,National security/ Counter-terrorism,,Yes,,,https://t.me/mekongnewsmm/33524,"[Google Translate] ""The Kyaukme town administration has temporarily restricted phone and internet access in Kyaukme town, a TNLA-controlled area in northern Shan State, to protect against airstrikes by the military council.""",No,No,No,No,No,,Yes,Yes,,Unknown,,,No,Yes,Unknown,,,No,,"Internet service and phones lines were cut off by the TNLA in Kyaukme city, Shan State on Jan. 28 in the midst of daily bombing by the military council.",,APAC
Actual,1/29/2025,Myanmar,"It only affected one city, county, or village","Gangaw town, Magway Division",Shutdown,Mobile,Full network,Military,Military junta,Conflict,Internet and phone lines were cut off by the military council in an area of active conflict,CSO KIO partners,https://burmese.dvb.no/post/688531; https://engagemedia.org/2025/myanmar-digital-coup-quarterly-november-2024-january-2025/,Unknown,,,Unknown,,Yes,,,https://burmese.dvb.no/post/688531,"[Google Translate] ""The military council said that all telephone lines in Gangaung Township were down because the military council bombed the micro tower.""",No,No,No,No,No,,Yes,Yes,,Unknown,,,No,Yes,Unknown,,,No,,"Mobile internet and phone lines were cut off by the military council in Gangaw town, Magway Division sometime between 9:00pm and 11:59pm on Jan. 29 due to airstrikes on cell towers.",,APAC
Estimated,1/29/2025,Myanmar,"It only affected one city, county, or village","Tamu township, Sagaing Division",Shutdown,"Broadband, Mobile",Full network,Military,Military junta,Conflict,Internet and phone lines were cut off by the military council in an area of active conflict,CSO KIO partners,https://nitter.net/dvbburmese/status/1884520570848694781; https://engagemedia.org/2025/myanmar-digital-coup-quarterly-november-2024-january-2025/; https://athanmyanmar.org/myanmar-communication-blackout-2021-to-present/; https://www.rfa.org/english/myanmar/2025/01/30/myanmar-fierce-fight-india-border/,Unknown,,,Unknown,,No,,,,,No,No,No,No,No,,Yes,Yes,,Unknown,,,No,Yes,Yes,,,No,,"Internet service and phones lines were cut off by the military council in Tamu township, Sagaing Division by at least Jan. 29, with other repeated shutdowns reported in the month in places like nearby Khampat town and Ka Nan village under NUG control where the junta was conducting airstrikes and killing civilians. According to one aid worker (RFA article): ""'Everyone is on high alert, constantly watching the sky with fright and exhaustion,' said the aid worker, who also declined to be named. 'We also keep our eyes on our mobile phone connections — the moment the signal drops, we immediately take cover in underground shelters. We’ve come to understand that a loss of communication signals an impending airstrike.'""",,APAC
Estimated,2/1/2025,Congo (Democratic Republic of the),"It affected locations in more than one state, province, or region",Nationwide,Shutdown,"Broadband, Mobile",Service-based,Executive government,,Conflict,Authorities reportedly blocked X and TikTok in the midst of active conflict in the country,CSO KIO partners,https://explorer.ooni.org/chart/mat?probe_cc=CD&since=2025-01-01&until=2025-03-01&time_grain=day&axis_x=measurement_start_day&test_name=web_connectivity&domain=x.com%2Ctwitter.com; https://explorer.ooni.org/chart/mat?probe_cc=CD&since=2025-01-01&until=2025-03-01&time_grain=day&axis_x=measurement_start_day&test_name=web_connectivity&domain=www.tiktok.com%2Cs20.tiktokcdn.com%2Cp77-va.tiktokcdn.com%2Cp77-sign-va.tiktokcdn.com%2Cp77-sign-sg-lite.tiktokcdn.com%2Cp19-sign.tiktokcdn-us.com%2Cp19-sign.tiktokcdn-us.com%2Cmcs-va.tiktok.com%2Clf16-tiktok-web.ttwstatic.com%2Clf16-tiktok-common.ibytedtos.com%2Cm.tiktok.com%2Cwww.tiktok.com; https://pulse.internetsociety.org/en/shutdowns/service-blocking-in-drc-january-2025/; https://mbote.cd/actualites/perturbations-dacces-a-tik-tok-et-x-twitter-en-rdc/178765/; https://7sur7.cd/2025/02/02/carnage-goma-773-morts-et-2880-blesses-recenses-gouvernement,Ended,2/12/2025,12,Unknown,,No,,,,,No,Yes,No,No,No,TikTok,No,No,,No,,,No,Yes,Yes,,,No,,Authorities reportedly blocked X and TikTok in the DRC from around Feb. 1 until Feb. 12 in the midst of escalated fighting and the ongoing humanitarian crisis in the country.,https://www.accessnow.org/press-release/keepiton-drc-goma/,Africa
Actual,2/4/2025,Myanmar,"It affected locations in more than one state, province, or region","5 areas across Myawaddy and Kyain Seikgyi townships, Kayin State and Tachileik township, Shan State",Shutdown,"Broadband, Mobile",Full network,Non-government,Thailand Prime Minister Paetongtarn Shinawatra,Other,Thai authorities cut off internet and electricity used across the border coming through multiple points into Myanmar in Kayin and Shan States,CSO KIO partners,https://engagemedia.org/2025/myanmar-digital-coup-quarterly-february-2025-april-2025/; https://www.rfa.org/burmese/program_2/thailand-electric-cut-myawaddy-02042025131858.html; https://www.facebook.com/rfaburmese/posts/%E1%80%99%E1%80%BC%E1%80%9D%E1%80%90%E1%80%AE%E1%80%80%E1%80%AD%E1%80%AF-%E1%80%9C%E1%80%BB%E1%80%BE%E1%80%95%E1%80%BA%E1%80%85%E1%80%85%E1%80%BA%E1%80%A1%E1%80%95%E1%80%AB%E1%80%A1%E1%80%9D%E1%80%84%E1%80%BA-%E1%80%A1%E1%80%91%E1%80%B1%E1%80%AC%E1%80%80%E1%80%BA%E1%80%A1%E1%80%95%E1%80%B6%E1%80%B7%E1%80%90%E1%80%BD%E1%80%B1-%E1%80%86%E1%80%80%E1%80%BA%E1%80%9C%E1%80%80%E1%80%BA%E1%80%96%E1%80%BC%E1%80%90%E1%80%BA%E1%80%90%E1%80%B1%E1%80%AC%E1%80%80%E1%80%BA%E1%80%96%E1%80%AD%E1%80%AF%E1%80%B7-%E1%80%91%E1%80%AD%E1%80%AF%E1%80%84%E1%80%BA%E1%80%B8%E1%80%80%E1%80%AD%E1%80%AF-%E1%80%90%E1%80%9B%E1%80%AF%E1%80%90%E1%80%BA%E1%80%90%E1%80%AD%E1%80%AF%E1%80%80%E1%80%BA%E1%80%90/1058478832980185/; https://bur.mizzima.com/2025/03/02/48126; https://burmese.monnews.org/2025/04/08/%E1%80%98%E1%80%AF%E1%80%9B%E1%80%AC%E1%80%B8%E1%80%9E%E1%80%AF%E1%80%B6%E1%80%B8%E1%80%86%E1%80%B0%E1%80%99%E1%80%BC%E1%80%AD%E1%80%AF%E1%80%B7%E1%80%95%E1%80%B1%E1%80%AB%E1%80%BA%E1%80%90%E1%80%BD-2/; https://asia.nikkei.com/Spotlight/Society/Crime/Myanmar-scammers-boost-Starlink-connections-to-stay-in-business; https://www.thaiexaminer.com/thai-news-foreigners/2026/01/30/mae-sot-police-raid-and-smash-covert-internet-transmission-facilities-busy-beaming-signals-into-myawaddy/,Ongoing,,,Other,To curb online fraud and money laundering activities,Yes,,,https://www.rfa.org/burmese/program_2/thailand-electric-cut-myawaddy-02042025131858.html,,No,No,No,No,No,,Unknown,Unknown,,Unknown,,,No,Unknown,Unknown,Karen ethnic groups,"Local people, IDPs, and refugees are disproportionately affected",Yes,,"Thai officials, on behalf of the Prime Minister, ordered internet, electricity, and fuel distribution to be cut off in 5 areas across Myawaddy and Kyain Seikgyi townships, Kayin State and Tachileik township, Shan State beginning at 9:00am (local time) on Feb. 5 to curb online fraud operations. Myit Shwe Thaung Rin Company, owned by Karen Border Guard Force (BGF) Major Saw Tin Win, which is supplying electricity to some scammers in Myawaddy through an agent in Thailand, preemptively cut off electricity at 7:00pm on Feb. 4 after the decision from Thai authorities was announced. On Feb. 18, authorities in Myanmar reportedly asked for the cuts to be suspended since hospitals in Myawaddy had insufficient electricity for surgeries. The shutdown in Payathonzu (Kyain Seikgyi township) was ongoing as of Apr. 8 with reports of widespread Starlink usage. The shutdown in Myawaddy was active as of at least Jul. 2025, with disproportionate effects on local communities, IDPs, and refugees living in camps near the border, with the scam operators using generators (from which they sell electricity to local residents at huge markups) and Starlink internet to bypass the restrictions.",,APAC
Actual,2/5/2025,India,"It only affected one city, county, or village","Billawar, Malhar, and Bani areas, Kathua District, Jammu & Kashmir",Shutdown,Mobile,Full network,State government,"Government of Jammu & Kashmir, Home Department",Unknown,,CSO KIO partners,https://internetshutdowns.in/media/02TSTSof2025_23372f65-c304-489e-aeae-1922d4c946aa._8702d6b5-3b83-407f-8c31-24b99a56462c..pdf; https://jkhome.nic.in/pdf/02(TSTS)of2025.pdf,Ended,2/6/2025,2,Public safety/ Quell unrest/ Restore public order,,Yes,Yes,Government order,https://drive.google.com/file/d/1rZRyW6LU5VXT79FCvKzw83pyGuogLg04/view?usp=drive_link,,No,No,No,No,No,,No,No,,Unknown,,,No,Unknown,Unknown,,,No,,"Mobile internet was suspended for the Billawar, Malhar, and Bani areas, Kathua District from 23:00 on Feb. 5 to 23:00 on Feb. 6. 2G/3G/4G/5G and public Wi-Fi services were all suspended.",,APAC
Estimated,2/5/2025,Myanmar,"It only affected one city, county, or village","Coastal villages in Launglon township, Dawei district, Tanintharyi Region",Shutdown,"Broadband, Mobile",Full network,Military,Military junta,Conflict,Internet and phone lines were cut off by the military council in an area of active conflict,CSO KIO partners,https://www.youtube.com/watch?v=G_qTkIB0yC0; https://engagemedia.org/2025/myanmar-digital-coup-quarterly-february-2025-april-2025/; https://athanmyanmar.org/myanmar-communication-blackout-2021-to-present/,Unknown,,,Unknown,,No,,,,,No,No,No,No,No,,Yes,Yes,,Unknown,,,No,Unknown,Unknown,,,No,,"Internet service and phones lines were cut off by the military council in coastal villages of Launglon township, Dawei district, Tanintharyi Region as of Feb. 5.",,APAC
Estimated,2/6/2025,Myanmar,"It only affected one city, county, or village","Htone Makha and Thabaw-Lake villages, Tanintharyi township, Tanintharyi Region",Shutdown,Mobile,Full network,Military,Military junta,Conflict,Internet and phone lines were cut off by the military council in an area of active conflict,CSO KIO partners,https://engagemedia.org/2025/myanmar-digital-coup-quarterly-february-2025-april-2025/; https://www.instagram.com/dawei_watch/p/DF7a-nGSFnp/; https://athanmyanmar.org/myanmar-communication-blackout-2021-to-present/,Ended,2/10/2025,5,Unknown,,No,,,,,No,No,No,No,No,,Yes,Yes,,Unknown,,,No,Yes,Yes,,,No,,"Mobile internet and phone lines were cut off by the military council in Htone Makha and Thabaw-Lake villages, Tanintharyi township, Tanintharyi Region from at least Feb. 6 to Feb. 10 in the midst of heavy fighting with resistance forces. During this period, villages were targeted by airstrikes, and junta troops burned down 8 homes in Htone Makha.",,APAC
Estimated,2/7/2025,Syrian Arab Republic,"It only affected one city, county, or village",Damascus area,Shutdown,"Broadband, Mobile",Full network,Executive government,Syrian Ministry of Communications and Information Technology,Other,Syrian authorities confiscated Starlink devices in the Damascus area,CSO KIO partners,https://smex.org/syria-authorities-threaten-social-media-users-and-confiscate-starlink-devices/; https://sana.sy/governorates/reef-dimashak/2193873/,Unknown,,,Other,"Authorities claimed Starlink usage threatened the ""national revenue"" of the (Communications and Information Technology) ministry and caused ""damage to the frequency spectrum of the Syrian Telecommunications""",Yes,,,https://www.sytpra.gov.sy/pages/%D8%A7%D9%84%D8%A3%D8%AE%D8%A8%D8%A7%D8%B1/%D8%AA%D8%B9%D9%85%D9%8A%D9%85-%D8%A8%D8%AE%D8%B5%D9%88%D8%B5-%D9%85%D9%86%D8%B9-%D8%AD%D9%8A%D8%A7%D8%B2%D8%A9-%D9%85%D8%AD%D8%B7%D8%A7%D8%AA-%D8%A7%D9%84%D8%A7%D8%AA%D8%B5%D8%A7%D9%84-%D8%A7%D9%84%D9%81%D8%B6%D8%A7%D8%A6%D9%8A-%D8%AF%D9%88%D9%86-%D8%A7%D9%84%D8%AD%D8%B5%D9%88%D9%84-%D8%B9%D9%84%D9%89-%D8%A7%D9%84%D8%AA%D8%B1%D8%A7%D8%AE%D9%8A%D8%B5-%D8%A7%D9%84%D9%84%D8%A7%D8%B2%D9%85%D8%A9,,No,No,No,No,No,Starlink,No,No,,Unknown,,,No,No,No,,,No,,"Syrian authorities confiscated Starlink devices in the Damascus area in early Feb., impacting at least 5,000 people. The authority also issued an official order prohibiting the use and possession of satellite internet devices without prior licensing from the telecommunications regulatory authority.",,MENA
Actual,2/16/2025,India,"It only affected one city, county, or village","Jamui District, Bihar",Shutdown,"Broadband, Mobile",Service-based,State government,"Government of Bihar, Home Department",Communal violence,Stone-pelting during a religious procession led to two groups clashing and an internet shutdown,CSO KIO partners,https://internetshutdowns.in/media/Gj-DojMaoAABJ0c_f6d2687f-362b-4fca-bcce-dbf27c250210._5604bdab-6d10-45c6-a23d-e31a8809f0ec..pdf; https://home.bihar.gov.in/CMS/notice.aspx; https://pulse.internetsociety.org/en/shutdowns/internet-suspended-in-jamui-india-february-2025/; https://indianexpress.com/article/india/bihar-village-clash-during-religious-procession-arrest-internet-suspended-9841065/; https://www.thehindu.com/news/national/bihar/clash-breaks-out-over-religious-procession-in-bihar-internet-services-suspended-in-jamui/article69229598.ece#goog_rewarded,Ended,2/18/2025,3,Fake news/ Hate speech/ Incendiary content/ Promoting violence,,Yes,Yes,Government order,https://drive.google.com/file/d/109mPQ-vbYYtnrcENhicf_LfJG9rZVWyD/view?usp=drive_link,,Yes,Yes,Yes,Unknown,Yes,"QQ, WeChat, Ozone, Tumblr, Google+, Baidu, Skype, Viber, Line, Snapchat, Pinterest, Reddit, Snaptish, YouTube, Vinc, Xanga, Buaanet, Flickr, ""other social networking sites meant for mass messaging""",No,No,,Unknown,,,No,Yes,Unknown,,,Unknown,,"23 social media and messaging platforms were blocked in Jamui District, Bihar from 23:30 on Feb. 16 to 23:30 on Feb. 18. The order excludes government internet and intranet services, including banking.",,APAC
Actual,2/18/2025,Iraq,"It affected more than one city in the same state, province, or region",Kurdistan,Shutdown,"Broadband, Mobile",Full network,Executive government,Iraqi Communications and Media Commission (CMC),Other,Iraqi authorities abruptly suspended internet services provided by Korek Telecom in Kurdistan due to alleged political reasons,CSO KIO partners,https://x.com/CloudflareRadar/status/1892301166530199951; https://radar.cloudflare.com/explorer?dataSet=bgp.ips&loc=&asn=as59625&filters=ipVersion%253DIPv4&timeCompare=2025-02-17&dt=2026-02-17_2026-02-21&compAsn=as59625; https://radar.cloudflare.com/traffic/as59625?dateStart=2025-02-18&dateEnd=2025-02-21; https://ioda.inetintel.cc.gatech.edu/asn/59625?from=1740859596&until=1747512396&view=view1; https://x.com/RudawEnglish/status/1892109257325125938; https://shafaq.com/en/Kurdistan/CMC-cuts-Korek-Telecom-s-internet-access-sparking-outrage-in-Kurdistan/,Ongoing,,,Other,Authorities cited unpaid debts and regulatory violations,Yes,,,https://shafaq.com/en/Kurdistan/CMC-cuts-Korek-Telecom-s-internet-access-sparking-outrage-in-Kurdistan/,"""The decision was based on the telecom company’s 'failure to settle its outstanding debts and the company’s continued violations,' according to a statement from the commission.""",No,No,No,No,No,,No,No,Iraq: Korek Telecom,Unknown,,,No,No,No,,,No,,"Iraqi authorities ordered the immediate suspension of internet services from Korek Telecom in the Kurdistan Region beginning Feb. 18, alleging unpaid debts and regulatory concerns, with critics decrying the move as politically motivated. The ongoing disruption was visible into March 2026 as evident by data from IODA and Cloudflare Radar.",,MENA
Actual,2/19/2025,Myanmar,"It only affected one city, county, or village","Paukkaung township, Bago Region",Shutdown,"Broadband, Mobile",Full network,Military,Military junta,Conflict,Internet and phone lines were cut off by the military council in an area of active conflict,CSO KIO partners,https://www.rfa.org/burmese/news/paramotor-airstrike-paukkhaung-02202025005416.html; https://engagemedia.org/2025/myanmar-digital-coup-quarterly-february-2025-april-2025/; https://athanmyanmar.org/myanmar-communication-blackout-2021-to-present/,Unknown,,,Unknown,,No,,,,,No,No,No,No,No,,Unknown,Unknown,,Unknown,,,No,Yes,Yes,,,No,,"Internet service was cut off by the military council in Paukkaung township, Bago Region starting Feb. 19 during intense fighting where the junta bombed multiple villages in the area, forcing thousands of civilians to flee and killing at least one person in Aizaw village. The junta had also restricted entry and exit from Paukkaung township.",,APAC
Actual,2/19/2025,Yemen,"It affected more than one city in the same state, province, or region","Hays and Al-Khawkhah Districts, Al-Hudaydah Governorate",Shutdown,"Broadband, Mobile",Full network,Non-government,Houthi militia,Visits by government officials,Houthi militants imposed a communications and internet blackout for two districts in Al-Hudaydah Governorate during a visit by a UN delegation to the city of Al-Khawkhah,CSO KIO partners,https://shutdowns.yodet.org/2025; https://yemenfuture.net/news/29566,Ended,3/2/2025,12,Unknown,,No,,,,,No,No,No,No,No,,Yes,Yes,,Unknown,,,No,Unknown,Unknown,,,No,,"Houthi militants reportedly destroyed a cable in the southern part of Al-Jarrahi District on Feb. 19, leading to a communications and internet blackout until Mar. 2 for Hays and Al-Khawkhah Districts, Al-Hudaydah Governorate. The shutdown coincided with a visit by a high-level UN delegation to Al-Khawkhah city.",,MENA
Actual,2/21/2025,Myanmar,"It only affected one city, county, or village","Payanthonzu, Kyain Seikgyi township, Kayin State",Shutdown,Mobile,Full network,Non-government,Thailand authorities,Other,Thai authorities cut off mobile and internet connections on AIS SIM cards used in Payathonzu,CSO KIO partners,https://news-eleven.com/article/300503; https://engagemedia.org/2025/myanmar-digital-coup-quarterly-february-2025-april-2025/; https://burmese.monnews.org/2025/04/08/%E1%80%98%E1%80%AF%E1%80%9B%E1%80%AC%E1%80%B8%E1%80%9E%E1%80%AF%E1%80%B6%E1%80%B8%E1%80%86%E1%80%B0%E1%80%99%E1%80%BC%E1%80%AD%E1%80%AF%E1%80%B7%E1%80%95%E1%80%B1%E1%80%AB%E1%80%BA%E1%80%90%E1%80%BD-2/; https://www.thaiexaminer.com/thai-news-foreigners/2026/01/30/mae-sot-police-raid-and-smash-covert-internet-transmission-facilities-busy-beaming-signals-into-myawaddy/,Ongoing,,,Other,To curb online fraud and money laundering activities,Yes,,,https://news-eleven.com/article/300503; https://www.rfa.org/burmese/program_2/thailand-electric-cut-myawaddy-02042025131858.html,,No,No,No,No,No,,Yes,Yes,Thailand: AIS,Unknown,,,No,Unknown,Unknown,,,No,,"Mobile internet and phone lines through AIS (a Thai mobile provider) SIM cards were disabled in Payanthonzu, Kyain Seikgyi township, Kayin State by Thai authorities beginning the morning of Feb. 21. The shutdown in Payathonzu (Kyain Seikgyi township) was ongoing as of Apr. 8 with reports of widespread Starlink usage.",,APAC
Estimated,2/25/2025,Myanmar,"It only affected one city, county, or village","Namtaw town, Homalin township, Sagaing Division",Shutdown,Mobile,Full network,Military,Military junta,Conflict,Internet and phone lines were cut off by the military council in an area of active conflict,CSO KIO partners,https://www.shannivoice.com/%E1%80%94%E1%80%99%E1%80%B7%E1%80%BA%E1%80%90%E1%80%B1%E1%80%AC%E1%80%92%E1%80%B1%E1%80%9E%E1%80%90%E1%80%BD%E1%80%84%E1%80%BA-%E1%80%96%E1%80%AF%E1%80%94%E1%80%BA%E1%80%B8%E1%80%9C%E1%80%AD%E1%80%AF/; https://engagemedia.org/2025/myanmar-digital-coup-quarterly-february-2025-april-2025/; https://www.bnionline.net/en/news/network-outages-homalin-township,Ended,3/5/2025,9,Unknown,,No,,,,,No,No,No,No,No,,Yes,Yes,Myanmar: MPT,Unknown,,,No,Unknown,Unknown,,,No,,"Mobile internet and phone lines through MPT were cut off by the military council in Namtaw town, Homalin township, Sagaing Division around Feb. 25. Mobile money services became virtually unusable for residents. The shutdown was active until at least Mar. 5.",,APAC
Actual,3/2/2025,Myanmar,"It only affected one city, county, or village","Yesagyo township, Magway Division",Shutdown,Mobile,Full network,Military,Military junta,Conflict,Internet and phone lines were cut off by the military council in an area of active conflict,CSO KIO partners,https://yktnews.com/2025/03/205988/; https://yktnews.com/2025/03/208563/; https://engagemedia.org/2025/myanmar-digital-coup-quarterly-february-2025-april-2025/; https://athanmyanmar.org/myanmar-communication-blackout-2021-to-present/,Ended,3/23/2025,22,Unknown,,No,,,,,No,No,No,No,No,,Yes,Yes,,Unknown,,,No,Yes,Yes,,,No,,"Mobile internet and phone lines were cut off by the military council in Yesagyo township, Magway Division from the morning of Mar. 2 until at least Mar. 23. During this shutdown period, according to reports, junta troops launched an offensive on multiple villages. They burned down villages across the township, causing thousands of locals to flee, and killing at least 18 civilians in public housing (the majority of whom were elderly). They abducted dozens of people throughout the area and used them as human shields as they continued their advance.",,APAC
Actual,3/3/2025,Myanmar,"It only affected one city, county, or village","Myaing township, Magway Division",Shutdown,"Broadband, Mobile",Full network,Military,Myaing People's Defense Force (PDF),Conflict,The PDF ordered the temporary closure of Starlink cafes,CSO KIO partners,https://mpapress.com/%E1%80%94%E1%80%AD%E1%80%AF%E1%80%84%E1%80%BA%E1%80%84%E1%80%B6%E1%80%9B%E1%80%B1%E1%80%B8/59645/; https://engagemedia.org/2025/myanmar-digital-coup-quarterly-february-2025-april-2025/; https://eng.mizzima.com/2025/03/06/19790,Unknown,,,National security/ Counter-terrorism,To control information leaks regarding airstrike target intelligence,Yes,,,https://mpapress.com/%E1%80%94%E1%80%AD%E1%80%AF%E1%80%84%E1%80%BA%E1%80%84%E1%80%B6%E1%80%9B%E1%80%B1%E1%80%B8/59645/,,No,No,No,No,No,Starlink,No,No,,Unknown,,,No,Yes,Yes,,,No,,"Starlink internet cafes were ordered temporarily closed by the PDF in Myaing township, Magway Division starting Mar. 3, reportedly in an attempt to control information leaks around airstrikes by the junta. In this period, including on Mar. 3 and 4 alone, junta fighter jets targeted numerous villages, including monastaries, resulting in at least 15 deaths and 20 injuries, with dozens more civilian injuries and casualties reported around the township since late February. Traditional telecommunications networks had been shut down in Myaing for years at this point by the junta.",,APAC
Estimated,3/7/2025,Russian Federation,"It affected more than one city in the same state, province, or region",Republic of Dagestan,Shutdown,"Broadband, Mobile",Service-based,Executive government,,Information control,"Telegram was confirmed by regional authorities to be blocked in Dagestan by early March due to a ""security issue""",News media article,https://www.dw.com/ru/v-dagestane-priznali-blokirovku-telegram/a-71867241,Unknown,,,National security/ Counter-terrorism,,Yes,,,https://www.dw.com/ru/v-dagestane-priznali-blokirovku-telegram/a-71867241,,No,No,No,No,Yes,,No,No,,Unknown,,,No,No,No,,,No,,Telegram was confirmed to be blocked in the Republic of Dagestan by Mar. 7. There were additional reports of the app being blocked in Chechnya and Ingushetia since Oct. 2024.,,EECA
Estimated,3/8/2025,Myanmar,"It only affected one city, county, or village","Teepinkyo checkpoint, Pyay township, Bago Region","Shutdown, Throttle",Mobile,Full network,Military,Military junta,Conflict,Internet and phone lines were cut off by the military council in an area of active conflict,CSO KIO partners,https://mpapress.com/%E1%80%94%E1%80%AD%E1%80%AF%E1%80%84%E1%80%BA%E1%80%84%E1%80%B6%E1%80%9B%E1%80%B1%E1%80%B8/59801/; https://engagemedia.org/2025/myanmar-digital-coup-quarterly-february-2025-april-2025/; https://myanmar-now.org/en/news/arakan-army-gains-ground-in-bago-region-seizes-key-checkpoints-from-junta/,Unknown,,,Unknown,,No,,,,,No,No,No,No,No,,Yes,Yes,Myanmar: MPT,Unknown,,,No,Yes,Unknown,,,No,,"Mobile internet and phone lines were cut off by the military council in the area around Teepinkyo checkpoint, Pyay township, Bago Region starting around Mar. 8. The military was blockading supplies at the checkpoint, including food and fuel which was intended for MPT network towers. Residents reported slow or completely unavailable cell service.",,APAC
Actual,3/13/2025,Albania,"It affected locations in more than one state, province, or region",Nationwide,Shutdown,"Broadband, Mobile",Service-based,Executive government,National Authority for Cyber Security,Information control,TikTok was banned for one year in Albania,CSO KIO partners,https://explorer.ooni.org/findings/274282914400; https://explorer.ooni.org/chart/mat?test_name=web_connectivity&axis_x=measurement_start_day&since=2025-01-01&until=2025-12-19&time_grain=day&probe_cc=AL&domain=www.tiktok.com; https://apnews.com/article/albania-tiktok-shutdown-children-violence-83bf80324230fbe94ba1068d583ab855; https://www.cnn.com/2024/12/22/europe/albania-tiktok-ban-intl/index.html; https://explorer.ooni.org/chart/mat?probe_cc=AL&since=2025-01-27&until=2026-02-27&time_grain=day&axis_x=measurement_start_day&axis_y=probe_asn&test_name=web_connectivity&domain=www.tiktok.com%2Cs20.tiktokcdn.com%2Cp77-va.tiktokcdn.com%2Cp77-sign-va.tiktokcdn.com%2Cp77-sign-sg-lite.tiktokcdn.com%2Cp19-sign.tiktokcdn-us.com%2Cp19-sign.tiktokcdn-us.com%2Cmcs-va.tiktok.com%2Clf16-tiktok-web.ttwstatic.com%2Clf16-tiktok-common.ibytedtos.com%2Cm.tiktok.com%2Cwww.tiktok.com,Ongoing,,,Fake news/ Hate speech/ Incendiary content/ Promoting violence,"The government blamed the platform for inciting violence and bullying, especially with children",Yes,,Government order,https://www.balkanweb.com/nga-neser-shqiperia-pa-tiktok-akep-urdher-bllokoni-aksesin-me-13-mars-zbardhet-shkresa/#gsc.tab=0,,No,No,No,No,No,TikTok,No,No,,Unknown,,,No,No,No,,,Yes,,"Albanian authorities banned TikTok for one-year with effect from Mar. 13 following a fatal stabbing of a teenager the prior month. The Electronic and Postal Communications Authority provided a detailed list of domain names and IP addresses related to the service in an order to ISPs. According to OONI measurements, TikTok appears not to be blocked on all networks in the country since the order went into effect. The is Albania's first recorded shutdown. It was ongoing into early 2026.",,Europe
Actual,3/14/2025,India,"It only affected one city, county, or village","Sainthia town, Birbhum District, West Bengal",Shutdown,"Broadband, Mobile",Full network,State government,"Government of West Bengal, Home & Hill Affairs Department",Communal violence,A violent clash in Sainthia town during Holi led authorities to shut down the internet,CSO KIO partners,https://internetshutdowns.in/media/West_Bengal_govt_imposes_4-day_internet_shutdown_in_THIS_district_amid_violence___Today__eGk3oya.pdf; https://pulse.internetsociety.org/en/shutdowns/internet-suspended-in-west-bengal-india-march-2025/; https://x.com/ANI/status/1900756625436373356/photo/1; https://www.indiatoday.in/india/story/bengal-birbhum-violence-clashes-holi-internet-suspended-bjp-trinamool-2693883-2025-03-15; https://www.hindustantimes.com/india-news/violence-in-west-bengals-birbhum-after-holi-clash-internet-suspended-bjp-slams-tmc-101742030092277.html; https://timesofindia.indiatimes.com/city/kolkata/net-suspended-in-sainthia-after-holi-clashes/articleshow/119055505.cms,Ended,3/17/2025,4,Fake news/ Hate speech/ Incendiary content/ Promoting violence,,Yes,Yes,Government order,https://drive.google.com/file/d/1nNkuch4d_AQ274kUFXCwATZqb55cFg_o/view?usp=drive_link,,No,No,No,No,No,VoIP,No,No,,Unknown,,,No,Yes,Unknown,,,Unknown,,"Internet service and VoIP was suspended for at least 5 Gram Panchayat (GP) areas of Sainthia town, Birbhum District from 20:00 on Mar. 14 to 08:00 on Mar. 17.",,APAC
Actual,3/16/2025,Myanmar,"It affected locations in more than one state, province, or region","Mwe Myaysun village, Madaya township, Mandalay Region and Sinkai North village, Wetlet township, Sagaing Division",Shutdown,Mobile,Full network,Military,Military junta,Conflict,Internet and phone lines were cut off by the military council,CSO KIO partners,https://www.dvb.no/post/695322,Unknown,,,Unknown,,No,,,,,No,No,No,No,No,,Yes,Yes,,Unknown,,,No,Yes,Yes,,,No,,"Mobile internet and phone lines were cut off by the military council in Mwe Myaysun village, Madaya township, Mandalay Region and Sinkai North village, Wetlet township, Sagaing Division on Mar. 16 as the junta dropped bombs on villages on the east and west banks of the Ayeyarwady river. The nearest fighting with PDF troops was more than 10 miles from the site of the airstrikes. In Sinkai North village, 4 people, including 2 elderly, a woman over 30, and a 6-month old baby, were killed in the bombings, and more than 7 other people were injured. There was not information available from Mwe Myaysun village as locals were fleeing and the mobile shutdown prevented information from getting out.",,APAC
Actual,3/16/2025,Myanmar,"It affected more than one city in the same state, province, or region","Gangaw, Saw, and Tilin townships, Yaw region, Magway Division",Shutdown,Mobile,Full network,Military,Military junta,Conflict,Internet and phone lines were cut off by the military council in an area of active conflict,CSO KIO partners,https://web.archive.org/web/20250324081819/https://mpapress.com/%E1%80%85%E1%80%85%E1%80%BA%E1%80%9B%E1%80%B1%E1%80%B8/60216/; https://engagemedia.org/2025/myanmar-digital-coup-quarterly-february-2025-april-2025/,Unknown,,,Unknown,,No,,,,,No,No,No,No,No,,Yes,Yes,"Myanmar: Atom, Myanmar: MPT, Myanmar: Ooredoo",Unknown,,,No,Yes,Yes,,,No,,"Mobile internet and phone lines were cut off by the military council in Gangaw, Saw, and Tilin townships, Magway Division on Mar. 16 alongside intensified military activities. The shutdown coincided with reports of villages being burned, citizens arrested, and a bombing on Mar. 17 of the area around the Myittha Dam in Gangaw township where no active fighting was occurring.",,APAC
Actual,3/17/2025,Myanmar,"It only affected one city, county, or village","Hakha city, Chin State",Shutdown,"Broadband, Mobile",Full network,Military,Military junta,Conflict,Internet and phone lines were cut off by the military council ahead of a planned military incursion,CSO KIO partners,https://www.instagram.com/burmacjplatform/p/DHaorCSx2Be/; https://ayartimes.com/?p=51555; https://engagemedia.org/2025/myanmar-digital-coup-quarterly-february-2025-april-2025/; https://mmpeacemonitor.org/my/mmr-news/%e1%80%9f%e1%80%ac%e1%80%b8%e1%80%81%e1%80%ab%e1%80%b8%e1%80%99%e1%80%bc%e1%80%ad%e1%80%af%e1%80%b7%e1%80%95%e1%80%b1%e1%80%ab%e1%80%ba%e1%80%90%e1%80%bd%e1%80%84%e1%80%ba-%e1%80%9c%e1%80%bb%e1%80%be/,Unknown,,,Unknown,,No,,,,,No,No,No,No,No,,Yes,Yes,"Myanmar: Atom, Myanmar: MPT",Unknown,,,No,No,No,,,No,,"Internet service and phone lines were cut off by the military council in Hakha city, Chin State on Mar. 17 ahead of planned military operations. Hakha was the only remaining township in Chin State which still had telephone and internet service. The shutdown affected the ability of locals to contact loved ones, use mobile pay services, or take a university entrance exam. The shutdown was still in place as of Apr. 3, days after a devastating earthquake in the central part of the country.",,APAC
Actual,3/18/2025,Ukraine,"It only affected one city, county, or village",Slovyansk,"Shutdown, Throttle","Broadband, Mobile",Full network,Non-government,Military of the Russian Federation,Conflict,Missile strikes on civilian energy infrastructure,News media article,"https://www.kyivpost.com/post/49156#:~:text=Energy%20Top%20News-,Russian%20Strikes%20Hit%20Ukraine%20Mere%20Hours%20After%20Trump%2DPutin%20Ceasefire,the%20blaze%20at%20the%20site; https://x.com/kareemrifai/status/1902106856249496014",Unknown,,,Sabotage/ Third-party Action,,No,,,,,No,No,No,No,No,,Unknown,Unknown,,Unknown,,,No,Unknown,Unknown,,,No,,Air strikes by the Russian military on civilian energy infrastructure in Slovyansk led to internet disruptions beginning Mar. 18.,,EECA
Actual,3/19/2025,India,"It affected more than one city in the same state, province, or region","Shambhu and Khanauri border areas, Patiala and Sangrur Districts, Punjab",Shutdown,Unknown,Full network,Unknown,,Protests,"Following the arrest of farmer leaders in Mohali, electricity and internet were cutoff in protest areas",CSO KIO partners,https://internetshutdowns.in/media/Punjab__Internet_shut_down_at_borders_after_detention_of_farmer_leaders_c7534d40-ca84-46_P5WQ6T8.pdf; https://www.nationalheraldindia.com/politics/internet-shut-down-at-shambhu-khanauri-borders-after-detention-of-farmer-leaders; https://www.tribuneindia.com/news/punjab/internet-suspended-heavy-police-force-on-standby-near-shambhu-border/,Unknown,,,Unknown,,Unknown,,,,,No,No,No,No,No,,Unknown,Unknown,,Unknown,,,No,No,Unknown,,,No,,Internet services and electricity were cutoff in protest areas at the Shambhu and Khanauri border crossings in Patiala and Sangrur Districts on Mar. 19.,,APAC
Actual,3/19/2025,Turkey,"It affected locations in more than one state, province, or region",Nationwide,"Shutdown, Throttle","Broadband, Mobile",Service-based,Executive government,,Protests,Numerous social media and messaging platforms were either throttled or blocked in the midst of protests against the arrest of Istanbul's mayor and presidential candidate Imamoglu,CSO KIO partners,"https://ooni.org/post/2025-turkiye-throttling-social-media/; https://www.aljazeera.com/features/2025/3/23/why-are-there-protests-in-turkiye-what-to-know; https://www.amnesty.org/en/latest/news/2025/03/turkiye-unlawful-and-indiscriminate-attacks-on-peaceful-protesters-must-end-and-protest-bans-must-be-lifted-immediately/#:~:text=Mass%20protests%20following%20the%20detention,in%20T%C3%BCrkiye%20must%20immediately%20stop.",Ended,3/20/2025,2,Unknown,,No,,,,,Yes,Yes,Yes,Yes,Yes,"YouTube, TikTok, Signal",No,No,,Unknown,,,No,Yes,Yes,,,No,,"Numerous social media or messaging platforms were either throttled or blocked in Turkey between Mar. 19 and Mar. 20 in the midst of large-scale protests. X, Facebook, Instagram, WhatsApp, YouTube, TikTok, and Signal were all throttled, as evident by a measurable increase in TLS handshake times for the platforms according to OONI data and analysis. YouTube (on TurkNet) and Telegram Web were also blocked according to OONI data. There were also numerous reports of indiscriminate attacks on peaceful protesters by security forces, including the use of pepper spray, tear gas, water cannon, and plastic bullets at close range to the face and upper body.",,MENA
Actual,3/20/2025,Myanmar,"It only affected one city, county, or village","Payanthonzu, Kyain Seikgyi township, Kayin State",Shutdown,Mobile,Full network,Unknown,,Unknown,,CSO KIO partners,https://www.facebook.com/imnaburmese/posts/%E1%80%98%E1%80%AF%E1%80%9B%E1%80%AC%E1%80%B8%E1%80%9E%E1%80%AF%E1%80%B6%E1%80%B8%E1%80%86%E1%80%B0%E1%80%92%E1%80%B1%E1%80%9E%E1%80%81%E1%80%B6%E1%80%90%E1%80%AD%E1%80%AF%E1%80%B7-%E1%80%96%E1%80%AF%E1%80%94%E1%80%BA%E1%80%B8%E1%80%9C%E1%80%AD%E1%80%AF%E1%80%84%E1%80%BA%E1%80%B8%E1%80%94%E1%80%BE%E1%80%84%E1%80%B7%E1%80%BA%E1%80%A1%E1%80%84%E1%80%BA%E1%80%90%E1%80%AC%E1%80%94%E1%80%80%E1%80%BA%E1%80%9B%E1%80%9B%E1%80%BE%E1%80%AD%E1%80%99%E1%80%BE%E1%80%AF-%E1%80%95%E1%80%AD%E1%80%AF%E1%80%99%E1%80%AD%E1%80%AF%E1%80%81%E1%80%80%E1%80%BA%E1%80%81%E1%80%B2-%E1%80%9C%E1%80%BD%E1%80%90%E1%80%BA%E1%80%9C%E1%80%95%E1%80%BA%E1%80%9E%E1%80%B1%E1%80%AC-%E1%80%99%E1%80%BD%E1%80%94%E1%80%BA/1060436172778609/; https://athanmyanmar.org/myanmar-communication-blackout-2021-to-present/; https://burmese.monnews.org/2025/04/08/%E1%80%98%E1%80%AF%E1%80%9B%E1%80%AC%E1%80%B8%E1%80%9E%E1%80%AF%E1%80%B6%E1%80%B8%E1%80%86%E1%80%B0%E1%80%99%E1%80%BC%E1%80%AD%E1%80%AF%E1%80%B7%E1%80%95%E1%80%B1%E1%80%AB%E1%80%BA%E1%80%90%E1%80%BD-2/,Unknown,,,Unknown,,No,,,,,No,No,No,No,No,,Yes,Yes,Myanmar: Atom,Unknown,,,No,Unknown,Unknown,,,No,,"Mobile internet and phone lines of the provider Atom were cut off in Payanthonzu, Kyain Seikgyi township, Kayin State starting Mar. 20. The township was already severely affected by internet and electricity shutdowns since February due to efforts by Thai authorities to curb cybercrime activities, but it was unclear who was behind the additional shutdown of Atom. The shutdown in Payathonzu (Kyain Seikgyi township) was ongoing as of Apr. 8 with reports of widespread Starlink usage.",,APAC
Actual,3/21/2025,Pakistan,"It only affected one city, county, or village","Quetta, Balochistan",Shutdown,Mobile,Full network,State government,Government of Balochistan,Protests,,CSO KIO partners,https://killswitch.pk/?q=node/207; https://www.brecorder.com/news/40354023/internet-services-suspended-in-quetta; https://tribune.com.pk/story/2535746/govt-denies-killing-byc-activists-in-quetta-fire,Unknown,,,Unknown,,Unknown,,,,,No,No,No,No,No,,Unknown,Unknown,,Unknown,,,No,Yes,Yes,,,Unknown,,"Mobile internet, including 3G and 4G service, was suspended on Mar. 21 in Quetta, Balochistan due to alleged security concerns during protests. The Baloch Yakjehti Committee (BYC) accused the police force of opening fire on protesters, killing three people and injuring dozens, the timing of which would've occurred during the shutdown on Mar. 21.",,APAC
Estimated,3/23/2025,Myanmar,"It only affected one city, county, or village","Lemyethna township, Ayeyarwady Region",Shutdown,Mobile,Full network,Military,Military junta,Conflict,Internet and phone lines were cut off by the military council in an area of active conflict,CSO KIO partners,https://www.ludunwayoo.com/news-mm/2025/03/23/115391/?tztc=1; https://engagemedia.org/2025/myanmar-digital-coup-quarterly-february-2025-april-2025/; https://athanmyanmar.org/myanmar-communication-blackout-2021-to-present/,Unknown,,,Unknown,,No,,,,,No,No,No,No,No,,Yes,Yes,,Unknown,,,No,Yes,Unknown,,,No,,"Mobile internet and phone lines were cut off by the military council in Lemyethna township, Ayeyarwady Region by at least Mar. 23 during active fighting against resistance forces.",,APAC
Actual,3/24/2025,Papua New Guinea,"It affected locations in more than one state, province, or region",Nationwide,Shutdown,"Broadband, Mobile",Service-based,Law enforcement,Police Minister Peter Tsiamalili,Information control,Facebook was blocked in Papua New Guinea for two days coinciding with the prime minister's court appearance in an ongoing corruption case,News media article,https://www.abc.net.au/pacific/facebook-png-disrupted-by-tests-to-regulate-hate-speech/105092262; https://www.abc.net.au/news/2025-03-25/facebook-shut-down-in-papua-new-guinea-in-test/105092564,Ended,3/26/2025,3,National security/ Counter-terrorism,"The shutdown was reportedly a test of the government's ability to implement blockings, and the police minister used misinformation, pornography, and national security all as justifications",Yes,Yes,National Security (Amendment) Act 2024,https://www.abc.net.au/pacific/facebook-png-disrupted-by-tests-to-regulate-hate-speech/105092262,"""The move, described by Police Minister Peter Tsiamalili Jr. as a 'test', was allegedly conducted to assess the government's ability to restrict social media in the event of 'national security threats.' In a statement, Mr Tsiamalili said: 'The government has the responsibility to protect its citizens from harmful content and the spread of misinformation. This was a necessary step to evaluate our capabilities in maintaining public order.'""",Yes,No,No,No,No,,No,No,,Unknown,,,No,No,No,,,No,,"Authorities in Papua New Guinea blocked Facebook from Mar. 24 to Mar. 26 in a reported ""test"" of the country's abilities to restrict social media. The blocking coincided with an ongoing corruption case during which the prime minister had a scheduled court date. It's the first recorded shutdown for Papua New Guinea.",,APAC
Estimated,3/25/2025,Myanmar,"It only affected one city, county, or village","Chaung Nyi Ko and Yarmpho villages, Tanintharyi township, Tanintharyi Region",Shutdown,Mobile,Full network,Military,Military junta,Other,"Military checkpoints were in place ahead of the opening of the Min Than-Maung Hlaw bridge, and Atom service was unavailable",CSO KIO partners,https://www.daweiwatch.com/26/03/2025/108535/; https://engagemedia.org/2025/myanmar-digital-coup-quarterly-february-2025-april-2025/,Unknown,,,Unknown,,No,,,,,No,No,No,No,No,,Yes,Yes,Myanmar: Atom,Unknown,,,No,Unknown,Unknown,,,No,,"Mobile internet and phone lines of the provider Atom were cut off in Chaung Nyi Ko and Yarmpho villages, Tanintharyi township, Tanintharyi Region around Mar. 25. Military checkpoints and heightened security were reported ahead of the opening of the Min Than-Maung Hlaw bridge.",,APAC
Actual,3/27/2025,Turkey,"It affected locations in more than one state, province, or region",Nationwide,Shutdown,"Broadband, Mobile",Service-based,Judiciary,Ankara 4th Criminal Court of Peace,Protests,Opposition platform Boykotyap was blocked across Turkey in the midst of large scale protests,CSO KIO partners,https://explorer.ooni.org/findings/72755787600; https://tr.euronews.com/2025/03/27/chpnin-boykot-listesini-yayinladigi-siteye-erisim-engeli-getirildi; https://www.bbc.com/news/articles/c0egjvj8vdro; https://www.democracynow.org/2025/3/28/headlines/turkish_authorities_escalate_crackdown_on_protesters_and_the_media_amid_political_crisis; https://explorer.ooni.org/chart/mat?probe_cc=TR&since=2025-03-27&until=2026-02-13&time_grain=day&axis_x=measurement_start_day&test_name=web_connectivity&domain=boykotyap.com,Ongoing,,,Unknown,,Yes,,,,,No,No,No,No,No,Boykotyap,No,No,"Turkey: TurkNet, Turkey: TurkSat, Turkey: Turk Telekom (Oger Telecom)",Unknown,,,No,Yes,Yes,,,Unknown,,"Opposition platform Boykotyap was blocked across Turkey according to a judicial order dated Mar. 27. Evidence of blocking was available through OONI starting Mar. 28, and the block is ongoing in early 2026. Mayor of Istanbul, Imamoglu was arrested, spurring massive protests in which police used tear gas and water cannons on mostly student protesters. The opposition site contained a boycott list of organizations which did not support the protests, leading a judge in Ankara to order a block of the site.",,MENA
Actual,3/27/2025,Pakistan,"It only affected one city, county, or village","Quetta, Balochistan",Shutdown,Mobile,Full network,State government,Government of Balochistan,Protests,,CSO KIO partners,https://killswitch.pk/?q=node/208; https://www.samaa.tv/2087331039-quetta-faces-internet-outage-again; https://www.dawn.com/news/1900877,Unknown,,,National security/ Counter-terrorism,,Yes,,,https://www.dawn.com/news/1900877,"""In an official statement by the provincial government, spokesperson Shahid Rind said that internet services were suspended due to 'security threats'. No explanatory statement was issued by the government or the telecommunication companies for the suspension.""",No,No,No,No,No,,Unknown,Unknown,,No,https://www.dawn.com/news/1900877,"""In an official statement by the provincial government, spokesperson Shahid Rind said that internet services were suspended due to 'security threats'. No explanatory statement was issued by the government or the telecommunication companies for the suspension.""",No,No,No,,,No,,"Mobile internet, including 3G and 4G service, was suspended on Mar. 27 in Quetta, Balochistan due to alleged security concerns during protests including a planned march.",,APAC
Actual,4/5/2025,India,"It only affected one city, county, or village","Gandoh and Bhaderwah areas, Doda District, Jammu & Kashmir","Shutdown, Throttle",Mobile,Full network,State government,"Government of Jammu & Kashmir, Home Department",Protests,A controversial social media post prompted protests and a mobile shutdown in the immediate area around Bhaderwah,CSO KIO partners,https://internetshutdowns.in/media/03TSTSof2025_cecf146e-6800-4d05-bc6b-00b380d559a7._4340d9a7-f941-41ef-bd79-51c65ffa93ac..pdf; https://jkhome.nic.in/pdf/03(TSTS)of2025.pdf; https://clarionindia.net/protests-erupt-in-jks-bhaderwah-over-controversial-social-media-post-by-hindu-leader/,Ended,4/5/2025,1,Public safety/ Quell unrest/ Restore public order,,Yes,Yes,Government order,https://drive.google.com/file/d/1GzPRz4ziFmfTVDXb4NvvK2o1yruWy6SG/view?usp=drive_link,,No,No,No,No,No,,No,No,,Unknown,,,No,No,No,,,No,,"Mobile internet was suspended for the Gandoh and Bhaderwah areas, Doda District from 02:00 to 23:53 on Apr. 5. 3G/4G/5G and public Wi-Fi services were all suspended, and 2G service was throttled to less than 100 kb/s.",,APAC
Actual,4/6/2025,India,"It only affected one city, county, or village","Bhaderwah town, Doda District, Jammu & Kashmir",Shutdown,Mobile,Full network,State government,"Government of Jammu & Kashmir, Home Department",Protests,A controversial social media post prompted protests and an extension of a mobile shutdown,CSO KIO partners,https://internetshutdowns.in/media/04TSTSof2025_380fd905-ae7c-49f8-9427-5a2f3f32d4db._613eca9e-a0c1-431d-b2fd-d4a90a165a8f..pdf; https://jkhome.nic.in/pdf/04(TSTS)of2025.pdf; https://clarionindia.net/protests-erupt-in-jks-bhaderwah-over-controversial-social-media-post-by-hindu-leader/,Ended,4/6/2025,1,Public safety/ Quell unrest/ Restore public order,,Yes,Yes,Government order,https://drive.google.com/file/d/1RctyozQedWmd9TJ9tT40IDqCSHGIMf8T/view?usp=drive_link,,No,No,No,No,No,,No,No,,Unknown,,,No,No,No,,,No,,"In an extension of a previous order affecting the Bhaderwah and Gandoh areas, mobile internet was suspended for Bhaderwah town, Doda District from 00:01 to 20:00 on Apr. 6. 2G/3G/4G/5G and public Wi-Fi services were all suspended.",,APAC
Estimated,4/7/2025,Myanmar,"It only affected one city, county, or village","Pakkoku township, Magway Division",Shutdown,"Broadband, Mobile",Full network,Military,Military junta,Conflict,Internet and phone lines were cut off by the military council in an area of active conflict,CSO KIO partners,https://yktnews.com/2025/04/210565/; https://engagemedia.org/2025/myanmar-digital-coup-quarterly-february-2025-april-2025/; https://athanmyanmar.org/myanmar-communication-blackout-2021-to-present/,Unknown,,,Unknown,,No,,,,,No,No,No,No,No,,Yes,Yes,,Unknown,,,No,Yes,Unknown,,,No,,"Internet service and phone lines were cut off by the military council in Pakkoku township, Magway Division around Apr. 7. This shutdown coincided with military incursions, and was only days after a devastating earthquake in the country.",,APAC
Actual,4/8/2025,India,"It only affected one city, county, or village","Jangipur town, Murshidabad District, West Bengal",Shutdown,"Broadband, Mobile",Full network,State government,"Government of West Bengal, Home & Hill Affairs Department",Protests,The internet and VoIP was shutdown alongside a curfew amid reports of violence during protests against the Waqf Amendment,CSO KIO partners,https://internetshutdowns.in/media/Situation%20in%20Murshidabad%20peaceful%2C%20internet%20services%20suspended%20-%20The%20Economic%20Times_7741f2fc-c6e6-4668-88f9-55a380a08f0e..pdf; https://x.com/NetShutdowns/status/1911066768187027719; https://pulse.internetsociety.org/en/shutdowns/mobile-internet-suspended-in-jammu-and-kashmir-india-5-april-2025-2/; https://economictimes.indiatimes.com/news/india/situation-in-murshidabad-peaceful-internet-services-suspended/articleshow/120113923.cms?from=mdr; https://x.com/amitmalviya/status/1909657050239427008/photo/2,Ended,4/11/2025,4,Fake news/ Hate speech/ Incendiary content/ Promoting violence,,Yes,Yes,Government order,https://drive.google.com/file/d/1xuP-hMX8HE2pPO4N6sXdeWQqCbLMqX_E/view?usp=drive_link,,No,No,No,No,No,VoIP,No,No,,Unknown,,,No,Yes,Unknown,,,No,,"Internet service and VoIP was suspended for parts of Jangipur town, Murshidabad District from 19:30 on Apr. 8 to 18:00 on Apr. 11.",,APAC
Actual,4/11/2025,India,"It affected more than one city in the same state, province, or region","Parts of Birbhum, Malda, and Murshidabad Districts, West Bengal",Shutdown,"Broadband, Mobile",Full network,State government,"Government of West Bengal, Home & Hill Affairs Department",Protests,Continued protests and violence led authorities to shut down the internet for a broader area in West Bengal,CSO KIO partners,https://internetshutdowns.in/media/Internet%20Services%20Suspended%20In%20Violence-Hit%20Murshidabad%20Till%20Tomorrow_65794987-e323-4929-b64c-46f42cab93ed..pdf; https://x.com/NetShutdowns/status/1911756696466112861; https://news.abplive.com/cities/murshidabad-internet-shutdown-waqf-act-protest-violence-west-bengal-1765074#goog_rewarded; https://pulse.internetsociety.org/en/shutdowns/mobile-internet-suspended-in-jammu-and-kashmir-india-5-april-2025-2/,Ended,4/15/2025,5,Unknown,,Yes,,,https://news.abplive.com/cities/murshidabad-internet-shutdown-waqf-act-protest-violence-west-bengal-1765074#goog_rewarded,"""According to instructions issued by Nabanna [state government headquarters in Howrah], the internet services will remain shut in parts of Jangipur, Murshidabad, Malda and Birbhum till 10 pm on Tuesday, according to ABP Ananda.""",No,No,No,No,No,,Unknown,Unknown,,Unknown,,,No,Yes,Unknown,,,Unknown,,"In an extension of a previous order with a narrower scope in Murshidabad District, internet service was suspended for parts of Birbhum, Malda, and Murshidabad Districts from Apr. 11 to 22:00 on Apr. 15.",,APAC
Actual,4/11/2025,Myanmar,"It only affected one city, county, or village","Kale township, Sagaing Division",Shutdown,"Broadband, Mobile",Full network,Military,Military junta,Conflict,Internet and phone lines were cut off by the military council in an area of active conflict,CSO KIO partners,https://www.facebook.com/zalen.info/posts/%E1%80%80%E1%80%9C%E1%80%B1%E1%80%B8%E1%80%99%E1%80%BC%E1%80%AD%E1%80%AF%E1%80%B7%E1%80%94%E1%80%9A%E1%80%BA-%E1%80%A1%E1%80%95%E1%80%AB%E1%80%9D%E1%80%84%E1%80%BA-%E1%80%81%E1%80%BB%E1%80%84%E1%80%BA%E1%80%B8%E1%80%95%E1%80%BC%E1%80%8A%E1%80%BA%E1%80%94%E1%80%9A%E1%80%BA%E1%80%90%E1%80%85%E1%80%BA%E1%80%81%E1%80%AF%E1%80%9C%E1%80%AF%E1%80%B6%E1%80%B8%E1%80%94%E1%80%AE%E1%80%B8%E1%80%95%E1%80%AB%E1%80%B8-%E1%80%96%E1%80%AF%E1%80%94%E1%80%BA%E1%80%B8%E1%80%9C%E1%80%AD%E1%80%AF%E1%80%84%E1%80%BA%E1%80%B8%E1%80%99%E1%80%BB%E1%80%AC%E1%80%B8-%E1%80%96%E1%80%BC%E1%80%90%E1%80%BA%E1%80%90%E1%80%B1%E1%80%AC%E1%80%80%E1%80%BA%E1%80%81%E1%80%B6%E1%80%9B-%E1%80%A7%E1%80%95%E1%80%BC/1006220404942459/; https://bur.mizzima.com/2025/04/12/52991; https://bur.mizzima.com/2025/04/16/53360; https://engagemedia.org/2025/myanmar-digital-coup-quarterly-february-2025-april-2025/,Ended,4/15/2025,5,Unknown,,No,,,,,No,No,No,No,No,,Yes,Yes,,Unknown,,,No,Yes,Unknown,,,No,,"Internet service and phone lines were cut off by the military council in Kale township, Sagaing Division from the morning of Apr. 11 to the evening of Apr. 15 in the midst of heavy fighting with resistance forces. Locals reported that military aircraft activity often coincided with disruptions.",,APAC
Actual,4/13/2025,India,"It only affected one city, county, or village","Chatroo area, Kishtwar District, Jammu & Kashmir",Shutdown,Mobile,Full network,State government,"Government of Jammu & Kashmir, Home Department",Unknown,,CSO KIO partners,https://internetshutdowns.in/media/05TSTSof2025_31068e65-9967-4de9-b6bf-3e8e19a3aa7a._ed3bb503-f745-45b1-8e50-b2f4b367457b..pdf; https://jkhome.nic.in/pdf/05(TSTS)of2025.pdf; https://pulse.internetsociety.org/en/shutdowns/mobile-internet-suspended-in-jammu-and-kashmir-india-13-april-2025/,Ended,4/14/2025,2,Public safety/ Quell unrest/ Restore public order,,Yes,Yes,Government order,https://drive.google.com/file/d/19DFBxsrGrj0tqqsl0Dv-kOXwE9r6XXKN/view?usp=drive_link,,No,No,No,No,No,,No,No,"India: Airtel (Bharti Airtel), India: Reliance Jio (Reliance Industries)",Unknown,,,No,Unknown,Unknown,,,No,,"Mobile internet was suspended for 99 cell towers operated by Airtel and Reliance Jio in the Chatroo area, Kishtwar District from 16:00 on Apr. 13 to 23:59 on Apr. 14. 2G/3G/4G/5G and public Wi-Fi services were all suspended.",,APAC
Actual,4/14/2025,India,"It only affected one city, county, or village","Chatroo area, Kishtwar District, Jammu & Kashmir",Shutdown,Mobile,Full network,State government,"Government of Jammu & Kashmir, Home Department",Unknown,,CSO KIO partners,https://internetshutdowns.in/media/06TSTSof2025_2427203f-d6d6-4410-beea-6754faeb6990._20a0e031-bbb4-4361-a038-39533f8865ce..pdf; https://jkhome.nic.in/pdf/06(TSTS)of2025.pdf; https://pulse.internetsociety.org/en/shutdowns/mobile-internet-suspended-in-jammu-and-kashmir-india-13-april-2025/,Ended,4/15/2025,2,Public safety/ Quell unrest/ Restore public order,,Yes,Yes,Government order,https://drive.google.com/file/d/1h_pBzk74n2wNBB1vDaKUu6H8VzzvhdvG/view?usp=drive_link,,No,No,No,No,No,,No,No,"India: Airtel (Bharti Airtel), India: Reliance Jio (Reliance Industries)",Unknown,,,No,Unknown,Unknown,,,No,,"In an extension of a previous order, mobile internet was suspended for a larger set of hundreds of cell towers operated by Airtel and Reliance Jio in the Chatroo area, Kishtwar District from 14:00 on Apr. 14 to 23:59 on Apr. 15. 2G/3G/4G/5G and public Wi-Fi services were all suspended.",,APAC
Estimated,4/14/2025,Myanmar,"It only affected one city, county, or village","Kani township, Sagaing Division",Shutdown,Mobile,Full network,Military,Military junta,Conflict,Internet and phone lines were cut off by the military council in an area of active conflict,CSO KIO partners,https://myanmar-now.org/mm/news/62862/; https://engagemedia.org/2025/myanmar-digital-coup-quarterly-february-2025-april-2025/; https://athanmyanmar.org/myanmar-communication-blackout-2021-to-present/,Unknown,,,Unknown,,No,,,,,No,No,No,No,No,,Yes,Yes,,Unknown,,,No,Yes,Yes,,,No,,"Mobile internet and phone lines were cut off by the military council in Kani township, Sagaing Division around Apr. 14 in the midst of heavy airstrikes. The junta was bombing multiple areas around the central and western part of the country in the midst of Thingyan (Myanmar New Year) festivities, killing civilians as they targeted schools and religious sites.",,APAC
Actual,4/15/2025,Myanmar,"It only affected one city, county, or village","Tilin township, Magway Division",Shutdown,Mobile,Full network,Military,Military junta,Conflict,Internet and phone lines were cut off by the military council,CSO KIO partners,https://www.ludunwayoo.com/news-mm/2025/04/16/118059/; https://engagemedia.org/2025/myanmar-digital-coup-quarterly-february-2025-april-2025/; https://athanmyanmar.org/myanmar-communication-blackout-2021-to-present/,Unknown,,,Unknown,,No,,,,,No,No,No,No,No,,Yes,Yes,,Unknown,,,No,Yes,Unknown,,,No,,"Mobile internet and phones lines were cut off by the military council in Tilin township, Magway Division on Apr. 15 in the midst of airstrikes on east Tilin. There was no active fighting with resistance forces in the immediate area, and due to the shutdown, details and impacts of the bombing were not immediately known.",,APAC
Actual,4/15/2025,Myanmar,"It only affected one city, county, or village","Ywangan township, Shan State",Shutdown,Mobile,Full network,Military,Military junta,Conflict,Internet and phone lines were cut off by the military council in an area of active conflict,CSO KIO partners,https://burmese.shannews.org/archives/47849; https://engagemedia.org/2025/myanmar-digital-coup-quarterly-february-2025-april-2025/; https://athanmyanmar.org/myanmar-communication-blackout-2021-to-present/,Ended,4/18/2025,4,Unknown,,No,,,,,No,No,No,No,No,,Yes,Yes,,Unknown,,,No,Yes,Unknown,,,No,,"Mobile internet and phones lines were cut off by the military council in Ywangan township, Shan State from Apr. 15 until at least Apr. 18. The shutdown coincided with a military incursion by junta troops who would reportedly cut phone lines as they entered different villages in the area.",,APAC
Actual,4/16/2025,India,"It only affected one city, county, or village","Chatroo area, Kishtwar District, Jammu & Kashmir",Shutdown,Mobile,Full network,State government,"Government of Jammu & Kashmir, Home Department",Unknown,,CSO KIO partners,https://internetshutdowns.in/media/07TSTSof2025_ee5cd095-638f-449d-bd71-60d98f2fff10._44515342-0295-4a62-b276-129bd1937b24..pdf; https://jkhome.nic.in/pdf/07(TSTS)of2025.pdf; https://pulse.internetsociety.org/en/shutdowns/mobile-internet-suspended-in-jammu-and-kashmir-india-13-april-2025/,Ended,4/17/2025,2,Public safety/ Quell unrest/ Restore public order,,Yes,Yes,Government order,https://drive.google.com/file/d/127qB1-9gWQD3DyvSIpRpFU4viGrjQx-h/view?usp=drive_link,,No,No,No,No,No,,No,No,"India: Airtel (Bharti Airtel), India: Reliance Jio (Reliance Industries)",Unknown,,,No,Unknown,Unknown,,,No,,"In an extension of a previous order, mobile internet was suspended for a set of hundreds of cell towers operated by Airtel and Reliance Jio in the Chatroo area, Kishtwar District from 00:01 on Apr. 16 to 23:59 on Apr. 17. 2G/3G/4G/5G and public Wi-Fi services were all suspended.",,APAC
Actual,4/17/2025,Myanmar,"It only affected one city, county, or village","Lemyethna township, Ayeyarwady Region",Shutdown,Mobile,Full network,Military,Military junta,Conflict,Internet and phone lines were cut off by the military council in an area of active conflict,CSO KIO partners,https://ayartimes.com/?p=52878; https://engagemedia.org/2025/myanmar-digital-coup-quarterly-february-2025-april-2025/; https://athanmyanmar.org/myanmar-communication-blackout-2021-to-present/,Unknown,,,Unknown,,No,,,,,No,No,No,No,No,,Yes,Yes,,Unknown,,,No,Yes,Unknown,,,No,,"Mobile internet and phones lines were cut off by the military council in Lemyethna township, Ayeyarwady Region on Apr. 17 following airstrikes on villages in the township. The condition of the locals was not immediately known due to the shutdown.",,APAC
Estimated,4/20/2025,Myanmar,"It only affected one city, county, or village","Minthar village tract, Yebyu township, Tanintharyi Region",Shutdown,"Broadband, Mobile",Full network,Military,Military junta,Conflict,Internet and phone lines were cut off by the military council in an area of active conflict,CSO KIO partners,https://ayartimes.com/?p=53149; https://engagemedia.org/2025/myanmar-digital-coup-quarterly-february-2025-april-2025/; https://athanmyanmar.org/myanmar-communication-blackout-2021-to-present/,Ended,4/23/2025,4,Unknown,,No,,,,,No,No,No,No,No,,Yes,Yes,,Unknown,,,No,Yes,Yes,,,No,,"Internet service and phone lines were cut off by the military council in Minthar village tract, Yebyu township, Tanintharyi Region around Apr. 20 until at least Apr. 23 in the midst of clashes with resistance forces. There were reports of civilians fleeing, homes in villages being targeted by heavy artillery fire, and civilians being shot in the back and arrested when encountering junta troops.",,APAC
Actual,4/23/2025,India,"It only affected one city, county, or village","Doda and Bhaderwah towns, Doda District, Jammu & Kashmir","Shutdown, Throttle",Mobile,Full network,State government,"Government of Jammu & Kashmir, Home Department",Protests,"One day following the attack on civilians in Pahalgam, the Private School Association of Doda had a peaceful protest in Doda, which coincided with a mobile shutdown in the area",Other,https://jkhome.nic.in/pdf/09(TSTS)of2025.pdf; https://x.com/ians_india/status/1914950661256474783; https://www.facebook.com/intkhabalam.bagwan/posts/press-statementprivate-schools-association-district-dodadate-22nd-april-2025the-/1833008477432742/; https://www.instagram.com/reel/DIxop_sh-5y/,Ended,4/23/2025,1,Public safety/ Quell unrest/ Restore public order,,Yes,Yes,Government order,https://drive.google.com/file/d/1l-0B9X3fxQScY2tdUjl4Kn-rGTcJrgaX/view?usp=drive_link,,No,No,No,No,No,,No,No,,Unknown,,,No,No,No,,,No,,"Mobile internet was suspended for Doda and Bhaderwah towns, Doda District from 01:00 to 23:59 on Apr. 23. 3G/4G/5G and public Wi-Fi services were all suspended, and 2G service was throttled to less than 100 kb/s.",,APAC
Actual,4/23/2025,India,"It only affected one city, county, or village","Kishtwar District, Jammu & Kashmir",Shutdown,Mobile,Full network,State government,"Government of Jammu & Kashmir, Home Department",Conflict,Mobile internet was suspended in an area with active military operations one day following an attack on civilians in neighboring Anantnag District,CSO KIO partners,https://internetshutdowns.in/media/08TSTSof2025_de514322-69de-47df-96dc-fe518842c252._6afb9487-9603-461c-b6a9-7add575ba579..pdf; https://jkhome.nic.in/pdf/08(TSTS)of2025.pdf; https://pulse.internetsociety.org/en/shutdowns/mobile-internet-suspended-in-jammu-and-kashmir-india-23-april-2025/; https://www.bbc.com/news/articles/cy9vyzzyjzlo,Ended,4/23/2025,1,Public safety/ Quell unrest/ Restore public order,,Yes,Yes,Government order,https://drive.google.com/file/d/1aCeo5VoQ-cmLBzqawEZn-29qsZAXpa9S/view?usp=drive_link,,No,No,No,No,No,,No,No,,Unknown,,,No,Unknown,Unknown,,,No,,Mobile internet was suspended for Kishtwar District from 02:00 to 23:59 on Apr. 23. 2G/3G/4G/5G and public Wi-Fi services were all suspended.,,APAC
Actual,4/24/2025,India,"It only affected one city, county, or village","Doda and Bhaderwah towns, Doda District, Jammu & Kashmir","Shutdown, Throttle",Mobile,Full network,State government,"Government of Jammu & Kashmir, Home Department",Unknown,,CSO KIO partners,https://internetshutdowns.in/media/10TSTSof2025_5a365fb3-6289-4706-aa21-44a5a9321c79._4d446ba3-c0b6-4b08-a4a9-7af93906525f..pdf; https://jkhome.nic.in/pdf/10(TSTS)of2025.pdf; https://pulse.internetsociety.org/en/shutdowns/mobile-internet-suspended-in-jammu-and-kashmir-india-24-april-2025/,Ended,4/25/2025,2,Public safety/ Quell unrest/ Restore public order,,Yes,Yes,Government order,https://drive.google.com/file/d/1RT_vvvKqs6J4QJ1Ji56qmdmA3VF2HC_g/view?usp=drive_link,,No,No,No,No,No,,No,No,,Unknown,,,No,Unknown,Unknown,,,No,,"In an extension of a previous order, mobile internet was suspended for Doda and Bhaderwah towns, Doda District from 23:15 on Apr. 24 to 20:00 on Apr. 25. 3G/4G/5G and public Wi-Fi services were all suspended, and 2G service was throttled to less than 100 kb/s.",,APAC
Actual,4/27/2025,Yemen,"It affected locations in more than one state, province, or region",Houthi-controlled areas,Shutdown,"Broadband, Mobile",Full network,Non-government,Houthi Ministry of Communications and Information Technology,Conflict,"Houthi authorities demanded the surrender of Starlink devices, calling them a security risk",CSO KIO partners,https://shutdowns.yodet.org/2025; https://www.middleeastmonitor.com/20250428-houthis-demand-immediate-surrender-of-starlink-devices-in-yemen/; https://www.saba.ye/ar/news3472031.htm; https://mtit.gov.ye/news_info.aspx?NID=461; https://mtit.gov.ye/pdata_info.aspx?PDID=409,Ongoing,,,National security/ Counter-terrorism,Houthi authorities called Starlink a violation of Yemen's sovereignty and a threat to national security,Yes,,,https://www.middleeastmonitor.com/20250428-houthis-demand-immediate-surrender-of-starlink-devices-in-yemen/,,No,No,No,No,No,Starlink,No,No,,Unknown,,,No,Unknown,Unknown,,,No,,"Houthi authorities demanded residents immediately surrender any Starlink equipment on Apr. 27, issuing threats of confiscation and penalties which they ultimately followed through with. This shutdown affected Houthi-controlled areas of Yemen.",,MENA
Actual,4/28/2025,Russian Federation,"It only affected one city, county, or village",Vologograd,Shutdown,Mobile,Full network,Unknown,,Visits by government officials,There was a mobile internet shutdown in Volgograd one day ahead of a visit from Putin and Lukashenko to the city for a business forum,CSO KIO partners,https://meduza.io/news/2025/04/29/v-volgograde-pered-priezdom-putina-i-lukashenko-propal-mobilnyy-internet,Unknown,,,Unknown,,No,,,,,No,No,No,No,No,,Unknown,Unknown,"Russia: MegaFon, Russia: Tele2 (T2-RTK)",Yes,https://meduza.io/news/2025/04/29/v-volgograde-pered-priezdom-putina-i-lukashenko-propal-mobilnyy-internet,"[Google Translate] ""The press service of Megafon told the publication that the operator’s network is operating as normal. 'Difficulties could arise for external reasons', - the company reported.""",No,No,No,,,No,,There was a mobile internet shutdown in Volgograd on Apr. 28 ahead of a visit by Putin and Lukashenko to the city.,,EECA
Estimated,4/29/2025,Myanmar,"It only affected one city, county, or village","Kale city, Sagaing Division",Shutdown,"Broadband, Mobile",Full network,Military,Military junta,Conflict,Internet and phone lines were cut off by the military council in an area of active conflict,CSO KIO partners,https://chinworld.org/2025/05/%E1%80%81%E1%80%BB%E1%80%84%E1%80%BA%E1%80%B8%E1%80%95%E1%80%BC%E1%80%8A%E1%80%BA%E1%80%94%E1%80%9A%E1%80%BA%E1%80%94%E1%80%B2%E1%80%B7-%E1%80%80%E1%80%9C%E1%80%B1%E1%80%B8%E1%80%99%E1%80%BC%E1%80%AD/; https://engagemedia.org/2025/myanmar-digital-coup-quarterly-may-2025-july-2025/; https://www.rfa.org/english/myanmar/2025/04/30/junta-bombs-sagaing-region/; https://athanmyanmar.org/myanmar-communication-blackout-2021-to-present/,Ended,5/3/2025,5,Unknown,,No,,,,,No,No,No,No,No,,Yes,Yes,"Myanmar: Atom, Myanmar: MPT, Myanmar: Mytel, Myanmar: Ooredoo",Unknown,,,No,Yes,Unknown,,,No,,"Internet service and phone lines were cut off by the military council in Kale city, Sagaing Division around Apr. 29 until at least May 3 in the midst of recent junta aerial attacks. Just days prior, between Apr. 26-27, the junta had dropped 47 bombs on villages across Kale township, killing 8 people and injuring 28 others. Atom, Mytel, and Ooredoo were completely down, and MPT was only partially functional with MPT SIM cards surging in price.",,APAC
Actual,5/1/2025,Myanmar,"It only affected one city, county, or village","Mawchi area, Hpasawng township, Kayah State",Shutdown,"Broadband, Mobile",Full network,Military,District Joint Administrative Committee,Conflict,"Alongside other prohibitory orders, the District Joint Administrative Committee in Mawchi ordered Starlink to be shut down for one month to curb enemy informants",CSO KIO partners,"https://web.archive.org/web/20250921165227/https://www.kantarawaddytimes.org/%E1%80%9B%E1%80%94%E1%80%BA%E1%80%9E%E1%80%B0%E1%80%9E%E1%80%90%E1%80%84%E1%80%BA%E1%80%B8%E1%80%95%E1%80%B1%E1%80%B8%E1%80%90%E1%80%BD%E1%80%B1%E1%80%80%E1%80%BC%E1%80%B1%E1%80%AC%E1%80%84%E1%80%B7/; https://engagemedia.org/2025/myanmar-digital-coup-quarterly-may-2025-july-2025/; https://reliefweb.int/report/myanmar/status-human-rights-sanctions-myanmar-may-2025-report#:~:text=Coup%2C%20Crackdown%20on%20Protests%20and,civilians%20in%20the%20morning%20of; https://www.facebook.com/100044381921069/posts/1254158199406899/",Ended,6/1/2025,32,National security/ Counter-terrorism,They cited threats by enemy informants for the junta,Yes,,Government order,https://drive.google.com/file/d/1kwdczsOe2VKpStMqs3mrWU1Osohba35x/view?usp=drive_link,,No,No,No,No,No,Starlink,No,No,,Unknown,,,No,Yes,Yes,,,Yes,,"Starlink was shut down by the District Joint Administrative Committee in Mawchi area, Hpasawng township, Kayah State from May 1 to Jun. 1 for security reasons in the midst of fighting with the junta and ongoing airstrikes in the state. They also required all users to register their access. There was also a letter circulating on social media from the Karenni National Solidarity Organization (KNSO) ordering further seizure of Starlink devices for the same overlapping area of Mawchi, which the KNSO described as fake. The junta continued to bomb the area, killing and injuring civilians regularly as the original Starlink ban from May 1 remained in effect.",,APAC
Estimated,5/1/2025,Myanmar,"It only affected one city, county, or village","Mahlaing township, Mandalay Region","Shutdown, Throttle",Mobile,Full network,Military,Military junta,Conflict,Internet and phone lines were cut off by the military council in an area of active conflict,CSO KIO partners,https://web.archive.org/web/20250513193951/https://mpapress.com/%E1%80%94%E1%80%AD%E1%80%AF%E1%80%84%E1%80%BA%E1%80%84%E1%80%B6%E1%80%9B%E1%80%B1%E1%80%B8/62328/; https://athanmyanmar.org/myanmar-communication-blackout-2021-to-present/,Unknown,,,Unknown,,No,,,,,No,No,No,No,No,,Yes,Yes,"Myanmar: MPT, Myanmar: Mytel, Myanmar: Ooredoo",Unknown,,,No,Yes,Yes,,,No,,"Mobile internet and phones lines were cut off by the military council in Mahlaing township, Mandalay Region from the beginning of May in the midst of junta airstrikes targeting villages in the township. Service on MPT, Mytel, and Ooredoo was either throttled or undergoing frequent disruptions.",,APAC
Estimated,5/2/2025,Myanmar,"It only affected one city, county, or village","Saw township, Magway Division",Shutdown,Mobile,Full network,Military,Military junta,Conflict,Internet and phone lines were cut off by the military council in an area of active conflict,CSO KIO partners,https://yktnews.com/2025/05/213207/; https://engagemedia.org/2025/myanmar-digital-coup-quarterly-may-2025-july-2025/; https://athanmyanmar.org/myanmar-communication-blackout-2021-to-present/,Unknown,,,Unknown,,No,,,,,No,No,No,No,No,,Yes,Yes,,Unknown,,,No,Yes,Unknown,,,No,,"Mobile internet and phones lines were cut off by the military council in Saw township, Magway Division around May 2, coinciding with daily bombings on Kyaukhtu and surrounding areas.",,APAC
Actual,5/5/2025,Russian Federation,"It affected locations in more than one state, province, or region",40 regions across the country,Shutdown,Mobile,Full network,Executive government,,Other,There was a mobile internet shutdown throughout most regions of Russia during Victory Day celebrations,CSO KIO partners,https://pulse.internetsociety.org/en/shutdowns/mobile-internet-suspended-in-russia-may-2025/; https://www.themoscowtimes.com/2025/05/05/moscow-hit-with-internet-disruptions-ahead-of-victory-day-parade-a88971; https://vm.ru/news/1227546-otklyucheniya-mobilnogo-interneta-nachalis-v-moskve; https://tvrain.tv/news/v-gosdume-nazvali-opravdannoj-meroj-otkljuchenie-interneta-vo-vremja-massovyh-meroprijatij-562195/,Ended,5/9/2025,5,National security/ Counter-terrorism,To reportedly deter drone attacks from Ukraine during Victory Day celebrations,Yes,,,https://www.themoscowtimes.com/2025/05/05/moscow-hit-with-internet-disruptions-ahead-of-victory-day-parade-a88971; https://kyivindependent.com/kremlin-cites-dangerous-neighbors-as-reason-for-internet-restrictions-before-victory-day/; https://tvrain.tv/news/v-gosdume-nazvali-opravdannoj-meroj-otkljuchenie-interneta-vo-vremja-massovyh-meroprijatij-562195/,"""Russia’s emergency alert system sent out messages warning of mobile internet restrictions from May 5 to May 9 'to ensure security in connection with the preparation and celebration of the Victory Day parade.'"" ""Mobile internet restrictions will be enforced in Moscow and several Russian regions while foreign officials visit the country, Kremlin spokesperson Dmitry Peskov said on May 7. Peskov claimed the measures, which may last through May 10, are necessary due to 'dangerous neighbors.' 'These are not disruptions, but restrictions for obvious reasons. We want the glorious Victory Day to be celebrated at the appropriate level.' he added.""",No,No,No,No,No,,No,No,,Unknown,,,No,No,No,,,No,,There was a mobile internet shutdown in at least 40 regions across Russia from May 5 to May 9 in the midst of Victory Day celebrations. Authorities claimed it was a measure for national security or defense against drone attacks.,https://www.accessnow.org/press-release/kremlin-must-end-internet-shutdowns-national-events/,EECA
Actual,5/7/2025,Myanmar,"It only affected one city, county, or village","Gangaw township, Magway Division",Shutdown,Mobile,Full network,Military,Military junta,Conflict,Internet and phone lines were cut off by the military council in an area of active conflict,CSO KIO partners,https://yktnews.com/2025/05/213820/; https://engagemedia.org/2025/myanmar-digital-coup-quarterly-may-2025-july-2025/; https://athanmyanmar.org/myanmar-communication-blackout-2021-to-present/; https://www.facebook.com/kachinwavesnews/posts/pfbid0boYFEX5fEPWMsvrJbhUxh9q5Ns586XX8mbmHQmX6KWhosdNrStouVxkHAF6YdRqml/,Unknown,,,Unknown,,No,,,,,No,No,No,No,No,,Yes,Yes,,Unknown,,,No,Yes,Yes,,,No,,"Mobile internet and phones lines were cut off by the military council in Gangaw township, Magway Division on May 7, immediately preceding airstrike attacks on the northern part of the township around 8:30pm (local time). Reports indicated that 11 civilians, including teachers and students at a school in Lalma village, were killed because they were unaware of a military column advancing due to the shutdown.",,APAC
Actual,5/7/2025,Myanmar,"It affected more than one city in the same state, province, or region","Hainggyi Island, Hinthada, Kyangin, Kyonpyaw, Lemyethna, Myanaung, Nga Yoke Kaung, Tahbaung, and Yegyi townships, Ayeyarwady Region",Shutdown,Mobile,Full network,Military,Military junta,Conflict,Internet and phone lines were cut off in an area of active conflict,CSO KIO partners,https://burmese.dvb.no/post/707611; https://engagemedia.org/2025/myanmar-digital-coup-quarterly-may-2025-july-2025/; https://athanmyanmar.org/myanmar-communication-blackout-2021-to-present/,Ended,5/31/2025,25,Unknown,,No,,,,,No,No,No,No,No,,Yes,Yes,,Unknown,,,No,Yes,Unknown,,,No,,Mobile internet and phone lines were cut off frequently by the military council in 9 townships in Ayeyarwady Region from May 7 until at least May 31 during ongoing clashes with resistance forces.,,APAC
Actual,5/8/2025,India,"It only affected one city, county, or village","Faridkot District, Punjab",Shutdown,"Broadband, Mobile",Full network,Local government,Deputy Commissioner Poonamdeep Kaur,Conflict,"Amid rumors spread on social media about explosions in a nearby village as conflict was escalating between India and Pakistan, local authorities shut off internet and electricity",CSO KIO partners,https://internetshutdowns.in/media/Internet%20services%20suspended%20in%20Faridkot%20since%20last%20night%20Viral%20blast%20posts%20prompt%20administration%20to%20heighten%20vigil%20and%20curb%20rumors%20-%20Punjab%20News%20_%20Bhaskar%20English_b7de0133-007e-402f-ab4f-7efd3774f26e..pdf; https://pulse.internetsociety.org/en/shutdowns/internet-suspended-in-faridkot-punjab-india-8-may-2025/; https://jagbani.punjabkesari.in/punjab/news/internet-shut-down-in-faridkot-1563779; https://www.bhaskarenglish.in/local/punjab/news/internet-services-suspended-in-faridkot-since-last-night-134993147.html,Ended,5/9/2025,2,Fake news/ Hate speech/ Incendiary content/ Promoting violence,,Yes,,,https://www.bhaskarenglish.in/local/punjab/news/internet-services-suspended-in-faridkot-since-last-night-134993147.html,"""According to the administration, this action was taken to prevent the spread of rumors amid the tense atmosphere.""",No,No,No,No,No,,Unknown,Unknown,,Unknown,,,No,No,Unknown,,,No,,"Internet services were suspended for Faridkot District, Punjab from around 22:00 on May 8 until the following afternoon on May 9. Electricty was reportedly cutoff the night of May 8 as well.",,APAC
Actual,5/9/2025,Lithuania,"It affected locations in more than one state, province, or region",Nationwide,Shutdown,"Broadband, Mobile",Service-based,Executive government,Radio and Television Commission,Other,VKontakte (VK) and Odnoklassniki (ok.ru) were blocked in Lithuania in accordance with EU sanctions against the platforms' owners,News media article,"https://novayagazeta.ee/articles/2025/05/09/blokirovka-vkontakte-i-odnoklassnikov-v-litve-dlia-chasti-polzovatelei-zaderzhalas-pochti-na-polgoda-news#:~:text=%D0%A0%D0%B5%D1%88%D0%B5%D0%BD%D0%B8%D0%B5%20%D0%BE%20%D0%B1%D0%BB%D0%BE%D0%BA%D0%B8%D1%80%D0%BE%D0%B2%D0%BA%D0%B5%20%D0%B2%20%D0%9B%D0%B8%D1%82%D0%B2%D0%B5,%D0%BF%D0%BE%D1%81%D0%BB%D0%B5%20%D0%B2%D1%81%D1%82%D1%83%D0%BF%D0%BB%D0%B5%D0%BD%D0%B8%D1%8F%20%D0%BF%D0%BE%D1%81%D1%82%D0%B0%D0%BD%D0%BE%D0%B2%D0%BB%D0%B5%D0%BD%D0%B8%D1%8F%20%D0%B2%20%D1%81%D0%B8%D0%BB%D1%83.; https://explorer.ooni.org/chart/mat?probe_cc=LT&since=2024-12-01&until=2025-12-21&time_grain=day&axis_x=measurement_start_day&test_name=web_connectivity&domain=vk.com",Ongoing,,,Other,,Yes,,EU Sanctions,"https://novayagazeta.ee/articles/2025/05/09/blokirovka-vkontakte-i-odnoklassnikov-v-litve-dlia-chasti-polzovatelei-zaderzhalas-pochti-na-polgoda-news#:~:text=%D0%A0%D0%B5%D1%88%D0%B5%D0%BD%D0%B8%D0%B5%20%D0%BE%20%D0%B1%D0%BB%D0%BE%D0%BA%D0%B8%D1%80%D0%BE%D0%B2%D0%BA%D0%B5%20%D0%B2%20%D0%9B%D0%B8%D1%82%D0%B2%D0%B5,%D0%BF%D0%BE%D1%81%D0%BB%D0%B5%20%D0%B2%D1%81%D1%82%D1%83%D0%BF%D0%BB%D0%B5%D0%BD%D0%B8%D1%8F%20%D0%BF%D0%BE%D1%81%D1%82%D0%B0%D0%BD%D0%BE%D0%B2%D0%BB%D0%B5%D0%BD%D0%B8%D1%8F%20%D0%B2%20%D1%81%D0%B8%D0%BB%D1%83.","[Google Translate] ""'We are currently working to clarify the situation and determine possible reasons for the delay in introducing the ban. It is likely that some Internet service providers (ISPs) did not fully implement the lock until recently, which may explain why resources remained available to some users. We are contacting relevant parties to better understand the current status of implementation', explained head of the legal department of the Lithuanian Radio and Television Commission Vadim Gaspersky.""",No,No,No,No,No,"VK (VKontakte), Ok.ru (Odnoklassniki)",No,No,,Unknown,,,No,No,No,,,Yes,,"Authorities in Lithuania blocked VK and Odnoklassniki in accordance with EU sanctions against the platforms' owners (Yury Kovalchuk and Vladimir Kiriyenko) following Russia's full-scale invasion of Ukraine in 2022. The Radio and Television Commision ordered the blocking on Dec. 18, 2024, but evidence of anomalies in OONI measurements did not appear until May 9, 2025. The blocks are ongoing. This is Lithuania's first recorded shutdown.",,Europe
Actual,5/16/2025,Libya,"It only affected one city, county, or village",Tripoli,Shutdown,"Broadband, Mobile",Full network,Unknown,,Protests,Protests against the Government of National Unity in Tripoli coincided with a 22-hour internet shutdown,CSO KIO partners,https://nitter.net/CloudflareRadar/status/1924531956441563260#m; https://bsky.app/profile/ioda.live/post/3lpjsbilzrk2k; https://www.instagram.com/p/DJu5jvDICeZ/; https://blog.cloudflare.com/q2-2025-internet-disruption-summary/?utm_campaign=cf_blog&utm_content=20250722&utm_medium=organic_social&utm_source=twitter/#libya; https://libyareview.com/55698/protestors-face-internet-shutdown-in-libyan-capital/; https://ioda.inetintel.cc.gatech.edu/country/LY?from=1747344365&until=1747689965&view=view2; https://www.hrw.org/news/2025/05/20/libya-civilians-caught-militia-clashes,Ended,5/17/2025,2,Unknown,,No,,,,,No,No,No,No,No,,Unknown,Unknown,,Yes,https://bsky.app/profile/ioda.live/post/3lpjsny5dns24,"""...we're currently experiencing a general glitch in the internet network...""",No,Yes,Yes,,,No,,"The internet was shut down across at least 6 networks in the Tripoli area of Libya between 13:30 UTC+0 (15:30 local time) on May 16 until around 13:30 UTC+0 on May 17. Some networks returned around 1:30 UTC+0 on May 17, while Giga went offline again until around 13:30 UTC+0 on May 17. The shutdown coincided with intensifying protests against the national unity government and during a week of intensified violence. There were also reports of live ammunition being used on protestors by security forces.",,MENA
Actual,5/17/2025,India,"It only affected one city, county, or village","Bradipathri and Charar-e-Sharief areas, Budgam District, Jammu & Kashmir",Shutdown,Mobile,Full network,State government,"Government of Jammu & Kashmir, Home Department",Conflict,,CSO KIO partners,https://internetshutdowns.in/media/11TSTSof2025_566baf06-5a88-46cc-805c-825cb892e244._9a1132dd-1bbd-4f43-8528-b9d2e53c16d6..pdf; https://jkhome.nic.in/pdf/11(TSTS)of2025.pdf,Ended,5/19/2025,3,National security/ Counter-terrorism,,Yes,Yes,Government order,https://drive.google.com/file/d/1jX4nvz0OkhGMfq9ydelMJkuQ1m3sxCgG/view?usp=drive_link,,No,No,No,No,No,,No,No,,Unknown,,,No,Unknown,Unknown,,,No,,"Mobile internet was suspended for 3 cell towers in the Bradipathri and Charar-e-Sharief areas, Budgam District from 21:00 on May 17 to 22:00 on May 19. The order referenced a ""security deployment"" being compromised as reasoning for shutting down the internet.",,APAC
Actual,5/20/2025,Iraq,"It affected locations in more than one state, province, or region",Nationwide,Shutdown,"Broadband, Mobile",Full network,Executive government,Ministry of Education,Exam cheating,The internet was shut down in Iraq over the middle school exam period 7 times,CSO KIO partners,https://bsky.app/profile/ioda.live/post/3lpmblw4m5c2g; https://ioda.inetintel.cc.gatech.edu/country/IQ?from=1746462761&until=1752597161&view=view1; https://x.com/CloudflareRadar/status/1930310203083210760#m; https://pulse.internetsociety.org/en/shutdowns/internet-shutdown-for-iraq-exam-20-may-2025/,Ended,6/2/2025,14,School exams,,Yes,,,https://www.moc.gov.iq/?article=1015,"""The Ministry of Communications would like to point out that Internet service will be cut off for two hours during the general intermediate school exams, from six in the morning until eight o'clock, based on higher directives and at the request of the Ministry of Education.""",No,No,No,No,No,,No,No,,Unknown,,,No,No,No,,,Yes,,"Authorities in Iraq shut down the internet nationwide during a middle school exam period on 7 occasions between May 20 and Jun. 2 (May 20, May 22, May 24, May 26, May 28, May 31, Jun. 2) each from 6:00-8:00am (UTC+3, local time).",https://www.accessnow.org/no-exam-shutdown-new-academic-year/,MENA
Actual,5/20/2025,"Tanzania, United Republic of","It affected locations in more than one state, province, or region",Nationwide,Shutdown,"Broadband, Mobile",Service-based,Executive government,,Political instability,X was blocked in Tanzania in the midst of opposition leader Tundu Lissu's treason trial and the detaining and deportation of human rights activists,CSO KIO partners,https://explorer.ooni.org/findings/133109222300; https://ooni.org/post/2025-tanzania-blocked-twitter/; https://explorer.ooni.org/chart/mat?probe_cc=TZ&since=2025-01-01&until=2025-12-11&time_grain=day&axis_x=measurement_start_day&test_name=web_connectivity&domain=x.com; https://explorer.ooni.org/chart/mat?probe_cc=TZ&since=2025-01-27&until=2026-02-27&time_grain=day&axis_x=measurement_start_day&test_name=web_connectivity&domain=x.com%2Ctwitter.com,Ongoing,,,Illegal content,The government alleged that X hosted pornographic content against the country's moral values,Yes,Yes,"2000 Online Content Regulations, Section 16",https://www.thecitizen.co.tz/tanzania/news/national/tanzanian-government-confirms-blocking-of-x-twitter-over-pornographic-content-5068542,,No,Yes,No,No,No,,No,No,,Unknown,,,No,Unknown,Unknown,,,No,,"X was blocked in Tanzania beginning May 20 by most ISPs, with the remainder implementing the block in June. The block came amidst a broadening crackdown on the opposition by President Suluhu's government. Depending on the provider, the block was implemented differently, with ISPs using techniques like DNS hijacking, TLS interference, and IP level blockings (see linked OONI report). The block was ongoing throughout 2025 into early 2026.",https://www.accessnow.org/press-release/keepiton-in-tanzania-restore-access-to-x-now/,Africa
Actual,5/21/2025,Russian Federation,"It affected more than one city in the same state, province, or region",Lipetsk Oblast,Shutdown,Mobile,Full network,Military,Military of the Russian Federation,Conflict,"The Russian military cut off in the Lipetsk region, reportedly to curb drone attacks",CSO KIO partners,https://meduza.io/news/2025/05/21/v-lipetskoy-oblasti-voennye-otklyuchili-mobilnyy-internet-iz-za-ugrozy-ataki-dronov-na-sboi-zhaluyutsya-takzhe-v-podmoskovie; https://x.com/mediazzzona/status/1925101088371261547,Unknown,,,National security/ Counter-terrorism,To reportedly deter drone attacks,Yes,,,https://meduza.io/news/2025/05/21/v-lipetskoy-oblasti-voennye-otklyuchili-mobilnyy-internet-iz-za-ugrozy-ataki-dronov-na-sboi-zhaluyutsya-takzhe-v-podmoskovie,"[Google Translate] ""On the night of May 21, the military in the Lipetsk region temporarily limited the operation of the mobile Internet 'for security reasons', said the regional governor Igor Artamonov. 'The decision to temporarily shut down was made by the military for security reasons. Last night alone, air defense forces shot down 127 drones over various regions of the country', he wrote. Artamonov added that access to mobile Internet will be restored 'as soon as the situation allows'. He noted that landline Internet and Wi-Fi connections are operating as normal.""",No,No,No,No,No,,No,No,,Unknown,,,No,Unknown,Unknown,,,No,,"There was a mobile internet shutdown beginning the night of May 21 in the Lipetsk Oblast, reportedly to curb drone attacks.",https://www.accessnow.org/russias-record-war-on-connectivity/,EECA
Actual,5/22/2025,India,"It only affected one city, county, or village","Bhaderwah area, Doda District, Jammu & Kashmir",Shutdown,Mobile,Full network,State government,"Government of Jammu & Kashmir, Home Department",Unknown,,CSO KIO partners,https://internetshutdowns.in/media/12TSTSof2025_920b0010-e266-4a07-8734-206e70cd183a._50ccdd26-b059-47f3-a946-e5ce047ba9f8..pdf; https://jkhome.nic.in/pdf/12(TSTS)of2025.pdf; https://www.msn.com/en-in/news/India/j-k-govt-halts-internet-services-in-dodas-bhaderwah-amid-alert-over-misuse-by-anti-national-elements/ar-AA1FoSKp; https://risingkashmir.com/mobile-internet-services-suspended-in-bhaderwah-till-may-27-2/; https://www.medianama.com/2025/05/223-jk-suspends-internet-bhaderwah-maintain-public-order/,Ended,5/27/2025,6,Public safety/ Quell unrest/ Restore public order,,Yes,Yes,Government order,https://drive.google.com/file/d/1P6fuDUkqOeYRfVJF35pPBllGVPWqXvsQ/view?usp=drive_link,,No,No,No,No,No,,No,No,"India: Airtel (Bharti Airtel), India: Reliance Jio (Reliance Industries)",Unknown,,,No,Unknown,Unknown,,,No,,"Mobile internet was suspended for 74 cell towers operated by Airtel and Reliance Jio in the Bhaderwah area, Doda District from 20:00 on May 22 to 20:00 on May 27. 2G/3G/4G/5G and public Wi-Fi services were all suspended.",,APAC
Actual,5/25/2025,Viet Nam,"It affected locations in more than one state, province, or region",Nationwide,Shutdown,"Broadband, Mobile",Service-based,Executive government,Ministry of Information and Communications’ Department of Telecommunications,Information control,,CSO KIO partners,https://explorer.ooni.org/findings/382823169800; https://explorer.ooni.org/chart/mat?probe_cc=VN&since=2025-04-01&until=2025-08-01&time_grain=day&axis_x=measurement_start_day&test_name=telegram; https://www.techradar.com/vpn/vpn-privacy-security/vietnam-blocks-access-to-telegram-heres-all-you-need-to-know; https://www.aljazeera.com/news/2025/5/24/vietnam-orders-ban-on-popular-messaging-app; https://www.reuters.com/sustainability/society-equity/vietnam-acts-block-messaging-app-telegram-government-document-seen-by-reuters-2025-05-23/; https://advox.globalvoices.org/2025/06/24/vietnams-telegram-ban-cybersecurity-or-censorship/,Ended,7/10/2025,47,Illegal content,,Yes,,,https://www.aljazeera.com/news/2025/5/24/vietnam-orders-ban-on-popular-messaging-app,"""Almost 70 percent of 9,600 channels on Telegram in Vietnam contain 'poisonous and bad information', the government said in its report on the app, quoting police. Groups and associations on Telegram, involving tens of thousands of people, had disseminated 'antistate documents' and were involved in 'reactionary activities', the government added.""",No,No,No,No,Yes,,No,No,"Viet Nam: FPT Telecom, Viet Nam: Viettel, Viet Nam: VNPT",Unknown,,,No,Unknown,Unknown,,,Yes,,"Telegram was blocked in Vietnam from May 25 to Jul. 10. The government ordered ISPs on May 21 to block the app due to Telegram's alleged inaction in helping to combat crime on the platform by cooperating with the government. The ban followed 2018 and 2024 cybersecurity laws which required tech companies to register and cooperate with local authorities, as well as store user data and provide it to authorities upon request.",,APAC
Actual,5/28/2025,Russian Federation,"It only affected one city, county, or village",Moscow,Shutdown,"Broadband, Mobile",Full network,Non-government,Ukrainian IT Army,Conflict,Russian provider ASVT experienced a multi-day disruption following a cyberattack attributed to Ukrainian hackers,CSO KIO partners,https://blog.cloudflare.com/q2-2025-internet-disruption-summary/?utm_campaign=cf_blog&utm_content=20250722&utm_medium=organic_social&utm_source=twitter/#asvt-russia; https://therecord.media/moscow-internet-provider-asvt-ddos-attack,Ended,6/5/2025,9,Sabotage/ Third-party Action,,No,,,,,No,No,No,No,No,,No,No,Russia: ASVT,Yes,https://t.me/asvt_moscow/269,,No,No,No,,,No,,"The Russian network ASVT was disrupted by a DDoS attack, reportedly by Ukrainian hackers, from May 28 to Jun. 5.",,EECA
Actual,5/31/2025,Myanmar,"It only affected one city, county, or village","Launglon township, Dawei district, Tanintharyi Region","Shutdown, Throttle","Broadband, Mobile",Full network,Military,Military junta,Conflict,"Electricity, internet, and phone lines were cut off in an area of active conflict",CSO KIO partners,"https://www.daweiwatch.com/06/06/2025/113195/; https://engagemedia.org/2025/myanmar-digital-coup-quarterly-may-2025-july-2025/; https://athanmyanmar.org/myanmar-communication-blackout-2021-to-present/; https://kicnews.org/2025/06/%E1%80%9C%E1%80%B1%E1%80%AC%E1%80%84%E1%80%BA%E1%80%B8%E1%80%9C%E1%80%AF%E1%80%B6%E1%80%B8%E1%80%90%E1%80%BD%E1%80%84%E1%80%BA-%E1%80%94%E1%80%BE%E1%80%85%E1%80%BA%E1%80%95%E1%80%90%E1%80%BA%E1%80%80/
",Ended,6/21/2025,22,Unknown,,No,,,,,No,No,No,No,No,,Yes,Yes,"Myanmar: Atom, Myanmar: MPT, Myanmar: Ooredoo",Unknown,,,No,Yes,Unknown,IDPs,,No,,"Electricity, internet, and phone lines were cut off by the military council in Launglon township, Dawei district, Tanintharyi Region beginning May 31 until at least Jun. 6 in the midst of renewed clashes. Connections on Atom, MPT, and Ooredoo were intermittent and slow if there was connection available at all. The junta has restricted the transportation of fuel to Dawei district since April. The fuel shortages and resulting electricity blackouts and internet disruptions were reported as of at least Jun. 21.",,APAC
Estimated,5/31/2025,Nigeria,"It affected more than one city in the same state, province, or region","Birnin Magaji, Kaura Namoda, Shinkafi, and Zurmi, Zamfara State",Shutdown,Mobile,Full network,Executive government,Nigerian Communications Commission (NCC),Conflict,,News media article,https://thewhistler.ng/nuj-writes-ncc-over-three-month-internet-blackout-in-zamfara/; https://www.amnesty.org/en/latest/news/2025/05/nigeria-mounting-death-toll-unchecked-attacks-armed-groups/,Ongoing,,,Unknown,,No,,,,,No,No,No,No,No,,Unknown,Unknown,"Nigeria: Airtel (Bharti Airtel), Nigeria: Glo Mobile (Globacom), Nigeria: MTN",No,,,No,Yes,Unknown,,,No,,"Beginning in late May 2025, Birnin Magaji, Kaura Namoda, Shinkafi, and Zurmi, Zamfara State has experienced an internet shutdown. The government and ISPs have offered no public acknowledgment or explanation about the shutdown.",https://www.accessnow.org/press-release/keepiton-authorities-in-nigeria-must-reconnect-people-in-zamfara-north-now/,Africa
Actual,6/1/2025,Iraq,"It affected more than one city in the same state, province, or region",Kurdistan,Shutdown,"Broadband, Mobile",Full network,State government,"Kurdistan Regional Government, Ministry of Education",Exam cheating,The internet was shut down in the Kurdistan region of Iraq over the high school exam period 3 times,CSO KIO partners,https://nitter.net/CloudflareRadar/status/1930369362323464231#m; https://blog.cloudflare.com/q2-2025-internet-disruption-summary/#iraq; https://pulse.internetsociety.org/en/shutdowns/exams-shutdown-kurdistan-iraq-22-june-2025/; https://ioda.inetintel.cc.gatech.edu/region/1855?from=1748808772&until=1751400772&view=view1,Ended,6/11/2025,11,School exams,,Yes,,,https://drive.google.com/file/d/1KivKxwKPGANHIWludmg7t-zMqsJMgWoI/view?usp=drive_link; https://www.kurdistan24.net/ckb/story/845621/%D9%88%DB%95%D8%B2%D8%A7%D8%B1%DB%95%D8%AA%DB%8C-%D9%BE%DB%95%D8%B1%D9%88%DB%95%D8%B1%D8%AF%DB%95%D9%88%DB%95-%D8%AA%D8%A7%D9%82%DB%8C%DA%A9%D8%B1%D8%AF%D9%86%DB%95%D9%88%DB%95%DA%A9%D8%A7%D9%86%DB%8C-%D8%AF%D9%88%D8%A7%D8%AE%D8%B3%D8%AA; https://www.kurdistan24.net/ckb/story/847249/%D8%B3%D8%A8%DB%95%DB%8C-%D8%A6%DB%8C%D9%86%D8%AA%DB%95%D8%B1%D9%86%DB%8E%D8%AA-%D9%84%DB%95-%DA%A9%D9%88%D8%B1%D8%AF%D8%B3%D8%AA%D8%A7%D9%86-%D8%AF%DB%95%D8%A8%DA%95%D8%AF%D8%B1%DB%8E%D8%AA,,No,No,No,No,No,,Yes,No,"Iraq: IQ-Online, Iraq: KNET, Iraq: Korek Telecom, Iraq: Newroz Telecom",Unknown,,,No,No,No,,,Unknown,,"Authorities in the Kurdistan region of Iraq shut down the internet during a high school exam period on 3 occasions between Jun. 1 and Jun. 11 (Jun. 1, Jun. 4, Jun. 11) each from 6:30-7:45am (UTC+3, local time).",https://www.accessnow.org/no-exam-shutdown-new-academic-year/,MENA
Actual,6/3/2025,Myanmar,"It only affected one city, county, or village","Nyaung-U-Chauk road, Nyaung-U township, Mandalay Region",Shutdown,"Broadband, Mobile",Full network,Military,Military junta,Conflict,Internet and phone lines were cut off in an area of active conflict,CSO KIO partners,https://www.bbc.com/burmese/articles/cn8z94jy3pzo; https://engagemedia.org/2025/myanmar-digital-coup-quarterly-may-2025-july-2025/,Unknown,,,Unknown,,No,,,,,No,No,No,No,No,,Yes,Yes,,Unknown,,,No,Yes,Unknown,,,No,,"Internet service and phones lines were cut off by the military council along Nyaung-U-Chauk road, Nyaung-U township, Mandalay Region starting the morning of Jun. 3 in the midst of heavy fighting with resistance forces.",,APAC
Estimated,6/6/2025,Myanmar,"It only affected one city, county, or village","Naungcho township, Shan State",Shutdown,"Broadband, Mobile",Full network,Military,Military junta,Conflict,Internet and phone lines were cut off in an area of active conflict,CSO KIO partners,https://www.ludunwayoo.com/news-mm/2025/06/07/123231/; https://engagemedia.org/2025/myanmar-digital-coup-quarterly-may-2025-july-2025/,Unknown,,,Unknown,,No,,,,,No,No,No,No,No,,Yes,Yes,,Unknown,,,No,Yes,Unknown,,,No,,"Internet service and phones lines were cut off by the military council in Naungcho township, Shan State around Jun. 6 following heavy airstrikes by the junta on nearby villages, including a market and monastery where multiple civilians were injured.",,APAC
Actual,6/6/2025,Myanmar,"It affected more than one city in the same state, province, or region",Rakhine State,Shutdown,Mobile,Full network,Military,Military junta,Conflict,Internet and phone lines were cut off in an area of active conflict,CSO KIO partners,https://www.facebook.com/rcnanews/posts/pfbid02GJUHEwA4Hm22amVFea6zQ19XTDQhaTJQTntLix84xBnPbJFnE7xyMNQ5WoqDhpQPl; https://engagemedia.org/2025/myanmar-digital-coup-quarterly-may-2025-july-2025/,Unknown,,,Unknown,,No,,,,,No,No,No,No,No,,Yes,Yes,Myanmar: MEC (Myanmar Economic Corporation),Unknown,,,No,Yes,Unknown,,,No,,Mobile internet and phone lines through junta-owned MEC (Myanmar Economic Corporation) was cut off for all of Rakhine State the morning of Jun. 6. This service was the last remaining provider functioning in the state.,,APAC
Actual,6/6/2025,Russian Federation,"It affected more than one city in the same state, province, or region",Omsk Oblast,Shutdown,Mobile,Full network,Military,Military of the Russian Federation,Conflict,"Authorities cut off mobile internet in the Omsk Oblast, most likely in defense of drone attacks",CSO KIO partners,https://x.com/safe_runet/status/1932421762920161437,Ended,6/10/2025,5,Other,Testing of new equipment,Yes,,,,,No,No,No,No,No,,Unknown,Unknown,,Unknown,,,No,Unknown,Unknown,,,No,,There was a mobile internet shutdown in Omsk Oblast from at least Jun. 6 to Jun. 10.,,EECA
Actual,6/7/2025,India,"It affected more than one city in the same state, province, or region","Imphal East, Imphal West, Thoubal, Kakching, and Bishnupur Districts, Manipur",Shutdown,"Broadband, Mobile",Full network,State government,"Government of Manipur, Home Department",Protests,"Following protests against the arrest of a Meitei leader, authorities imposed a curfew and internet shutdown for multiple districts in Manipur",CSO KIO partners,https://internetshutdowns.in/media/Manipur_suspends_internet_services_for_5_days_amid_law_and_order_situation___India_News__hDmOFFc.pdf; https://pulse.internetsociety.org/en/shutdowns/internet-suspended-in-manipur-india-8-june-2025/; https://www.bbc.com/news/articles/cy4k52q283zo; https://www.hindustantimes.com/india-news/manipur-tense-after-meitei-member-s-arrest-local-group-declares-10-day-shutdown-101749390002458.html; https://bsky.app/profile/ioda.live/post/3lrdql5sk3s2z; https://ioda.inetintel.cc.gatech.edu/region/1762?from=1749042112&until=1749906112&view=view1; https://ioda.inetintel.cc.gatech.edu/asn/24560-1762?from=1749042112&until=1749906112&view=view1; https://ioda.inetintel.cc.gatech.edu/asn/9829-1762?from=1749042112&until=1749906112&view=view1,Ended,6/13/2025,7,Fake news/ Hate speech/ Incendiary content/ Promoting violence,,Yes,Yes,Government order,https://drive.google.com/file/d/10itLzpqiXNaxMs_DnnQBS0VReXnh-XJe/view?usp=drive_link,,No,No,No,No,No,"VSATs, VPNs",No,No,"India: Airtel (Bharti Airtel), India: BSNL, India: Reliance Jio (Reliance Industries), India: Vodafone Idea",Unknown,,,No,Yes,Yes,,,Unknown,,"Internet services were ordered to be suspended for Imphal East, Imphal West, Thoubal, Kakching, and Bishnupur Districts from 23:45 on Jun. 7 to 23:45 on Jun. 12. Amidst protests, security forces clashing with protesters fired tear gas shells and live rounds, and one boy was seriously injured. The shutdown order did not specify whether the shutdown times were in UTC+0 or local time (UTC+5.30), and data from IODA suggests that Airtel implemented the order between 23:45 on Jun. 7 to 23:45 on Jun. 12 in UTC+0, not local time. BSNL implemented the order between 05:15 on Jun. 8 to 06:15 on Jun. 13 (UTC+0). As a result, the shutdown extended until Jun. 13.",,APAC
Actual,6/10/2025,India,"It only affected one city, county, or village","Dhubri town, Assam",Shutdown,Unknown,Full network,Unknown,,Protests,A curfew and internet shutdown were imposed in Dhubri following communal tensions and protests over desecration near a temple,CSO KIO partners,https://internetshutdowns.in/media/Curfew_in_Assams_Dhubri_town_following_communal_tensions_over_cow_head_allegedly_found_n_Y1Haw78.pdf; https://www.indiatvnews.com/north-east/assam/prohibitory-orders-imposed-in-assam-s-dhubri-after-communal-tensions-all-shops-to-remain-shut-2025-06-10-993982,Unknown,,,Unknown,,Unknown,,,,,No,No,No,No,No,,Unknown,Unknown,,Unknown,,,No,Unknown,Unknown,,,Unknown,,"Internet services were suspended in Dhubri town, Assam on Jun. 10.",,APAC
Actual,6/10/2025,"Palestine, State of","It affected locations in more than one state, province, or region",Gaza Strip,Shutdown,"Broadband, Mobile",Full network,Non-government,Military of the State of Israel,Conflict,Deliberate Israeli airstrike on Gaza's main fiber cable,CSO KIO partners,https://bsky.app/profile/ioda.live/post/3lrga7ytstc2d; https://etcluster.org/document/update-gaza-communications-status; https://www.nablustv.net/internal.asp?page=details&newsID=462621&cat=14; https://nitter.net/trtworld/status/1933127269020516626#m; https://x.com/DougMadory/status/1934233132116414648; https://apnews.com/article/israel-palestinians-hamas-war-news-06-14-2025-20f4e4bcb928eebf4e06f2fd4bb0af22; https://wearenotnumbers.org/deliberate-disconnection/,Ended,6/14/2025,5,Sabotage/ Third-party Action,,No,,,,,No,No,No,No,No,,Yes,Yes,"Palestine: NetStream, Palestine: NewStarMax",Yes,https://x.com/QudsNen/status/1933055797447029162,"""The Palestinian Telecommunications Authority announced a total outage of all internet and fixed-line communication services across the Gaza Strip following the targeted destruction of the main fiber-optic cable serving the Strip.""",No,Yes,Yes,,,No,,"All internet and telecommunications were completely cutoff across the Gaza Strip between Jun. 12 and Jun. 14 due to a deliberate airstrike by the Israeli military on a primary fiber optic cable. Starting at 2:15pm (UTC+3, local time) on Jun. 10, Gaza City and portions in the north began to lose connectivity, and by 12:30am (UTC+3, local time) on Jun. 12, the entirety of Gaza Strip was offline. At 7:00pm (UTC+3, local time) on Jun. 14, service was restored after Palestinian crews were finally granted access to repair the severed lines. During this period, the IDF continued to kill dozens of Palestinian civilians on a daily basis, including near food distribution points as Israel continued its unlawful blockade.",https://www.accessnow.org/press-release/keepiton-israel-must-stop-cutting-gaza-off/,MENA
Estimated,6/10/2025,Myanmar,"It only affected one city, county, or village","Hsihseng township, Shan State",Shutdown,"Broadband, Mobile",Full network,Military,Military junta,Conflict,Internet and phone lines were cut off in an area of active conflict,CSO KIO partners,https://myanmar-now.org/mm/news/64263/; https://engagemedia.org/2025/myanmar-digital-coup-quarterly-may-2025-july-2025/,Unknown,,,Unknown,,No,,,,,No,No,No,No,No,,Yes,Yes,,Unknown,,,No,Yes,Unknown,,,No,,"Internet service and phones lines were cut off by the military council in Hsihseng township, Shan State around Jun. 10 during fighting between junta troops and junta-aligned Pa-O National Army (PNA) against the resistance Pa-O National Liberation Army (PNLA).",,APAC
Actual,6/11/2025,Myanmar,"It only affected one city, county, or village","Mangyipinin village, Taungoo township, Bago Region",Shutdown,Mobile,Full network,Military,Military junta,Conflict,Internet and phone lines were cut off in an area of active conflict,CSO KIO partners,https://www.ludunwayoo.com/news-mm/2025/06/11/123708/; https://engagemedia.org/2025/myanmar-digital-coup-quarterly-may-2025-july-2025/,Unknown,,,Unknown,,No,,,,,No,No,No,No,No,,Yes,Yes,,Unknown,,,No,Yes,Yes,,,No,,"Mobile internet and phone lines were cut off by the military council in Mangyipinin village, Taungoo township, Bago Region on Jun. 11 during a military offensive. Junta troops were reportedly burning homes in the village.",,APAC
Actual,6/12/2025,India,"It only affected one city, county, or village","Bhadrak, Tihidi, and Dhamnagar blocks, Bhadrak municipality, and Dhamnagar Notified Area Council, Bhadrak District, Odisha",Shutdown,"Broadband, Mobile",Full network,Law enforcement,Bhadrak Superintendent of Police (SP) Manoj Rout,Communal violence,The death of a boy injured in a recent communal clash led to heightened unrest and an internet shutdown in areas of Bhadrak District,CSO KIO partners,https://internetshutdowns.in/media/Internet_Shutdown_Extended_In_Bhadrak_For_12_Hours_Amid_Communal_Tensions___Odisha_ed530_qoS7zcl.pdf; https://pulse.internetsociety.org/en/shutdowns/internet-suspended-in-bhadrak-india-june-2025/; https://www.thehindu.com/news/national/odisha/odisha-clash-internet-suspension-in-bhadrak-extended-till-6-pm-on-june-13/article69690102.ece; https://www.prameyanews.com/internet-services-restored-in-bhadrak-after-tensioninduced-shutdown; https://tathya.in/internet-ban-in-bhadrak-district/; https://www.thestatesman.com/india/communal-violence-leaves-1-dead-24-hour-internet-shutdown-in-odishas-bhadrak-district-1503444483.html,Ended,6/13/2025,2,Fake news/ Hate speech/ Incendiary content/ Promoting violence,,Yes,,,https://internetshutdowns.in/media/Internet_Shutdown_Extended_In_Bhadrak_For_12_Hours_Amid_Communal_Tensions___Odisha_ed530_qoS7zcl.pdf; https://www.thehindu.com/news/national/odisha/odisha-clash-internet-suspension-in-bhadrak-extended-till-6-pm-on-june-13/article69690102.ece; https://tathya.in/internet-ban-in-bhadrak-district/,"""As per the directives of Bhadrak Superintendent of Police (SP) Manoj Rout, internet services will remain closed from 6 am to 6 pm today."" ""'The internet services will remain suspended in Bhadrak, Tihidi and Dhamnagar blocks, and areas under the Bhadrak Municipality and the Dhamnagar Notified Area Council (NAC) till 6 p.m.,' district magistrate-cum-Collector Dilip Routrai told PTI.""",No,No,No,No,No,,Unknown,Unknown,,Unknown,,,No,Unknown,Unknown,,,Unknown,,"Internet services were suspended in parts of Bhadrak District, Odisha from 06:00 on Jun. 12 to 18:00 on Jun. 13.",,APAC
Actual,6/13/2025,Iran (Islamic Republic of),"It affected locations in more than one state, province, or region",Nationwide,"Shutdown, Throttle","Broadband, Mobile",Full network,Executive government,Ministry of Communications,Conflict,"In the midst of a 12-day conflict with Israel, Iranian authorities imposed a shutdown",CSO KIO partners,https://filter.watch/wp-content/uploads/sites/2/2025/10/Irans-Stealth-Blackout-Report.pdf; https://radar.cloudflare.com/traffic/as205647?dateStart=2025-06-13&dateEnd=2025-06-13#http-traffic; https://radar.cloudflare.com/traffic/as31549?dateStart=2025-06-13&dateEnd=2025-06-13#http-traffic; https://radar.cloudflare.com/traffic/as197207?dateStart=2025-06-13&dateEnd=2025-06-13#http-traffic; https://radar.cloudflare.com/traffic/as58224?dateStart=2025-06-13&dateEnd=2025-06-13#http-traffic; https://radar.cloudflare.com/traffic/as24631?dateStart=2025-06-13&dateEnd=2025-06-13#http-traffic; https://x.com/itiransite/status/1933475023244648514; https://pulse.internetsociety.org/en/shutdowns/limited-internet-in-iran/; https://iranhumanrights.org/2025/06/immediate-ceasefire-needed-as-attacks-on-civilians-intensify/,Ended,6/13/2025,1,National security/ Counter-terrorism,,Yes,,,https://x.com/itiransite/status/1933475023244648514,"""The Ministry of Communications issued a statement saying: 'Given the special conditions of the country and the measures taken by the competent authorities, temporary restrictions have been imposed on the country's internet. Obviously, the aforementioned restrictions will be lifted once the situation returns to normal.'""",No,No,No,No,No,,Unknown,Unknown,"Iran: Afagh, Iran: Fanap Telecom, Iran: MCI (TCI), Iran: Rasana Cable Company",Unknown,,,No,Yes,Yes,,,No,,"The internet was partially shutdown in Iran from 07:15-09:45 (UTC+0, 10:45-13:15 local time) on Jun. 13. At least 4 networks were affected, and the shutdown came only hours after Israel began a wide-scale attack on the country that morning. Although there was a start of gradually declining internet traffic for the country starting on Jun. 13 due to conflict-related damage of infrastructure and other causes, this deliberate 2.5 hour shutdown by Iranian authorities was confirmed in a statement by their own Ministry of Communications.",,MENA
Actual,6/13/2025,Cambodia,"It only affected one city, county, or village",Areas near border with Thailand,Shutdown,"Broadband, Mobile",Full network,Executive government,Cambodian Prime Minister Hun Manet,Conflict,Cambodian authorities cut off service from Thai ISPs coming into the country in the midst of border disputes,CSO KIO partners,https://www.rfa.org/english/cambodia/2025/06/13/cambodia-thailand-border/; https://world.thaipbs.or.th/detail/thailand-considers-power-internet-cuts-to-combat-callcentre-scams-in-cambodia/57801/,Unknown,,,Precautionary measure,Cambodian authorities cut off internet services coming from Thai ISPs into Cambodia anticipation of threats from Thai officials to do the same,Yes,,,https://www.facebook.com/share/r/16Vnb7mujk/?mibextid=xfxF2i,,No,No,No,No,No,,Unknown,Unknown,,Unknown,,,No,Unknown,Unknown,,,No,,Cambodian authorities cut off internet service from Thai ISPs coming into the country on Jun. 13 in the midst of border disputes. The shutdown followed threats from Thai officials that they would cut power and internet to scam call centers in Cambodia. This is Cambodia's first recorded shutdown.,,APAC
Actual,6/14/2025,Iraq,"It affected locations in more than one state, province, or region",Nationwide,Shutdown,"Broadband, Mobile",Full network,Executive government,Ministry of Education,Exam cheating,The internet was shut down in Iraq over an school exam period 14 times,CSO KIO partners,https://blog.cloudflare.com/q2-2025-internet-disruption-summary/#iraq; https://nitter.net/DougMadory/status/1937208244939948450#m; https://ioda.inetintel.cc.gatech.edu/country/IQ?from=1749832361&until=1751646761&view=view1,Ended,7/3/2025,20,School exams,,Yes,,,https://www.facebook.com/Iraq.Ministry.of.Education/posts/pfbid0a7VuMttRxdoGWwuaymy38LcZw9jscz3Dfxup4aUue2LeRBPuU2c7vnDsZKbgCkE2l,,No,No,No,No,No,,No,No,,Unknown,,,No,No,No,,,Unknown,,"Authorities in Iraq shut down the internet nationwide during a school exam period on 14 occasions between Jun. 14 and Jul. 3 (Jun. 14, Jun. 16-19, Jun. 21-23, Jun. 25, Jun. 28-29, Jul. 1-3) each from 6:00-8:00am (UTC+3, local time).",https://www.accessnow.org/no-exam-shutdown-new-academic-year/,MENA
Estimated,6/14/2025,Panama,"It affected more than one city in the same state, province, or region",Bocas del Toro Province,Shutdown,"Broadband, Mobile",Full network,Executive government,Autoridad Nacional de los Servicios Publicos (ASEP),Protests,Internet and mobile phone services were suspended in the Bocas del Toro Province in the midst of months-long anti-government protests and a state of emergency,CSO KIO partners,https://www.ipandetec.org/panama/panama-debe-restablecer-internet-bocas/; https://ioda.inetintel.cc.gatech.edu/region/3099?from=1750285499&until=1751495099&view=view1; https://ioda.inetintel.cc.gatech.edu/asn/18809-3099?from=1750423475&until=1751460275&view=view1; https://blog.cloudflare.com/q2-2025-internet-disruption-summary/?utm_campaign=cf_blog&utm_content=20250722&utm_medium=organic_social&utm_source=twitter/#panama; https://pulse.internetsociety.org/en/shutdowns/telecom-shutdown-in-bocas-del-toro/; https://www.dw.com/es/gobierno-de-panam%C3%A1-corta-internet-en-provincia-agitada-por-saqueos/a-72996430; https://dplnews.com/panama-servicios-de-internet-y-telefonia-celular-se-restablecen-en-la-provincia-de-bocas-del-toro/; https://bsky.app/profile/ioda.live/post/3lsgnqkdils2a,Ended,6/25/2025,12,Public safety/ Quell unrest/ Restore public order,Authorities declared a state of emergency and suspended articles of their constitution in the midst of protests,Yes,Yes,"Government order, State of Emergency declaration",https://drive.google.com/file/d/1cWPIwYVRwCGeb_BhBuc4qORonfB7OiA9/view?usp=drive_link; https://drive.google.com/file/d/1csrAmQvpna00mYQYVVss-NNufPwJnYP-/view?usp=drive_link,,No,No,No,No,No,,Yes,Yes,Panama: Cable Onda,Unknown,,,No,Unknown,Unknown,,,Unknown,,"Authorities in Panama ordered an internet and mobile phone shutdown in the Bocas del Toro province from 7:00pm (UTC-5, local time) on Jun. 20 to Jun. 25 in the midst of months of violent anti-government protests. This is Panama's first recorded shutdowns. Local provider Cable Onda (AS18809) also showed a full outage from 2:00pm (UTC-5, local time) on Jun. 14 to 1:00pm (UTC-5, local time) on Jun. 16 before the published order came into effect.",https://x.com/accessnow/status/1938250287669821515#m,LAC
Actual,6/15/2025,Algeria,"It affected locations in more than one state, province, or region",Nationwide,Shutdown,Mobile,Service-based,Executive government,Ministry of Education,Exam cheating,A few messaging apps were blocked during exam hours across Algeria during baccalaureate exams,News media article,https://www.elmoudjahid.dz/fr/actualite/bac-2025-pas-de-coupure-totale-d-internet-236105; https://www.reddit.com/r/algeria/comments/1lbuen1/disc_potential_internet_disruptions_bac_2025/; https://algerie-eco.com/2025/06/15/bac-2025-ce-qua-dit-le-ministre-sur-la-coupure-dinternet/; https://www.msn.com/fr-fr/actualite/france/bac-2025-en-alg%C3%A9rie-pas-de-blocage-total-d-internet-une-premi%C3%A8re/ar-AA1GKlJ8; https://www.reddit.com/r/algeria/comments/1lbuen1/disc_potential_internet_disruptions_bac_2025/,Ended,6/19/2025,5,School exams,,Yes,,,https://algerie-eco.com/2025/06/15/bac-2025-ce-qua-dit-le-ministre-sur-la-coupure-dinternet/,,Yes,Unknown,Yes,Yes,Unknown,TikTok,No,No,,Unknown,,,No,No,No,,,No,,"At least WhatsApp, Facebook, Instagram, and TikTok were blocked during baccalaureate exam hours across Algeria from Jun. 15-19.",https://www.accessnow.org/no-exam-shutdown-new-academic-year/,MENA
Actual,6/15/2025,Iran (Islamic Republic of),"It affected locations in more than one state, province, or region",Nationwide,Shutdown,"Broadband, Mobile",Service-based,Unknown,,Conflict,"In the midst of a 12-day conflict with Israel, WhatsApp was blocked by Iranian authorities",CSO KIO partners,https://filter.watch/wp-content/uploads/sites/2/2025/10/Irans-Stealth-Blackout-Report.pdf; https://explorer.ooni.org/findings/273244099200; https://iranhumanrights.org/2025/06/immediate-ceasefire-needed-as-attacks-on-civilians-intensify/,Ended,7/12/2025,28,Unknown,,No,,,,,No,No,Yes,No,No,,No,No,Iran: MCI (TCI),Unknown,,,No,Yes,Yes,,,No,,"WhatsApp was blocked by Iranian authorities from Jun. 15 to Jul. 12 in the midst of conflict with Israel. OONI data shows that WhatsApp access may have been blocked by means of TLS interference, following existing methods of censorship by Iranian ISPs.",,MENA
Actual,6/16/2025,Iran (Islamic Republic of),"It affected locations in more than one state, province, or region",Nationwide,Shutdown,"Broadband, Mobile",Full network,Executive government,Ministry of Communications,Conflict,"In the midst of a 12-day conflict with Israel, Iranian authorities imposed a shutdown",CSO KIO partners,"https://filter.watch/wp-content/uploads/sites/2/2025/10/Irans-Stealth-Blackout-Report.pdf; https://pulse.internetsociety.org/en/shutdowns/limited-internet-in-iran/; https://nitter.net/CloudflareRadar/status/1935150013815918640#m; https://nitter.net/DougMadory/status/1935125126858600831#m; https://bsky.app/profile/ioda.live/post/3lrqo7hrtw22r; https://www.ohchr.org/en/press-releases/2025/06/iran-un-fact-finding-mission-special-rapporteur-call-civilian-protection-and#:~:text=Medical%20facilities%20are%20reportedly%20overwhelmed,accusations%20of%20espionage%20with%20Israel.; https://iran-hrm.com/2025/07/10/iran-hrm-monthly-report-june-2025/#:~:text=The%20month%20of%20June%202025,instill%20fear%20in%20the%20population.",Ended,6/18/2025,3,National security/ Counter-terrorism,"To ""ward off cyberattacks""",Yes,,,https://x.com/Digiato/status/1934561401185432046,"""Government Spokesperson: Internet speed reduction is targeted and to ward off cyber attacks ... Fatemeh Mohajerani, government spokesperson, explained the restrictions on the internet: 'Given the enemy's cyber attacks, it is natural that they are forced to slow down the internet speed at times to maintain network stability.' [s]he called the slowdown 'temporary, targeted, and controlled, to ward off cyberattacks.'""",No,No,No,No,No,,No,No,"Iran: Afagh, Iran: Fanap Telecom, Iran: MTN Irancell, Iran: MCI (TCI), Iran: Rasana Cable Company, Iran: Rightel (Tamin Telecom)",Unknown,,,No,Yes,Yes,,,Yes,,"The internet was shutdown across most networks in Iran between Jun. 16 and Jun. 18. Measurement data from Cloudflare Radar and Kentik shows a near-complete blackout on at least 7 ASNs starting around 13:45 UTC+0 on Jun. 17, with recovery to normal levels incomplete across all networks until the next day, Jun. 18 by 06:00 UTC+0. Also, IODA showed a drop in the Active Probing measurements for IranCell and RightTel between 15:30-20:00 UTC+0 on both Jun. 16 and Jun. 17, indicating a drop in broadband service in these time frames and that these providers possibly applied an order on Jun. 16 before the larger disruption occurred across all the other ISPs on Jun. 17.",,MENA
Actual,6/16/2025,"Palestine, State of","It affected locations in more than one state, province, or region",Central and southern parts of the Gaza Strip,Shutdown,"Broadband, Mobile",Full network,Non-government,Military of the State of Israel,Conflict,Deliberate Israeli airstrike on a PalTel fiber cable in southern Gaza,CSO KIO partners,https://ioda.inetintel.cc.gatech.edu/region/1226?from=1749568924&until=1750432924&view=view1; https://bsky.app/profile/ioda.live/post/3lrqb2jf3gs2t; https://www.etcluster.org/document/update-gaza-communications-status; https://x.com/gazanotice/status/1934510251425894825; https://www.aljazeera.com/news/2025/6/16/horrifying-un-slams-israeli-actions-in-gaza-as-more-aid-seekers-killed; https://ioda.inetintel.cc.gatech.edu/asn/44213?from=1749354746&until=1751860346,Ended,6/16/2025,1,Sabotage/ Third-party Action,,No,,,,,No,No,No,No,No,,Yes,Yes,Palestine: NewStarMax,Unknown,,,No,Yes,Yes,,,No,,"Internet and telecommunications were cutoff in the central and southern Gaza Strip from 3:00am to 2:00pm (UTC+3, local time) on Jun. 16 due to Israeli airstrikes on a fiber optic cable in Khan Yunis. One hour after the shutdown began, at 4:00am local time, Israeli forces fired on crowds of people in Rafah who were seeking food from aid distribution sites. At least 56 Palestinians were killed since dawn on Jun. 16 in the midst of the internet shutdown.",https://www.accessnow.org/press-release/keepiton-israel-must-stop-cutting-gaza-off/,MENA
Actual,6/17/2025,"Palestine, State of","It affected locations in more than one state, province, or region",Central and southern parts of the Gaza Strip,Shutdown,"Broadband, Mobile",Full network,Non-government,Military of the State of Israel,Conflict,Ongoing aggression by Israeli forces and deliberate tampering with infrastructure connecting Gaza to the outside world,CSO KIO partners,https://ioda.inetintel.cc.gatech.edu/region/1226?from=1749568924&until=1750692124&view=view1; https://ioda.inetintel.cc.gatech.edu/asn/44213?from=1749354746&until=1751860346; https://www.etcluster.org/document/update-gaza-communications-status; https://press.un.org/en/2025/db250617.doc.htm; https://apnews.com/article/israel-palestinians-hamas-war-news-gaza-aid-06-17-2025-7af5503ea7d2176674fba26d34f6ef74,Ended,6/21/2025,5,Sabotage/ Third-party Action,,No,,,,,No,No,No,No,No,,Yes,Yes,Palestine: NewStarMax,Yes,https://apnews.com/article/israel-palestinians-hamas-war-news-gaza-aid-06-17-2025-7af5503ea7d2176674fba26d34f6ef74,"""Also on Tuesday, the main Palestinian telecoms regulatory agency based in the West Bank city of Ramallah reported that Israeli strikes had cut off fixed-line phone service and internet access in central and southern Gaza.""",No,Yes,Yes,,,No,,"Internet and telecommunications were cutoff in the central and southern Gaza Strip from 3:30pm (UTC+3, local time) on Jun. 17 to 2:00pm (UTC+3, local time) on Jun. 21 after a fiber cut along Al-Rasheed Street triggered another round of blackouts for the area. On Jun. 17 alone, during the shutdown, aleast 51 Palestinian civilians were killed by IDF troops as they waited for aid trucks.",https://www.accessnow.org/press-release/keepiton-israel-must-stop-cutting-gaza-off/,MENA
Actual,6/17/2025,Russian Federation,"It only affected one city, county, or village",St. Petersburg,Shutdown,Mobile,Full network,Unknown,,Visits by government officials,There was a mobile internet shutdown in St. Petersburg ahead of the St. Petersburg International Economic Forum (SPIEF) which opened on Jun. 18,CSO KIO partners,https://brief24.ru/spb/2025/6/18/214608; https://www.fontanka.ru/2025/06/18/75601148/; https://www.themoscowtimes.com/2025/06/18/st-petersburg-economic-forum-2025-opens-with-multipolar-focus-a89484,Ended,6/18/2025,2,Unknown,,No,,,,,No,No,No,No,No,,Unknown,Unknown,"Russia: MegaFon, Russia: MTS (Sistema), Russia: Tele2 (T2-RTK)",Unknown,,,No,No,No,,,No,,There was a mobile internet shutdown in St. Petersburg beginning Jun. 17 until at least Jun. 18 ahead of a major economic forum in the city.,,EECA
Actual,6/18/2025,Iran (Islamic Republic of),"It affected locations in more than one state, province, or region",Nationwide,Shutdown,"Broadband, Mobile",Full network,Executive government,Ministry of Communications,Conflict,"In the midst of a 12-day conflict with Israel, Iranian authorities imposed a shutdown",CSO KIO partners,"https://filter.watch/wp-content/uploads/sites/2/2025/10/Irans-Stealth-Blackout-Report.pdf; https://pulse.internetsociety.org/en/shutdowns/limited-internet-in-iran/; https://nitter.net/DougMadory/status/1936065247061983353#m; https://nitter.net/DougMadory/status/1937849708719853718#m; https://x.com/HashemiSattar/status/1937808764960153680; https://bsky.app/profile/radar.cloudflare.com/post/3lrv55cxsb222; https://nitter.net/CloudflareRadar/status/1937848666162712912#m; https://bsky.app/profile/ioda.live/post/3lrv6mgefkc2d; https://nitter.net/CloudflareRadar/status/1937218865030922499#m; https://www.ohchr.org/en/press-releases/2025/06/iran-un-fact-finding-mission-special-rapporteur-call-civilian-protection-and#:~:text=Medical%20facilities%20are%20reportedly%20overwhelmed,accusations%20of%20espionage%20with%20Israel.; https://iran-hrm.com/2025/07/10/iran-hrm-monthly-report-june-2025/#:~:text=The%20month%20of%20June%202025,instill%20fear%20in%20the%20population.",Ended,6/25/2025,8,National security/ Counter-terrorism,To protect against cyberattacks and the functioning of Israeli drones,Yes,,,https://techcrunch.com/2025/06/20/irans-government-says-it-shut-down-internet-to-protect-against-cyberattacks/; https://www.chn.ir/technology/88326/; https://x.com/HashemiSattar/status/1937808764960153680,"""'We have previously stated that if necessary, we will certainly switch to a national internet and restrict global internet access. Security is our main concern, and we are witnessing cyberattacks on the country’s critical infrastructure and disruptions in the functioning of banks,' Fatemeh Mohajerani, Iran’s government spokesperson, was quoted as saying in a local news story. 'Many of the enemy’s drones are managed and controlled via the internet, and a large amount of information is exchanged this way. A cryptocurrency exchange was also hacked, and considering all these issues, we have decided to impose internet restrictions.'""",No,No,No,No,No,,Unknown,Unknown,,Unknown,,,No,Yes,Yes,,,No,,"The internet was shutdown for all of Iran in a nearly complete nationwide blackout starting around 12:00 UTC+0 (15:30 local time) on Jun. 18. Although the near-total blackout ended on Jun. 21, it took until Jun. 25 for traffic to return to pre-conflict levels, with acknowledgment from the telecom minister that communications access would return to normal since the conflict conditions had ended.",https://x.com/accessnow/status/1935333129545269520#m,MENA
Actual,6/19/2025,Jordan,"It affected locations in more than one state, province, or region",Nationwide,Shutdown,Mobile,Service-based,Executive government,Telecommunications Regulatory Commission (TRC),Exam cheating,9 messaging apps were blocked in areas near exam centers during Tawjihi exams,News media article,https://www.sarahanews.net/1170934-%D8%A7%D9%84%D8%A3%D8%B1%D8%AF%D9%86-%D9%8A%D8%B9%D9%84%D9%86-%D8%AD%D8%AC%D8%A8-%D8%AA%D8%B7%D8%A8%D9%8A%D9%82%D8%A7%D8%AA-%D8%A7%D9%84%D8%AA%D8%B1%D8%A7%D8%B3%D9%84-%D9%81%D9%8A-%D9%85%D9%88%D8%A7/; https://www.facebook.com/AlMamlakaTV/videos/9988565311238648/,Ended,7/10/2025,22,School exams,,Yes,,,https://www.sarahanews.net/1170934-%D8%A7%D9%84%D8%A3%D8%B1%D8%AF%D9%86-%D9%8A%D8%B9%D9%84%D9%86-%D8%AD%D8%AC%D8%A8-%D8%AA%D8%B7%D8%A8%D9%8A%D9%82%D8%A7%D8%AA-%D8%A7%D9%84%D8%AA%D8%B1%D8%A7%D8%B3%D9%84-%D9%81%D9%8A-%D9%85%D9%88%D8%A7/,"""The Authority explained that this measure comes as a precautionary step aimed at preventing cheating and leaking questions, which contributes to ensuring justice and credibility in the results of the Tawjihi exams, as it is a national interest and a basis for the educational system in the Kingdom.""",Unknown,Unknown,Unknown,Unknown,Unknown,,No,No,,Unknown,,,No,No,No,,,Yes,,9 messaging apps were reportedly blocked on the cell towers in the immediate areas around exam centers for about 90-minutes ahead of the start of Tawjihi exams in Jordan between Jun. 19 and Jul. 10.,https://www.accessnow.org/no-exam-shutdown-new-academic-year/,MENA
Actual,6/21/2025,Syrian Arab Republic,"It affected locations in more than one state, province, or region",Nationwide,Shutdown,Mobile,Full network,Executive government,Ministry of Education,Exam cheating,Mobile internet was shutdown 11 times during school exams,CSO KIO partners,https://blog.cloudflare.com/q2-2025-internet-disruption-summary/#syria; https://nitter.net/CloudflareRadar/status/1937925901221515548#m; https://nitter.net/CloudflareRadar/status/1952002641896288532#m; https://t.me/TrbyaGov/1869,Ended,8/3/2025,44,School exams,,Yes,,,https://moct.gov.sy/news-0314,,No,No,No,No,No,,No,No,,Unknown,,,No,No,No,,,Yes,,"Mobile internet was shutdown during school exams in areas surrounding exam centers across Syria 11 times between Jun. 21 and Aug. 3 (Jun. 21, Jun. 24, Jun. 29, Jul. 3, Jul. 9, Jul. 12, Jul. 17, Jul. 21, Jul. 28, Jul. 31, Aug. 3). These shutdowns followed an order given for the whole exam season on Jun. 20. The shutdowns lasted from about 8:00-9:00am (local time, UTC+3) between Jun. 21 to Jul. 9, and from about 8:00-10:00am (local time, UTC+3) between Jul. 12 to Aug. 3.",https://www.accessnow.org/no-exam-shutdown-new-academic-year/,MENA
Actual,6/22/2025,Iraq,"It affected more than one city in the same state, province, or region",Kurdistan,Shutdown,"Broadband, Mobile",Full network,State government,"Kurdistan Regional Government, Ministry of Education",Exam cheating,"After a brief pause, the internet was shut down in the Kurdistan region of Iraq over the high school exam period another 5 times",CSO KIO partners,https://pulse.internetsociety.org/en/shutdowns/exams-shutdown-kurdistan-iraq-22-june-2025/; https://blog.cloudflare.com/q2-2025-internet-disruption-summary/#iraq; https://ioda.inetintel.cc.gatech.edu/region/1855?from=1748808772&until=1751400772&view=view1,Ended,7/6/2025,15,School exams,,Yes,,,https://drive.google.com/file/d/1KivKxwKPGANHIWludmg7t-zMqsJMgWoI/view?usp=drive_link; https://www.kurdistan24.net/ckb/story/845621/%D9%88%DB%95%D8%B2%D8%A7%D8%B1%DB%95%D8%AA%DB%8C-%D9%BE%DB%95%D8%B1%D9%88%DB%95%D8%B1%D8%AF%DB%95%D9%88%DB%95-%D8%AA%D8%A7%D9%82%DB%8C%DA%A9%D8%B1%D8%AF%D9%86%DB%95%D9%88%DB%95%DA%A9%D8%A7%D9%86%DB%8C-%D8%AF%D9%88%D8%A7%D8%AE%D8%B3%D8%AA; https://www.kurdistan24.net/ckb/story/847249/%D8%B3%D8%A8%DB%95%DB%8C-%D8%A6%DB%8C%D9%86%D8%AA%DB%95%D8%B1%D9%86%DB%8E%D8%AA-%D9%84%DB%95-%DA%A9%D9%88%D8%B1%D8%AF%D8%B3%D8%AA%D8%A7%D9%86-%D8%AF%DB%95%D8%A8%DA%95%D8%AF%D8%B1%DB%8E%D8%AA,,No,No,No,No,No,,Yes,No,"Iraq: IQ-Online, Iraq: KNET, Iraq: Korek Telecom, Iraq: Newroz Telecom",Unknown,,,No,No,No,,,Yes,,"Authorities in the Kurdistan region of Iraq shut down the internet during a high school exam period on 5 occasions between Jun. 22 and Jul. 6 (Jun. 22, Jun. 25, Jun. 29, Jul. 2, Jul. 6) each from 6:30-7:45am (UTC+3, local time). This resumption of exams and shutdowns followed a pause due to fighting between Israel and Iran in the broader MENA region. However, national shutdowns in Iraq still continued in the intervening days.",https://www.accessnow.org/no-exam-shutdown-new-academic-year/,MENA
Actual,6/24/2025,Myanmar,"It only affected one city, county, or village","Gangaw township, Magway Division",Shutdown,"Broadband, Mobile",Full network,Military,Military junta,Conflict,Internet and phone lines were cut off by the military council in an area of active conflict,CSO KIO partners,https://www.dvb.no/post/711868; https://engagemedia.org/2025/myanmar-digital-coup-quarterly-may-2025-july-2025/,Unknown,,,Unknown,,No,,,,,No,No,No,No,No,,Yes,Yes,,Unknown,,,No,Yes,Yes,,,No,,"Internet service and phones lines were cut off by the military council in Gangaw township, Magway Division on Jun. 24 immediately before villages were targeted and shelled with heavy artillery. In one of these case on Jun. 24, a local woman was injured and multipled civilian homes were damaged. There were also reports of arbitary civilian arrests.",,APAC
Actual,6/25/2025,Kenya,"It affected locations in more than one state, province, or region",Nationwide,Shutdown,"Broadband, Mobile",Service-based,Executive government,,Protests,Telegram was blocked in the midst of widespread protests one-year after the 2024 Finance Bill protests which also saw an internet shutdown,CSO KIO partners,https://explorer.ooni.org/findings/224470320900; https://www.crisisgroup.org/africa/kenya/year-after-protests-rocked-kenya-kenyan-youth-return-streets; https://www.amnestykenya.org/statement-on-the-communications-authoritys-directive-to-halt-live-broadcast-of-protests-and-potential-shutdown-of-the-internet-for-56-million-kenyans/,Ended,6/25/2025,1,Unknown,,No,,,,,No,No,No,No,Yes,,No,No,"Kenya: Faiba (Jamii Telecom), Kenya: Safaricom",Unknown,,,No,Yes,Yes,,,No,,"Telegram was blocked in Kenya for around 2.5 hours on Jun. 25, from 14:50 (UTC+3, local time) until around 17:30 (UTC+3, local time). According to OONI measurements, Telegram's web service was specifically targeted, and the blocking was implemented by Safaricom and Jamii. The blocking coincided with another directive by the Communications Authority for media houses to halt live broadcasts of the day's protests, as well as reports of police firing on protesters which ultimately killed at least 16 people and injured over 400.",https://www.accessnow.org/press-release/kenya-must-obey-court-orders-and-keepiton-during-protests/,Africa
Actual,6/25/2025,Panama,"It affected more than one city in the same state, province, or region",Bocas del Toro Province,Shutdown,"Broadband, Mobile",Full network,Executive government,Autoridad Nacional de los Servicios Publicos (ASEP),Protests,"In an extension order, internet and mobile phone services were suspended in the Bocas del Toro Province in the midst of months-long anti-government protests and a state of emergency",CSO KIO partners,https://www.ipandetec.org/panama/panama-debe-restablecer-internet-bocas/; https://ioda.inetintel.cc.gatech.edu/region/3099?from=1750285499&until=1751495099&view=view1; https://ioda.inetintel.cc.gatech.edu/asn/18809-3099?from=1750423475&until=1751460275&view=view1; https://blog.cloudflare.com/q2-2025-internet-disruption-summary/?utm_campaign=cf_blog&utm_content=20250722&utm_medium=organic_social&utm_source=twitter/#panama; https://pulse.internetsociety.org/en/shutdowns/telecom-shutdown-in-bocas-del-toro/; https://www.dw.com/es/gobierno-de-panam%C3%A1-corta-internet-en-provincia-agitada-por-saqueos/a-72996430; https://dplnews.com/panama-servicios-de-internet-y-telefonia-celular-se-restablecen-en-la-provincia-de-bocas-del-toro/; https://bsky.app/profile/ioda.live/post/3lsgnqkdils2a,Ended,6/30/2025,6,Public safety/ Quell unrest/ Restore public order,Authorities declared a state of emergency and suspended articles of their constitution in the midst of protests,Yes,Yes,"Government order, State of Emergency declaration",https://drive.google.com/file/d/16yovAksHzO8hv9_gLUO1ycjs-SNK1_W9/view?usp=drive_link,,No,No,No,No,No,,Yes,Yes,Panama: Cable Onda,Unknown,,,No,Unknown,Unknown,,,Unknown,,Authorities in Panama extended a previous shutdown order to now last another 5 days until Jun. 29. Connectivity returned by 1:00am (local time) on Jun. 30.,,LAC
Actual,6/26/2025,Togo,"It affected locations in more than one state, province, or region",Nationwide,"Shutdown, Throttle","Broadband, Mobile","Full network, Service-based",Executive government,,Protests,Multiple platforms were blocked across Togo in response to anti-government protests,CSO KIO partners,https://explorer.ooni.org/findings/167838678600; https://pulse.internetsociety.org/en/shutdowns/blocking-of-services-in-togo/; https://nouvelledafrique.tg/togo-internet-enfin-retabli-apres-trois-mois-de-restrictions/#google_vignette; https://mfwa.org/country-highlights/bloody-crackdown-on-protests-in-togo-7-dead-over-60-arrested/; https://www.rfi.fr/fr/afrique/20250704-togo-internet-r%C3%A9seaux-sociaux-ralentis-la-soci%C3%A9t%C3%A9-civile-inqui%C3%A8te-interpelle-c%C3%A9d%C3%A9ao/; https://ioda.inetintel.cc.gatech.edu/country/TG?from=1751244593&until=1757206193&view=view1/,Ended,9/25/2025,92,Unknown,,No,,,,,Yes,No,No,No,Yes,"Signal, YouTube, DuckDuckGo",No,No,"Togo: Atlantique Telecom, Togo: GVA Cote d'Ivoire, Togo: Togocel (Togo Com)",Unknown,,,No,Yes,Yes,,,No,,"Facebook, Telegram, Signal, YouTube, and DuckDuckGo were blocked in Togo beginning Jun. 26 in the midst of anti-government protests against a newly adopted constitution where at least 7 civilians were killed, dozens injured, and 60 arrested. According to OONI data, access to DuckDuckGo was unblocked on Jul. 3, access to YouTube and Signal was unblocked by Jul. 27, and access to Telegram and Facebook was unblocked on Sep. 25. Additionally, between Jul. 1 and Sep. 5, there was daily, generalized throttling at a nationwide level from around 9:00am UTC+0 until around 12:00am UTC+0 on the following day as evident by visible increases in RTT (Round-Trip Time) Latency measurements from IODA.",https://www.accessnow.org/press-release/keepiton-togolese-authorities-must-uphold-human-rights-online-and-off-during-protests/?tztc=1,Africa
Actual,6/26/2025,Cambodia,"It only affected one city, county, or village",Areas near border with Thailand around the Khlong Luek crossing,Shutdown,"Broadband, Mobile",Full network,Non-government,Thailand authorities,Conflict,Thai authorities cut off internet access coming into Cambodia during ongoing border disputes in an alleged effort to curb cybercrime,CSO KIO partners,https://developingtelecoms.com/telecom-business/telecom-regulation/18701-thailand-s-nbtc-orders-telcos-to-cut-internet-services-to-cambodia.html/,Unknown,,,Other,To curb cybercrime activities using Thai internet,Yes,,,https://developingtelecoms.com/telecom-business/telecom-regulation/18701-thailand-s-nbtc-orders-telcos-to-cut-internet-services-to-cambodia.html/,,No,No,No,No,No,,Unknown,Unknown,,Unknown,,,No,Unknown,Unknown,,,No,,Thai authorities through the National Broadcasting and Telecommunications Commission (NBTC) ordered Thai ISPs to cut off internet service across the border in Cambodia on Jun. 26.,,APAC
Actual,6/30/2025,Iran (Islamic Republic of),"It affected locations in more than one state, province, or region",Nationwide,Shutdown,"Broadband, Mobile",Full network,Executive government,,Information control,,CSO KIO partners,https://filter.watch/english/2025/07/10/network-and-policy-monitoring-june-2025-irans-response-death-penalty-for-satellite-internet-users-after-israeli-attack/; https://nezamat.ir/%D9%82%D8%A7%D9%86%D9%88%D9%86-%D8%AA%D8%B4%D8%AF%DB%8C%D8%AF-%D9%85%D8%AC%D8%A7%D8%B2%D8%A7%D8%AA-%D8%AC%D8%A7%D8%B3%D9%88%D8%B3%DB%8C-%D9%88-%D9%87%D9%85%DA%A9%D8%A7%D8%B1%DB%8C-%D8%A8%D8%A7-%D8%B1/; https://www.iranintl.com/en/202510093488; https://www.facebook.com/WIONews/videos/iran-parliament-outlaws-the-use-of-starlink/2062581314145493/,Ongoing,,,National security/ Counter-terrorism,"The Iranian parliament approved a new bill criminalizing the use of Starlink with the threat of imprisonment, and the use of the service for espionage or if the user is an ""enemy agent"" with the threat of death",Yes,,,https://nezamat.ir/%D9%82%D8%A7%D9%86%D9%88%D9%86-%D8%AA%D8%B4%D8%AF%DB%8C%D8%AF-%D9%85%D8%AC%D8%A7%D8%B2%D8%A7%D8%AA-%D8%AC%D8%A7%D8%B3%D9%88%D8%B3%DB%8C-%D9%88-%D9%87%D9%85%DA%A9%D8%A7%D8%B1%DB%8C-%D8%A8%D8%A7-%D8%B1/,,No,No,No,No,No,Starlink,No,No,,Unknown,,,No,No,No,,,No,,"Iranian authorities banned the use of Starlink on Jun. 30 following the 12-day war with Israel. Authorities criminalized the purchase, sale, import, and use of Starlink and other unauthorized internet tools with punishments ranging from imprisonment and device confiscation to the death penalty if the technology is deemed to be used to act against the regime. The ban is ongoing into 2026. Users continued to use Starlink during the full shutdown and communications blackout of January 2026, with authorities using jamming devices in trucks to disrupt Starlink access on top of shutting down terrestrial networks.",,MENA
Actual,7/5/2025,Pakistan,"It affected locations in more than one state, province, or region","Dadu, Jacobabad, Karachi, Kohat, Lahore, Peshawar, Quetta, Rawalpindi, and Sukkur",Shutdown,Mobile,Full network,Executive government,Interior Minister Mohsin Naqvi,Religious holiday/anniversary,Mobile internet was suspended in 9 cities across Pakistan for the 9th of Muharram commemoration,CSO KIO partners,https://killswitch.pk/?q=node/210; https://arynews.tv/mobile-phone-service-suspended-in-several-cities-on-9th-muharram; https://www.nation.com.pk/05-Jul-2025/mobile-internet-services-suspended-in-several-cities-for-9th-muharram,Ended,7/5/2025,1,Precautionary measure,,Yes,,,https://www.nation.com.pk/05-Jul-2025/mobile-internet-services-suspended-in-several-cities-for-9th-muharram,,No,No,No,No,No,,Unknown,Unknown,,Unknown,,,No,No,No,,,No,,"Mobile internet was suspended in 9 cities across the country (Dadu, Jacobabad, Karachi, Kohat, Lahore, Peshawar, Quetta, Rawalpindi, and Sukkur) on Jul. 5 from an unknown time until 8:00pm (local time, UTC+5) as a precautionary measure during 9th Muharram.",,APAC
Actual,7/6/2025,India,"It only affected one city, county, or village","Katihar District, Bihar",Shutdown,"Broadband, Mobile",Service-based,State government,"Government of Bihar, Home Department",Communal violence,Clashes between two groups during a Muharram procession led to an internet shutdown,CSO KIO partners,https://internetshutdowns.in/media/Internet_Shutdown_Imposed_in_Katihar_After_Clashes_Erupt_During_Muharram_Procession__Pat_S8eTPkD.pdf; https://home.bihar.gov.in/CMS/notice.aspx,Ended,7/7/2025,2,Fake news/ Hate speech/ Incendiary content/ Promoting violence,,Yes,Yes,Government order,https://drive.google.com/file/d/1xW8N4Ty5CWqoxSgj2uEqYiJiWqiPoZYN/view?usp=drive_link,,Yes,Yes,Yes,Unknown,Yes,"QQ, WeChat, Ozone, Tumblr, Google+, Baidu, Skype, Viber, Line, Snapchat, Pinterest, Reddit, Snaptish, YouTube, Vinc, Xanga, Buaanet, Flickr, ""other social networking sites meant for mass messaging""",No,No,,Unknown,,,No,Yes,Unknown,,,Unknown,,"23 social media and messaging platforms were blocked in Katihar District, Bihar from 20:00 on Jul. 6 to 20:00 on Jul. 7. The order excludes government internet and intranet services, including banking.",,APAC
Actual,7/6/2025,Pakistan,"It affected locations in more than one state, province, or region","Islamabad, Karachi, Lahore, Mianwali, Peshawar, Quetta, Rawalpindi, Shahdadpur, and Tando Allahyar",Shutdown,Mobile,Full network,Local government,Local government officials in each affected municipality,Religious holiday/anniversary,Mobile internet was suspended in 9 cities across Pakistan for Ashura,CSO KIO partners,https://killswitch.pk/?q=node/211; https://dailyausaf.com/en/pakistan/ashura-2025-mobile-services-disrupted-in-these-major-pakistani-cities/,Ended,7/6/2025,1,Precautionary measure,,Yes,,,https://dailyausaf.com/en/pakistan/ashura-2025-mobile-services-disrupted-in-these-major-pakistani-cities/,,No,No,No,No,No,,Unknown,Unknown,,Unknown,,,No,No,No,,,No,,"Mobile internet was suspended in 9 cities across the country (Islamabad, Karachi, Lahore, Mianwali, Peshawar, Quetta, Rawalpindi, Shahdadpur, and Tando Allahyar) on Jul. 6 as a precautionary measure during Ashura by various local government officials.",,APAC
Actual,7/7/2025,Sudan,"It affected locations in more than one state, province, or region",Nationwide,Shutdown,Mobile,Full network,Unknown,,Exam cheating,Mobile internet was shutdown at the same time on four exam days for secondary school certificates,CSO KIO partners,https://nitter.net/CloudflareRadar/status/1942247815297507649#m; https://bsky.app/profile/radar.cloudflare.com/post/3ltezwcqvfc2c; https://www.suna-sd.net/posts/ministry-of-education-publishes-schedule-for-postponed-2024-secondary-school-certificate-examinations; https://radar.cloudflare.com/sd?dateStart=2025-07-06&dateEnd=2025-07-11; https://www.altaghyeer.info/ar/2025/07/08/%D8%A7%D9%84%D8%B3%D9%84%D8%B7%D8%A7%D8%AA-%D8%AA%D9%82%D8%B1%D8%B1-%D8%AD%D8%AC%D8%A8-%D8%A7%D9%84%D8%A5%D9%86%D8%AA%D8%B1%D9%86%D8%AA-%D9%81%D9%8A-%D8%A7%D9%84%D8%B3%D9%88%D8%AF%D8%A7%D9%86-%D9%84/; https://ioda.inetintel.cc.gatech.edu/country/SD?from=1751923772&until=1752269372&view=view1,Ended,7/10/2025,4,Unknown,,No,,,,,No,No,No,No,No,,Unknown,Unknown,"Sudan: MTN, Sudan: Sudani (Sudatel), Sudan: Zain",Unknown,,,No,Unknown,Unknown,,,No,,"Mobile internet was shutdown across most of Sudan daily from Jul. 7 to Jul. 10 between 12:00-15:00 UTC+0, coinciding with the final days of the secondary school certificate exams which had been postponed from 2024. These disruptions also happened in the context of the ongoing civil war in the country.",https://www.accessnow.org/no-exam-shutdown-new-academic-year/,MENA
Actual,7/7/2025,Kenya,"It affected locations in more than one state, province, or region",Nationwide,Shutdown,"Broadband, Mobile",Service-based,Executive government,,Protests,Telegram was blocked on Liquid Telecom on a day of deadly protests,CSO KIO partners,https://explorer.ooni.org/chart/mat?test_name=telegram&axis_x=measurement_start_day&since=2025-07-04&until=2025-07-10&time_grain=day&probe_cc=KE&axis_y=probe_asn; ,Ended,7/7/2025,1,Unknown,,No,,,,,No,No,No,No,Yes,,No,No,Kenya: Liquid Telecommunications Ltd,Unknown,,,No,Yes,Yes,,,No,,"Telegram was blocked by Kenyan authorities on Jul. 7, with the order either only directed to or applied by Liquid Telecom. The protests marked the 35th anniversary of pro-democracy rallies, and a crackdown by police forces left at least 10 dead and 29 injured nationwide.",,Africa
Actual,7/8/2025,Myanmar,"It only affected one city, county, or village","Mogok city, Mandalay Region",Shutdown,"Broadband, Mobile",Full network,Military,Military junta,Conflict,Internet and phone lines were cut off by the military council in an area of active conflict,CSO KIO partners,https://www.shannivoice.com/%E1%80%99%E1%80%AD%E1%80%AF%E1%80%B8%E1%80%80%E1%80%AF%E1%80%90%E1%80%BA%E1%80%94%E1%80%B2%E1%80%B7%E1%80%80%E1%80%BB%E1%80%B1%E1%80%AC%E1%80%80%E1%80%BA%E1%80%99%E1%80%B2%E1%80%99%E1%80%BC%E1%80%AD/; https://engagemedia.org/2025/myanmar-digital-coup-quarterly-may-2025-july-2025/,Unknown,,,Unknown,,No,,,,,No,No,No,No,No,,Yes,Yes,,Unknown,,,No,Yes,Yes,,,No,,"Internet service and phones lines were cut off by the military council in Mogok city, Mandalay Region on Jul. 8 immediately following a bombing by junta aircraft. A 500-pound bomb was dropped on homes in the Gow U Ba neighborhood of western Mogok, killing 3 civilians and injuring 8 others.",,APAC
Actual,7/8/2025,India,"It only affected one city, county, or village","Baramulla District, Jammu & Kashmir",Throttle,Mobile,Full network,State government,"Government of Jammu & Kashmir, Home Department",Unknown,,Other,https://jkhome.nic.in/pdf/13(TSTS)of2025.pdf,Ended,7/8/2025,1,Public safety/ Quell unrest/ Restore public order,,Yes,Yes,Government order,https://drive.google.com/file/d/1cNYwF6YPA8jrsDhy0WCg-K5TnH6iHLH4/view?usp=drive_link,,No,No,No,No,No,,No,No,,Unknown,,,No,Unknown,Unknown,,,No,,"Mobile internet on 3G/4G/5G was throttled to 2G speeds (<128 kbps) for Baramulla District, Jammu & Kashmir from 10:00 to 20:00 on Jul. 8.",,APAC
Actual,7/13/2025,India,"It only affected one city, county, or village","Nuh District, Haryana",Shutdown,Mobile,Full network,State government,"Government of Haryana, Department of Home Affairs",Religious holiday/anniversary,Mobile internet was suspended in Nuh ahead of Braj Mandal Jalabhishek Yatra,CSO KIO partners,https://internetshutdowns.in/media/Haryana__Mobile_internet_suspended_in_Nuh_ahead_of_Abhishek_Yatra___Delhi_News_-_The_Ind_9sXP4S5.pdf; https://pulse.internetsociety.org/en/shutdowns/internet-suspended-in-haryana-india/; https://timesofindia.indiatimes.com/city/gurgaon/net-suspended-cops-on-roads-for-nuh-yatra-22-units-of-security-forces-dog-squads-night-vision-drones-bomb-detection-teams-deployed/articleshow/122423460.cms; https://www.deccanherald.com/india/haryana/internet-sms-services-suspended-in-nuh-tight-security-ahead-of-brij-mandal-yatra-in-haryanas-nuh-3628446; https://indianexpress.com/article/cities/delhi/jalabhishek-yatra-held-peacefully-in-nuh-amid-internet-ban-security-measures-10127154/,Ended,7/14/2025,2,Fake news/ Hate speech/ Incendiary content/ Promoting violence,,Yes,Yes,Government order,https://drive.google.com/file/d/1haZWPq7Zf6Pa1pJd0aVJTPyHU8bw6BEA/view?usp=drive_link,"""The order states that the ban is aimed at preventing the spread of misinformation and maintaining law and order in the district.""",No,No,No,No,No,,No,No,,Unknown,,,No,No,No,,,Yes,,Mobile internet was suspended in Nuh District from 21:00 on Jul. 13 to 21:00 on Jul. 14.,,APAC
Estimated,7/14/2025,Myanmar,"It only affected one city, county, or village","Thabeikkyin township, Mandalay Region",Shutdown,"Broadband, Mobile",Full network,Unknown,,Conflict,Internet and phone lines were cut off by the military council and PDF in an area of active conflict,CSO KIO partners,https://www.dvb.no/post/714703; https://engagemedia.org/2025/myanmar-digital-coup-quarterly-may-2025-july-2025/,Unknown,,,Unknown,,No,,,,,No,No,No,No,No,,Yes,Yes,,Unknown,,,No,Yes,Yes,,,No,,"Internet service and phones lines were cut off by the military council in Thabeikkyin township, Mandalay Region around Jul. 14. The PDF was also cutting off the internet in the township during this period in the midst of heavy fighting, making it difficult to confirm details. On the evening of Jul. 14, the military council bombed a church, killing 4 children under the age of 10 and injuring 2 other civilians.",,APAC
Actual,7/14/2025,Syrian Arab Republic,"It affected more than one city in the same state, province, or region",Suwayda Governorate,Shutdown,"Broadband, Mobile",Full network,Executive government,,Conflict,A full internet shutdown occurred in the governorate of Suwayda following intensified fighting between sectarian groups and the Syrian military which broke out on Jul. 13,CSO KIO partners,https://smex.org/syrians-report-deliberate-internet-shutdowns-amid-sweida-attacks/; https://bsky.app/profile/ioda.live/post/3luhxtaruu22j; https://ioda.inetintel.cc.gatech.edu/asn/29256-3920?from=1752407392&until=1756554592&view=view1; https://www.hrw.org/news/2026/01/15/syria-accountability-lacking-for-sweida-abuses; https://x.com/SMEX/status/1953091173968433618; https://ioda.inetintel.cc.gatech.edu/asn/29256-3920?from=1752407392&until=1757850592&view=view1,Ended,7/21/2025,8,Technical problems/ Infrastructure failure,,Yes,,,https://www.facebook.com/moct.gov/posts/pfbid023KpUkYz4pg8yL2pEkjETXfMSa8j1Wde88UGFEug1WXY8WJA9ZNRtoM8CsH7XGxK5l?rdid=N1CI9RHpCEa1tVPK; https://smex.org/syrians-report-deliberate-internet-shutdowns-amid-sweida-attacks/,"""The Syrian Ministry of Communications and Technology announced Sunday that ongoing telecommunications and internet disruptions in Sweida are due to 'technical and logistical challenges,' citing severe fuel shortage needed to power equipment at internet and cell towers. The Ministry also stated that it 'has taken a series of urgent measures to restore services as quickly as possible,' after a failed attempt to deliver fuel by a specialized team.""",No,No,No,No,No,,Yes,Yes,,Unknown,,,No,Yes,Yes,,,No,,"There was a full internet shutdown in Suwayda Governorate from Jul. 14 until Jul. 21 in the midst of intensified fighting between Druze, Bedouin, and government security forces which resulted in mass atrocities committed by all sides. Internet traffic started to slowly return by late July, but was still at or below half of previous levels into September.",https://www.accessnow.org/press-release/syrian-government-must-restore-internet-access-in-suwayda/,MENA
Actual,7/18/2025,Myanmar,"It affected more than one city in the same state, province, or region","Bahan and Sanchaung townships, Yangon Region",Shutdown,"Broadband, Mobile",Full network,Military,Military junta,Visits by government officials,Internet and phone lines were cut off by the military council in the vicinity of the Martyrs' Day ceremonies in Yangon,CSO KIO partners,https://www.facebook.com/100066528465996/posts/1108594808034791/; https://engagemedia.org/2025/myanmar-digital-coup-quarterly-may-2025-july-2025/,Ended,7/18/2025,1,Unknown,,No,,,,,No,No,No,No,No,,Yes,Yes,,Unknown,,,No,No,No,,,No,,"Internet service and phones lines were cut off by the military council in Bahan and Sanchaung townships, Yangon Region on Jul. 18 as Min Aung Hlaing visited Yangon for the Martyrs' Day ceremony.",,APAC
Actual,7/18/2025,"Tanzania, United Republic of","It affected locations in more than one state, province, or region",Nationwide,Shutdown,"Broadband, Mobile",Service-based,Executive government,,Information control,YouTube was blocked during government critic Humphrey Polepole's press briefing,CSO KIO partners,https://x.com/ChangeTanzania/status/1946126895575101757; https://transparencyreport.google.com/traffic/overview?hl=en&fraction_traffic=start:1752710400000;end:1753055999999;product:21;region:TZ&lu=fraction_traffic; https://www.the-star.co.ke/news/2025-07-18-ex-tanzanian-envoy-protests-sisters-kidnapping,Ended,7/18/2025,1,Unknown,,No,,,,,No,No,No,No,No,YouTube,No,No,,Unknown,,,No,No,No,,,No,,"YouTube was blocked briefly in Tanzania on Jul. 18 from around 12:30pm-2:30pm (UTC+3, local time) during government critic Humphrey Polepole's livestreamed press briefing regarding his sister's forced disappearance and other criticisms of the government.",,Africa
Actual,7/19/2025,Nepal,"It affected locations in more than one state, province, or region",Nationwide,Shutdown,"Broadband, Mobile",Service-based,Executive government,Nepal Telecommunications Authority (NTA),Information control,,CSO KIO partners,https://explorer.ooni.org/findings/284032502800; https://www.nta.gov.np/content/telegram-app-l-b-b-a; https://myrepublica.nagariknetwork.com/news/nta-bans-telegram-app-in-nepal-55-42.html; https://kathmandupost.com/national/2025/07/18/nepal-bans-telegram-over-online-fraud-concerns; https://mypeoplesreview.com/2025/07/19/government-bans-telegram-app-citing-rising-financial-frauds/; https://thehimalayantimes.com/kathmandu/sc-orders-government-to-justify-telegram-ban; https://explorer.ooni.org/chart/mat?probe_cc=NP&since=2025-09-02&until=2025-10-16&time_grain=day&axis_x=measurement_start_day&axis_y=probe_asn&test_name=telegram; https://explorer.ooni.org/chart/mat?probe_cc=NP&since=2025-10-01&until=2026-02-27&time_grain=day&axis_x=measurement_start_day&test_name=telegram,Ongoing,,,Illegal content,,Yes,No,,https://www.nta.gov.np/content/telegram-app-l-b-b-a,,No,No,No,No,Yes,,No,No,"Nepal: Ncell, Nepal: Subiso Cablenet, Nepal: WorldLink Communications",Unknown,,,No,No,No,,,Yes,,"Telegram was blocked in Nepal beginning on Jul. 19 following a directive from the Nepal Telecommunications Authority on Jul. 18. Security agencies alleged that the app was being used for money laundering and financial fraud, but other reports indicated that the ban may have been triggered by the platform's unwillingness to share user data with law enforcement. Later in August, the Nepal Supreme Court ordered the government to justify the ban. OONI data shows both the web and mobile version of the app were inaccessible in the country. The block is ongoing on some networks, with others lifting the block after the end of the other sweeping 26-site social media ban in early September. The block was ongoing intermittently into January 2026.",https://www.accessnow.org/press-release/keepiton-nepal-authorities-must-reverse-nationwide-telegram-ban-and-uphold-human-rights/,APAC
Actual,7/19/2025,Angola,"It affected locations in more than one state, province, or region",Nationwide,Shutdown,"Broadband, Mobile",Full network,Executive government,,Protests,The internet was shut down across Angola in the midst of anti-government protests,CSO KIO partners,https://bsky.app/profile/ioda.live/post/3lus5cveomc2c; https://blog.cloudflare.com/q3-2025-internet-disruption-summary/#angola; https://www.verangola.net/va/en/072025/Society/45242/Angolan-NGOs-consider-internet-shutdown-during-Saturday%27s-protests-a-dictatorial-measure.htm; https://www.facebook.com/radioangola/posts/omunga-friends-of-angola-associa%C3%A7%C3%A3o-upanque-fordu-and-alda-condemns-the-recent-i/1300630615401199/; https://www.angola24horas.com/angola-24-horas-noticias/item/32333-cortes-em-cabos-de-fibra-optica-provocam-quebra-do-sinal-de-internet-em-angola; https://www.plenglish.com/news/2025/07/19/angolan-students-to-protest-rising-cost-of-living-and-tuition/,Ended,7/19/2025,1,Unknown,,No,,,,,No,No,No,No,No,,Unknown,Unknown,"Angola: Movicel, Angola: Unitel",Yes,https://x.com/unitelao/status/1946644209370358120,"[Google Translate] ""Unitel reports that internet access has been fully restored. The interruption recorded today, Saturday, July 19th, originated from a disruption at the Angola Cables partner, caused by public works that affected fiber optic interconnections nationwide.""",No,Unknown,Unknown,,,No,,"The internet was shut down in Angola from 12:45-15:45 (UTC+0) (or 13:45-16:45 local time, UTC+1) on Jul. 19 during protests. Movicel and Unitel experienced a nearly 100% drop in traffic. There was a protest planned in Luanda at 13:00 on Jul. 19 local time against fuel price increases. Unitel and Angola Cables blamed the shutdown on a cable cut along on a public road. This is Angola's first recorded shutdown.",,Africa
Actual,7/19/2025,India,"It only affected one city, county, or village","Dachhan area, Kishtwar District, Jammu & Kashmir",Shutdown,Mobile,Full network,State government,"Government of Jammu & Kashmir, Home Department",Unknown,,Other,https://jkhome.nic.in/pdf/14(TSTS)of2025.pdf,Ended,7/19/2025,1,Public safety/ Quell unrest/ Restore public order,,Yes,Yes,Government order,https://drive.google.com/file/d/1Fa8FrRyJQEWn4qZV0jo3BIqnIm2gQXbs/view?usp=drive_link,,No,No,No,No,No,,No,No,"India: Airtel (Bharti Airtel), India: Reliance Jio (Reliance Industries)",Unknown,,,No,Unknown,Unknown,,,No,,"Mobile internet was suspended for Dachhan area, Kishtwar District, Jammu & Kashmir from 19:00 to 23:59 on Jul. 19. 2G/3G/4G/5G and public Wi-Fi services were impacted across 115 listed Tower IDs.",,APAC
Estimated,7/23/2025,Myanmar,"It only affected one city, county, or village","Palaw township, Tanintharyi Region",Shutdown,Mobile,Full network,Military,Military junta,Conflict,Internet and phone lines were cut off by the military council in an area of active conflict,CSO KIO partners,https://www.ludunwayoo.com/news-mm/2025/07/28/128961/; https://engagemedia.org/2025/myanmar-digital-coup-quarterly-may-2025-july-2025/,Ended,7/28/2025,6,Unknown,,No,,,,,No,No,No,No,No,,Yes,Yes,,Unknown,,,No,Yes,Yes,,,No,,"Mobile internet and phone lines were cut off by the military council in Palaw township, Tanintharyi Region from Jul. 23 to at least Jul. 28 in the midst of heavy fighting with resistance forces. There were multiple reports of the junta targeting civilians through airstrikes on homes and religious buildings, as well as open firing on a group of civilians rescuing the dead from a drone attack on Jul. 25, which resulted in 10 deaths and 5 injuries.",,APAC
Actual,7/24/2025,Myanmar,"It only affected one city, county, or village","Hakha city, Chin State",Shutdown,"Broadband, Mobile",Full network,Military,Military junta,Unknown,Soldiers from the 266th battalion of the military council confiscated Starlink and other WiFi devices from civilians,CSO KIO partners,https://www.facebook.com/ayeyarwaddytimes/posts/%E1%80%9F%E1%80%AC%E1%80%B8%E1%80%81%E1%80%AB%E1%80%B8%E1%80%99%E1%80%BC%E1%80%AD%E1%80%AF%E1%80%B7%E1%80%9B%E1%80%BE%E1%80%AD-%E1%80%A1%E1%80%84%E1%80%BA%E1%80%90%E1%80%AC%E1%80%94%E1%80%80%E1%80%BA-%E1%80%9D%E1%80%AD%E1%80%AF%E1%80%84%E1%80%BA%E1%80%96%E1%80%AD%E1%80%AF%E1%80%84%E1%80%BA%E1%80%85%E1%80%80%E1%80%BA%E1%80%99%E1%80%BB%E1%80%AC%E1%80%B8%E1%80%80%E1%80%AD%E1%80%AF-%E1%80%85%E1%80%85%E1%80%BA%E1%80%80%E1%80%B1%E1%80%AC%E1%80%84%E1%80%BA%E1%80%85%E1%80%AE%E1%80%90%E1%80%95%E1%80%BA%E1%80%99%E1%80%BE-%E1%80%9E%E1%80%AD%E1%80%99%E1%80%BA%E1%80%B8%E1%80%86%E1%80%8A%E1%80%BA%E1%80%B8%E1%80%9F%E1%80%AC%E1%80%B8%E1%80%81%E1%80%AB%E1%80%B8%E1%80%A7%E1%80%9B%E1%80%AC%E1%80%9D/1072267511708934/; https://engagemedia.org/2025/myanmar-digital-coup-quarterly-may-2025-july-2025/,Ended,7/28/2025,5,Unknown,,No,,,,,No,No,No,No,No,Starlink,No,No,"Myanmar: Chinland Network, Myanmar: Shwe Hakha Net, Myanmar: Star Net",Unknown,,,No,Unknown,Unknown,,,No,,"Starlink and other WiFi devices were confiscated from civilians by the military council in Hakha city, Chin State starting Jul. 24 until at least Jul. 28.",,APAC
Actual,7/24/2025,Yemen,"It affected locations in more than one state, province, or region",Sana'a and surrounding governorates,Shutdown,"Broadband, Mobile",Full network,Non-government,"""S4uD1Pwnz"" hacker group",Conflict,A hacker group took credit for a cyberattack on Houthi-controlled areas in Yemen which disrupted the internet for over an hour,CSO KIO partners,https://shutdowns.yodet.org/2025; https://yemenat.net/archives/410456; https://adennews.net/165555,Ended,7/24/2025,1,Unknown,,Yes,,,https://adennews.net/165555,,No,No,No,No,No,,No,No,Yemen: YemenNet,Unknown,,,No,Unknown,Unknown,,,No,,"The ""S4uD1Pwnz"" hacker group took credit for a cyberattack which disrupted the internet on YemenNet for over an hour in Sana'a and surrounding governorates in Yemen on Jul. 24. Reports on a 20-minute disruption on Aug. 11, for which the group took credit, confirmed that they were also responsible for the earlier shutdown on Jul. 24.",,MENA
Actual,7/25/2025,Sudan,"It affected locations in more than one state, province, or region",Nationwide,Shutdown,"Broadband, Mobile",Service-based,Executive government,Telecommunications and Post Regulatory Authority (TPRA),Conflict,Voice and video calls were blocked on WhatsApp by the Sudanese TPRA in the midst of the civil war,CSO KIO partners,https://www.dabangasudan.org/en/all-news/article/sudan-to-block-whatsapp-calls-citing-security-concerns; https://www.trtafrika.com/english/article/7ff6a3d4c035; https://www.hrw.org/news/2025/08/29/sudan-un-should-act-to-protect-starving-civilians,Ongoing,,,National security/ Counter-terrorism,,Yes,,,https://www.trtafrika.com/english/article/7ff6a3d4c035,"""In a statement, TTRA says the measure is being implemented to counter potential security threats and safeguard national security and the country's paramount interests, state media SUNA reports. 'The TPRA notifies all subscribers and users of telecommunications services that WhatsApp voice and video calling services will be restricted in Sudan as a precautionary measure against security threats and to preserve national security and the country's supreme interests,' the statement reads.""",No,No,Yes,No,No,,No,No,,Unknown,,,No,Yes,Yes,,,Yes,,"Voice and video calls on WhatsApp were blocked in Sudan beginning Jul. 25. The targeted blocking on the WhatsApp service coincides with ongoing grave human rights abuses perpetrated by the SAF and RSF, particularly in the North Kordofan and Darfur states, where civilians are regularly trapped and killed amidst the fighting and facing mass starvation due to the blocking and targeting of humanitarian aid. This blocking was ongoing as of February 2026.",https://www.accessnow.org/press-release/keepiton-time-to-end-sudans-isolation-lift-whatsapp-block-now/,MENA
Estimated,7/25/2025,Myanmar,"It only affected one city, county, or village","Dawei township, Tanintharyi Region",Shutdown,Mobile,Full network,Military,Military junta,Conflict,Internet and phone lines were cut off by the military council in an area of active conflict,CSO KIO partners,https://yktnews.com/2025/07/222584/; https://engagemedia.org/2025/myanmar-digital-coup-quarterly-may-2025-july-2025/,Unknown,,,Unknown,,No,,,,,No,No,No,No,No,,Yes,Yes,,Unknown,,,No,Yes,Unknown,,,No,,"Mobile internet and phone lines were cut off by the military council in Dawei township, Tanintharyi Region around Jul. 25 in the midst of fighting with resistance forces.",,APAC
Estimated,7/25/2025,Russian Federation,"It affected more than one city in the same state, province, or region",Krasnoyarsk Krai,Shutdown,Mobile,Full network,State government,,Conflict,"Regional authorities confirmed a mobile shutdown in Krasnoyarsk Krai ""for the prevention of network threats"" in the midst of the conflict",News media article,https://web.archive.org/web/20250730014527/https://www.rbc.ru/society/29/07/2025/6888d8399a7947129619090e,Unknown,,,National security/ Counter-terrorism,,Yes,,,https://web.archive.org/web/20250730014527/https://www.rbc.ru/society/29/07/2025/6888d8399a7947129619090e,"[Google Translate] ""Earlier, the head of the region, Mikhail Kotyukov, commented on the restrictions on the operation of the mobile Internet in a telegram channel: they, the governor said, are necessary 'for the prevention of network threats'.""",No,No,No,No,No,,Unknown,Unknown,,Unknown,,,No,Unknown,Unknown,,,No,,There was a mobile internet shutdown in Krasnoyarsk Krai by at least Jul. 25.,,EECA
Actual,8/6/2025,Pakistan,"It affected more than one city in the same state, province, or region",Balochistan,Shutdown,Mobile,Full network,Executive government,Pakistan Telecommunication Authority (PTA),Conflict,,CSO KIO partners,https://killswitch.pk/?q=node/212; https://killswitch.pk/?q=node/214; https://pulse.internetsociety.org/en/shutdowns/internet-suspended-in-balochistan-pakistan-august-2025/; https://www.amnesty.org/en/latest/campaigns/2025/09/the-pakistani-government-shut-down-the-internet-i-couldnt-even-tell-my-family-i-was-safe/; https://pakvoices.pk/quetta-network-shutdown/; https://minutemirror.com.pk/balochistan-mobile-internet-suspended-over-security-concerns-422072/; https://www.arabnews.com/node/2610973/pakistan; https://pakistanpressfoundation.org/mobile-internet-restored-in-parts-of-balochistan-after-court-order/,Ended,8/21/2025,16,National security/ Counter-terrorism,,Yes,,,https://minutemirror.com.pk/balochistan-mobile-internet-suspended-over-security-concerns-422072/; https://www.arabnews.com/node/2610973/pakistan,"""Mobile internet services have been suspended across Balochistan, including Quetta, due to rising security threats. Provincial authorities confirmed the move on Thursday, stating it was a precautionary measure. The Pakistan Telecommunication Authority (PTA) said the suspension is indefinite. It affects several districts including Kohlu, Chaman, Qila Abdullah, Pishin, Loralai, Ziarat, Qila Saifullah, Nushki, and Harnai. Officials did not provide a definite end date. However, sources suggest that the shutdown could last until at least August 15. Authorities said the step was necessary in light of intelligence reports warning of possible unrest or violence. They described the action as temporary and in the interest of public safety."" ... ""The blackout will remain in place until August 31, a senior government official, privy to the decision, told Arab News on Wednesday, speaking on condition of anonymity. 'Due to security concerns and terrorist threats, the government has suspended mobile Internet in all 36 districts of Balochistan,' he said.""",No,No,No,No,No,,Unknown,Unknown,,Unknown,,,No,Unknown,Unknown,,,No,,"Mobile internet was suspended across Balochistan from Aug. 6 to Aug. 21 as a precautionary measure of expected clashes with militant groups. The order was originally until at least Aug. 15 in anticipation of the Aug. 14 national holiday, but then was extended until Aug. 31. A court order on Aug. 21 forced authorities to restore connection, ending the shutdown.",,APAC
Actual,8/13/2025,Pakistan,"It only affected one city, county, or village","G-6, G-7, G-8, and H sectors, Islamabad",Shutdown,Mobile,Full network,Executive government,Ministry of Interior,Other,Independence Day celebrations,CSO KIO partners,https://killswitch.pk/?q=node/213; https://propakistani.pk/2025/08/13/mobile-services-suspended-in-parts-of-islamabad/,Ended,8/14/2025,2,Precautionary measure,,Yes,,,https://propakistani.pk/2025/08/13/mobile-services-suspended-in-parts-of-islamabad/,,No,No,No,No,No,,Unknown,Unknown,,Unknown,,,No,No,No,,,No,,"Mobile internet was suspended in G-6, G-7, G-8, and H sectors, Islamabad from Aug. 13 to Aug. 14 during Independence Day celebrations.",,APAC
Actual,8/13/2025,Russian Federation,"It affected locations in more than one state, province, or region",Nationwide,Shutdown,"Broadband, Mobile",Service-based,Executive government,Roskomnadzor,Information control,Russian authorities blocked the call features on WhatsApp and Telegram,News media article,https://web.archive.org/web/20250813131153/https://www.rbc.ru/politics/13/08/2025/689c8c7c9a79479b1087586d,Ongoing,,,National security/ Counter-terrorism,To counter phone scams and curb terrorism recruitment,Yes,,,https://web.archive.org/web/20250813131153/https://www.rbc.ru/politics/13/08/2025/689c8c7c9a79479b1087586d,"[Google Translate] ""'We inform you that in order to counter criminals, in accordance with the materials of law enforcement agencies, measures are being taken to partially restrict calls in these foreign instant messengers. No other restrictions on their functionality are introduced', - the department said. The RKN explained that 'according to law enforcement agencies and numerous appeals from citizens' Telegram and WhatsApp (owned by Meta, which is recognized as extremist and banned in Russia) have become 'the main voice services used to deceive and extort money, involve Russian citizens in sabotage and terrorist activities'.""",No,No,Yes,No,Yes,,No,No,,Unknown,,,No,No,No,,,No,,Call features on WhatsApp and Telegram were ordered to be blocked by Russian authorities across the country beginning Aug. 13.,,EECA
Actual,8/14/2025,India,"It only affected one city, county, or village","Ichgam area, Budgam District, Jammu & Kashmir",Throttle,Mobile,Full network,State government,"Government of Jammu & Kashmir, Home Department",Information control,Budgam police took preventative action against a group of individuals who were allegedly sharing inflammatory content on social media in the same community where J&K authorities issued an internet shutdown order,Other,https://jkhome.nic.in/pdf/15(TSTS)of2025.pdf; https://kashmirlife.net/police-acts-against-11-over-provocative-social-media-posts-in-ichgam-case-401088/,Ended,8/16/2025,3,Public safety/ Quell unrest/ Restore public order,,Yes,Yes,Government order,https://drive.google.com/file/d/10igUGPAx7uKKnXpn5p8zjzalkpmig5Gu/view?usp=drive_link,,No,No,No,No,No,,No,No,"India: Airtel (Bharti Airtel), India: Reliance Jio (Reliance Industries)",Unknown,,,No,No,No,,,No,,"Mobile internet on 3G/4G/5G was throttled to 2G speeds (<128 kbps) for Ichgam area, Budgam District, Jammu & Kashmir from 17:00 on Aug. 14 to 17:00 on Aug. 16. 36 Tower IDs were listed specifically for the order to be applied to.",,APAC
Actual,8/15/2025,Pakistan,"It affected locations in more than one state, province, or region","Islamabad, Karachi, and Rawalpindi",Shutdown,Mobile,Full network,Law enforcement,"Police departments from Islamabad, Karachi, and Rawalpindi",Religious holiday/anniversary,Mobile internet was suspended in 3 cities across Pakistan for Chehlum processions,CSO KIO partners,https://killswitch.pk/?q=node/215; https://tribune.com.pk/story/2561269/police-roll-out-comprehensive-security-plans-for-chehlum-processions,Ended,8/15/2025,1,Precautionary measure,,Yes,,,https://tribune.com.pk/story/2561269/police-roll-out-comprehensive-security-plans-for-chehlum-processions,,No,No,No,No,No,,Unknown,Unknown,,Unknown,,,No,No,No,,,Yes,,"Mobile internet was suspended in 3 cities across the country (Islamabad, Karachi, and Rawalpindi) on Aug. 15 as a precautionary measure during Chehlum processions by various local police departments.",,APAC
Estimated,8/16/2025,Myanmar,"It only affected one city, county, or village","Kyaukpyu township, Rakhine State",Shutdown,"Broadband, Mobile",Full network,Unknown,,Conflict,Internet and phone lines were cut off in an area of active conflict,CSO KIO partners,https://myanmar-now.org/mm/news/66577/; https://engagemedia.org/2025/myanmar-digital-coup-quarterly-august-2025-october-2025/,Unknown,,,Unknown,,No,,,,,No,No,No,No,No,,Yes,Yes,,Unknown,,,No,Yes,Yes,,,No,,"Internet service and phones lines were cut off in Kyaukpyu township, Rakhine State beginning around Aug. 16 in the midst of heavy fighting. It was unclear whether the Arakan Army (AA) or military council was behind the shutdown. There were reports on Aug. 16 of the junta bombing and burning villages, killing at least 2 civilians and injuring 5 others in Gow Tu village within Kyaukpyu township alone.",,APAC
Actual,8/19/2025,India,"It affected more than one city in the same state, province, or region","Bhiwani and Charkhi Dadri Districts, Haryana",Shutdown,Mobile,Full network,State government,"Government of Haryana, Department of Home Affairs",Protests,"Following protests seeking justice for the death of a local teacher, authorities imposed a mobile shutdown",CSO KIO partners,https://internetshutdowns.in/media/Haryana_IST_05cc4205-7962-4165-a5a4-ec807b900959._3a30c8af-75e4-4696-96d7-a29cddb9da2d..pdf; https://www.tribuneindia.com/news/haryana/mobile-internet-services-suspended-in-bhiwani-charkhi-dadri-districts-due-to-public-outrage-over-manisha-death-case/,Ended,8/21/2025,3,Fake news/ Hate speech/ Incendiary content/ Promoting violence,,Yes,Yes,Government order,https://drive.google.com/file/d/143KTPsOiLxR9QAVflOXiv0xw_xAUTr2K/view?usp=drive_link,,No,No,No,No,No,,No,No,,Unknown,,,No,No,No,,,No,,"Mobile internet was suspended in Bhiwani and Charkhi Dadri Districts, Haryana from 11:00 on Aug. 19 to 11:00 on Aug. 21.",,APAC
Estimated,8/19/2025,Myanmar,"It only affected one city, county, or village","Villages in western Seikphyu township, Magway Division",Shutdown,"Broadband, Mobile",Full network,Military,Military junta,Conflict,Internet and phone lines were cut off by the military council in an area of active conflict,CSO KIO partners,https://www.facebook.com/mandalayfreepress/posts/pfbid0CeoVxRXvSiP6kb7yLixreos92QikCXSFsqVzXUhmvecj4GzJ5nzpkY1PfcB3Geicl/; https://engagemedia.org/2025/myanmar-digital-coup-quarterly-august-2025-october-2025/,Unknown,,,Unknown,,No,,,,,No,No,No,No,No,,Yes,Yes,,Unknown,,,No,Yes,Unknown,,,No,,"Internet service and phones lines were cut off by the military council in villages in western Seikphyu township, Magway Division around Aug. 19 right before aerial bombardments by junta aircraft.",,APAC
Estimated,8/19/2025,Myanmar,"It affected more than one city in the same state, province, or region","Kawkareik and Myawaddy townships, Kayin State","Shutdown, Throttle","Broadband, Mobile",Full network,Military,Military junta,Conflict,Internet and phone lines were cut off by the military council in an area of active conflict,CSO KIO partners,https://burmese.dvb.no/post/720225; https://engagemedia.org/2025/myanmar-digital-coup-quarterly-august-2025-october-2025/,Unknown,,,Unknown,,No,,,,,No,No,No,No,No,,Yes,Yes,,Unknown,,,No,Yes,Unknown,,,No,,"Internet service and phones lines were cut off by the military council along the Kawkareik-Myawaddy highway within both townships, Kayin State around Aug. 19 in the midst of heavy fighting with resistance forces.",,APAC
Actual,8/21/2025,India,"It only affected one city, county, or village","Bhiwani District, Haryana",Shutdown,Mobile,Full network,State government,"Government of Haryana, Department of Home Affairs",Protests,"Following protests seeking justice for the death of a local teacher, authorities extended a mobile shutdown order",CSO KIO partners,https://internetshutdowns.in/media/Bhiwani_IST_Aug_22_b0bba092-ba49-4264-ac6f-cfa3252d832a._5a81aeae-9400-4291-86f2-d7fe1f9046a3..pdf; https://www.thehindu.com/news/national/haryana/haryana-teacher-cremated-mobile-internet-suspension-extended-by-a-day-in-bhiwani/article69959217.ece,Ended,8/21/2025,1,Fake news/ Hate speech/ Incendiary content/ Promoting violence,,Yes,Yes,Government order,https://drive.google.com/file/d/1jCPV5KpixVuqI-7oOhy1Firqbq8dbbdj/view?usp=drive_link; https://drive.google.com/file/d/16m9jQHlfhBemt6x6XuVICLvCkGENpRes/view?usp=drive_link,,No,No,No,No,No,,No,No,,Unknown,,,No,No,No,,,Yes,,"In an extension of a previous order, mobile internet was suspended in Bhiwani and Charkhi Dadri Districts, Haryana from 11:00 on Aug. 21 to 11:00 on Aug. 22. However, the order was ultimately lifted later on the same day, Aug. 21.",,APAC
Actual,8/23/2025,Iraq,"It affected more than one city in the same state, province, or region",Kurdistan,Shutdown,"Broadband, Mobile",Full network,State government,"Kurdistan Regional Government, Ministry of Education",Exam cheating,The internet was shut down in the Kurdistan region of Iraq over the high school exam period 8 times,CSO KIO partners,https://pulse.internetsociety.org/en/shutdowns/exams-shutdown-kurdistan-iraq-25-august-2025/; https://nitter.net/CloudflareRadar/status/1960324662740529354#m; https://nitter.net/CloudflareRadar/status/1965071642708808000#m; https://ioda.inetintel.cc.gatech.edu/region/1855?from=1755880361&until=1757435561,Ended,9/8/2025,17,School exams,,Yes,,,https://drive.google.com/file/d/14cz2F2yBEUwp8Ygmuddf5D18Bj9D3Us5/view?usp=drive_link,,No,No,No,No,No,,Yes,No,"Iraq: IQ-Online, Iraq: KNET, Iraq: Korek Telecom, Iraq: Newroz Telecom",Unknown,,,No,No,No,,,Unknown,,"Authorities in the Kurdistan region of Iraq shut down the internet during a high school exam period on 8 occasions between Aug. 23 and Sep. 8 (Aug. 23, Aug. 25, Aug. 27, Aug. 30, Sep. 1, Sep. 3, Sep. 6, Sep. 8) each from 6:30-7:45am (UTC+3, local time).",https://www.accessnow.org/no-exam-shutdown-new-academic-year/,MENA
Actual,8/26/2025,Iraq,"It affected locations in more than one state, province, or region",Nationwide,Shutdown,"Broadband, Mobile",Full network,Executive government,Ministry of Education,Exam cheating,The internet was shut down in Iraq over a high school exam period 15 times,CSO KIO partners,https://nitter.net/CloudflareRadar/status/1960329607892066370#m; https://ioda.inetintel.cc.gatech.edu/country/IQ?from=1756139561&until=1757867561&view=view3; https://pulse.internetsociety.org/en/shutdowns/internet-shutdown-for-iraq-exam-26-august-2025/; https://bsky.app/profile/ioda.live/post/3lxhljdcays2n,Ended,9/13/2025,19,School exams,,Unknown,,,,,No,No,No,No,No,,No,No,,Unknown,,,No,No,No,,,Unknown,,"Authorities in Iraq shut down the internet nationwide during a high school exam period on 15 occasions between Aug. 26 and Sep. 13 (Aug. 26-28, Aug. 30-Sep. 3, Sep. 6-11, Sep. 13) each from 6:00-8:00am (UTC+3, local time). The majority of networks concluded the shutdowns on Sep. 11, but at least 3 ASNs show shutdowns during the same time of day on Sep. 13 (ASASTech - AS57858, ScopeSky - AS50597, and TIGRISNET-IRAQ - AS48407), suggesting uneven implementation of the order.",https://www.accessnow.org/no-exam-shutdown-new-academic-year/,MENA
Actual,8/26/2025,Myanmar,"It affected more than one city in the same state, province, or region",Rakhine State,Shutdown,"Broadband, Mobile",Full network,Military,Arakan Army (AA),Conflict,The AA ordered a temporary shutdown of Starlink internet due to airstrikes by the junta,CSO KIO partners,https://burmese.narinjara.com/news/detail/68aee59dffdcb3b2de12478b; https://engagemedia.org/2025/myanmar-digital-coup-quarterly-august-2025-october-2025/,Unknown,,,National security/ Counter-terrorism,,Yes,,,https://burmese.narinjara.com/news/detail/68aee59dffdcb3b2de12478b,"[Google Translate] ""The terrorist army has been carrying out more air attacks on several towns in Rakhine State in recent days, causing damage to the lives and property of local residents, and the temporary suspension of Sterling Internet service has been announced starting from August 26, an official from the ULA/AA technical department told Nirinsa. 'It is temporarily suspended for security reasons,' he said.""",No,No,No,No,No,Starlink,No,No,,Unknown,,,No,Yes,Unknown,,,Unknown,,"Starlink was shut down by the Arakan Army (AA) for all AA-controlled areas of Rakhine State, effective Aug. 26, due to security concerns following airstrikes by the junta.",,APAC
Actual,8/29/2025,Indonesia,"It affected locations in more than one state, province, or region",Nationwide,Shutdown,"Broadband, Mobile",Service-based,Executive government,Communication and Digital Affairs Ministry,Protests,,CSO KIO partners,"https://x.com/safenetvoice/status/1962148372158247121; https://www.marketing-interactive.com/deadly-unrest-in-indonesia-prompts-tiktok-instagram-to-halt-live-raising-digital-rights-concerns; https://fulcrum.sg/when-tiktok-live-went-dead-in-indonesia-digital-sovereignty-and-systemic-risk/; https://en.tempo.co/read/2045548/tiktok-live-feature-restored-in-indonesia?; https://www.amnesty.org.uk/urgent-actions/activists-face-criminal-charges-peaceful-protests#:~:text=From%2025%20August%20to%201,a%20pattern%20of%20expanding%20criminalization.",Ended,9/2/2025,5,None,The government denied that they ordered TikTok to disable the Live feature,No,,,https://jakartaglobe.id/news/govt-denies-media-gag-as-tiktok-suspends-live-amid-protests,"""The Communication and Digital Affairs (Komdigi) Ministry on Saturday denied imposing restrictions on media coverage of ongoing nationwide protests, as TikTok moved to suspend its livestreaming feature in the country amid escalating violence. 'There are no restrictions. As we can see, media outlets are covering freely, including live reporting,' Deputy Minister Nezar Patria told reporters in Cikarang, West Java. He added that the ministry only urged news organizations to avoid content that could provoke anger or worsen tensions.""",No,No,No,Unknown,No,TikTok Live,No,No,,Unknown,,,No,Yes,Yes,,,No,,"TikTok Live was disabled in Indonesia from Aug. 29 to around 4:20pm (local time) on Sep. 2. Instagram Live was also potentially disabled. TikTok claims they voluntarily removed the feature as a security measure, and the government denied that it ordered the block, but it quickly followed the death of Affan Kurniawan, a ride-hail driver, who was killed by a police vehicle during demonstrations in Jakarta on Aug. 28. The blocking of TikTok Live prevented journalists and activists from documenting and livestreaming the events of the protests against economic hardship, which were widely marked by unlawful force, thousands of arbitrary arrests, and intimidation against protesters.",,APAC
Estimated,9/1/2025,Myanmar,"It only affected one city, county, or village","Anyarphyar village, Dawei district, Tanintharyi Region",Shutdown,Mobile,Full network,Military,Military junta,Conflict,Internet and phone lines were cut off by the military council in an area of active conflict,CSO KIO partners,https://www.daweiwatch.com/02/09/2025/117941/,Unknown,,,Unknown,,No,,,,,No,No,No,No,No,,Yes,Yes,,Unknown,,,No,Yes,Unknown,,,No,,"Mobile internet and phone lines were cut off by the military council in Anyarphyar village, Dawei district, Tanintharyi Region around Sep. 1 in the midst of fighting with resistance forces. The junta was preventing fuel from reaching generators powering mobile towers, and had been restricting the transportation of fuel within Dawei district since April.",,APAC
Estimated,9/1/2025,Myanmar,"It only affected one city, county, or village","Pauk township, Magway Division",Shutdown,"Broadband, Mobile",Full network,Military,Military junta,Conflict,Internet and phone lines were cut off by the military council in an area of active conflict,CSO KIO partners,https://yktnews.com/2025/09/226755/; https://engagemedia.org/2025/myanmar-digital-coup-quarterly-august-2025-october-2025/,Unknown,,,Unknown,,No,,,,,No,No,No,No,No,,Yes,Yes,,Unknown,,,No,Yes,Yes,,,No,,"Internet service and phones lines were cut off by the military council in Pauk township, Magway Division around Sep. 1 ahead of airstrikes by junta aircraft on villages in the northwest part of the township. The junta dropped at least 60 bombs on the villages between Sep. 1 and Sep. 2, and villagers were fleeing. Because of the shutdown, the extent of the damage was not immediately known.",,APAC
Estimated,9/1/2025,Cameroon,"It affected locations in more than one state, province, or region",Crisis-hit areas throughout the country,"Shutdown, Throttle","Broadband, Mobile",Full network,Executive government,,Information control,There were reports of network throttling and partial disruptions throughout the country in the weeks leading up to the Oct. 12 election,Confidential,,Unknown,,,Unknown,,No,,,,,No,No,No,No,No,,Unknown,Unknown,,Unknown,,,No,Yes,Unknown,,,No,,"Starting by early September, there were reports throughout Cameroon of network throttling and partial disruptions in the lead up to the Oct. 12 election. Crisis-hit areas during periods of unrest were particularly targeted.",,Africa
Estimated,9/2/2025,Myanmar,"It only affected one city, county, or village","Budalin township, Sagaing Division",Shutdown,"Broadband, Mobile",Full network,Military,Military junta,Conflict,Internet and phone lines were cut off by the military council in an area of active conflict,CSO KIO partners,https://myanmar-now.org/mm/news/67282/; https://engagemedia.org/2025/myanmar-digital-coup-quarterly-august-2025-october-2025/,Unknown,,,Unknown,,No,,,,,No,No,No,No,No,,Yes,Yes,,Unknown,,,No,Yes,Yes,,,No,,"Internet service and phones lines were cut off by the military council in Budalin township, Sagaing Division around Sep. 2 in the midst of fighting with resistance forces. Reports indicated that the junta burned down a charitable hospital for civilians, as well as homes in villages across the township.",,APAC
Actual,9/4/2025,Nepal,"It affected locations in more than one state, province, or region",Nationwide,Shutdown,"Broadband, Mobile",Service-based,Executive government,Ministry for Communication and Information Technology,Information control,26 social media sites were banned in Nepal after a 7-day deadline lapsed in which the services were required to register their operations in the country,CSO KIO partners,https://pulse.internetsociety.org/en/shutdowns/internet-services-banned-in-nepal-september-2025/; https://techcrunch.com/2025/09/04/nepal-blocks-facebook-instagram-youtube-x-over-rule-breach-amid-censorship-concerns/; https://www.theguardian.com/world/2025/sep/08/nepal-bans-26-social-media-sites-including-x-whatsapp-and-youtube; https://www.aljazeera.com/news/2025/9/9/nepal-lifts-social-media-ban-after-19-killed-in-protests-report; https://www.hindustantimes.com/world-news/nepal-pm-kp-oli-resigns-after-violent-anti-corruption-protests-report-101757407595025.html; https://bsky.app/profile/cartesdumonde.bsky.social/post/3lyfkftp5fk2v; https://www.ndtv.com/world-news/nepo-kid-trends-amid-gen-z-led-protests-against-nepals-social-media-ban-9240003,Ended,9/8/2025,5,Other,"To force social media companies to register with the country and assign a local contact, the services were all banned until they complied",Yes,No,,https://giwmscdntwo.gov.np/media/pdf_upload/n_bvpkabx.pdf; https://x.com/iamvaishnav1521/status/1963857721934905823/photo/1,,Yes,Yes,Yes,Yes,No,"Facebook Messenger, YouTube, LinkedIn, Snapchat, Reddit, Discord, Pinterest, Signal, Threads, WeChat, Quora, Tumblr, Clubhouse, Mastodon, Rumble, MeWe, VK, Line, IMO, Zalo, Soul, and Hamro Patro",No,No,"Nepal: Ncell, Nepal: Nepal Telecommunications Corporation, Nepal: WorldLink Communications",Unknown,,,No,Yes,Yes,,,No,,"26 social media sites were banned in Nepal from Sept. 4 to Sept. 8. Although authorities said the order was to force services to register with the country, other reports suggested that the ban was motivated by a social media trend which highlighted nepotism. Large protests against corruption, including the sweeping shutdown, erupted on Sept. 8, resulting in at least 19 deaths as police forces used live ammunition on protesters. The ban was lifted on Sept. 8, and the prime minister ultimately resigned days later.",https://www.accessnow.org/press-release/access-nows-statement-on-nepals-escalating-digital-repression-and-deadly-crackdown/,APAC
Actual,9/5/2025,Pakistan,"It affected more than one city in the same state, province, or region","Khuzdar, Mastung, Nushki, Quetta, and Sibi districts, Balochistan",Shutdown,Mobile,Full network,State government,Government of Balochistan,Religious holiday/anniversary,,CSO KIO partners,https://killswitch.pk/?q=node/217; https://www.tribuneindia.com/news/world/3rd-internet-shutdown-in-balochistan-rights-group-criticise-online-censorship-amid-state-crackdown/; https://www.thehansindia.com/news/international/rights-groups-denounce-shutdowns-in-balochistan-call-access-to-internet-basic-human-right-1004228; https://pakobserver.net/eid-milad-un-nabi-2025-mobile-internet-services-to-go-offline-in-these-cities-on-saturday/,Ended,9/6/2025,2,National security/ Counter-terrorism,,Yes,,,https://www.tribuneindia.com/news/world/3rd-internet-shutdown-in-balochistan-rights-group-criticise-online-censorship-amid-state-crackdown/,"""Authorities in Pakistan have once again suspended 3G and 4G mobile internet services across multiple districts in Balochistan, citing concerns over public safety and ongoing security threats. The temporary shutdown began at 5 PM on Thursday, September 5, and is expected to continue until 9 PM on Friday, September 6, according to The Balochistan Post. According to an official government notification reported by The Balochistan Post, the suspension is due to the prevailing law and order situation and the presence of religious processions in the province.""",No,No,No,No,No,,Unknown,Unknown,,Unknown,,,No,Unknown,Unknown,,,No,,"Mobile internet, including 3G and 4G service, was suspended across multiple districts including Khuzdar, Mastung, Nushki, Quetta, and Sibi in Balochistan from 5:00pm (local time, UTC+5) on Sep. 5 until 9:00pm (local time, UTC+5) on Sep. 6. Government officials cited the ongoing law and order situation and religious processions as the reason.",,APAC
Actual,9/6/2025,Pakistan,"It affected locations in more than one state, province, or region","Karachi, Lahore, and Rawalpindi",Shutdown,Mobile,Full network,State government,Home departments in Punjab and Sindh,Religious holiday/anniversary,Mobile internet was suspended in 3 cities across Pakistan for Eid Milad-un-Nabi,CSO KIO partners,https://killswitch.pk/?q=node/217; https://pakobserver.net/eid-milad-un-nabi-2025-mobile-internet-services-to-go-offline-in-these-cities-on-saturday/,Ended,9/6/2025,1,Precautionary measure,,Yes,,,https://pakobserver.net/eid-milad-un-nabi-2025-mobile-internet-services-to-go-offline-in-these-cities-on-saturday/,,No,No,No,No,No,,Unknown,Unknown,,Unknown,,,No,No,No,,,Yes,,"Mobile internet was suspended in 3 cities across the country (Karachi, Lahore, and Rawalpindi) on Sep. 6 as a precautionary measure during Eid Milad-un-Nabi. These directives were separate from another order by Balochistan officials which began the previous day.",,APAC
Actual,9/8/2025,Turkey,"It affected locations in more than one state, province, or region",Nationwide,"Shutdown, Throttle","Broadband, Mobile",Service-based,Executive government,,Protests,Numerous social media and messaging platforms were either throttled or blocked in the midst of protests using the same techniques as during a previous shutdown in March,CSO KIO partners,https://ooni.org/post/2025-turkiye-throttling-social-media/#telegram-web; https://www.euronews.com/2025/09/08/turkey-restricts-internet-access-amid-opposition-party-standoff,Ended,9/8/2025,1,Unknown,,No,,,,,Yes,Yes,Yes,Yes,Yes,"YouTube, TikTok, Signal",No,No,,Unknown,,,No,Unknown,Unknown,,,No,,"Numerous social media or messaging platforms were either throttled or blocked in Turkey on Sep. 8 in the midst of clashes between opposition supporters and police in Istanbul. X, Facebook, Instagram, WhatsApp, YouTube, TikTok, and Signal were all throttled, as evident by a measurable increase in TLS handshake times for the platforms according to OONI data and analysis. YouTube (on TurkNet) and Telegram Web were also blocked according to OONI data.",,MENA
Actual,9/9/2025,India,"It only affected one city, county, or village","Doda District, Jammu & Kashmir",Shutdown,Mobile,Full network,State government,"Government of Jammu & Kashmir, Home Department",Protests,"Amidst protests against Aam Aadmi Party legislator Mehraj Malik's arrest under the Public Safety Act, authorities imposed an internet shutdown",Other,"https://jkhome.nic.in/pdf/16(TSTS)of2025.pdf; https://www.thehindu.com/news/national/jammu-and-kashmir/jammu-kashmirs-doda-remains-tense-additional-security-forces-deployed-in-sensitive-areas/article70033090.ece; https://pulse.internetsociety.org/en/shutdowns/internet-suspended-in-jammu-and-kashmir-india-september-2025/#:~:text=Social%20media,(@NetShutdowns)%20September%2012%2C%202025",Ended,9/9/2025,1,Public safety/ Quell unrest/ Restore public order,,Yes,Yes,Government order,https://drive.google.com/file/d/1lw-1urzPAwyeIx4RzfkuWnKyB1VNsbDE/view?usp=drive_link,,No,No,No,No,No,,No,No,,Unknown,,,No,Yes,Unknown,,,No,,"Mobile internet was suspended for Doda District, Jammu & Kashmir from 00:01 to 23:59 on Sep. 9.",,APAC
Actual,9/10/2025,India,"It only affected one city, county, or village","Doda District, Jammu & Kashmir",Shutdown,"Broadband, Mobile",Full network,State government,"Government of Jammu & Kashmir, Home Department",Protests,"Amidst protests against Aam Aadmi Party legislator Mehraj Malik's arrest under the Public Safety Act, authorities imposed an internet shutdown",CSO KIO partners,https://internetshutdowns.in/media/Doda_100925_9bb841af-336c-4d51-a6bf-3d9ea41aee20..pdf; https://indianexpress.com/article/india/jk-doda-protest-mla-mehraj-malik-psa-detention-10241204/; https://kmsnews.org/kms/2025/09/09/indian-forces-use-violent-measures-to-quell-swelling-doda-protests-over-mlas-detention.html; https://www.facebook.com/reel/1152336870077098,Ended,9/10/2025,1,Public safety/ Quell unrest/ Restore public order,,Yes,Yes,Government order,https://drive.google.com/file/d/1cvkMwnOUzkMyWl-EjgzFVgiKUO6EPPQh/view?usp=drive_link,,No,No,No,No,No,,No,No,,Unknown,,,No,Yes,Unknown,,,No,,Broadband and mobile internet was suspended for Doda District from 00:01 to 23:59 on Sep. 10.,,APAC
Estimated,9/10/2025,Myanmar,"It affected locations in more than one state, province, or region",Conflict areas along Mon State and Tanintharyi Region border,Shutdown,"Broadband, Mobile",Full network,Military,Military junta,Conflict,Internet and phone lines were cut off by the military council in an area of active conflict,CSO KIO partners,https://burmese.monnews.org/2025/09/10/%E1%80%9B%E1%80%BD%E1%80%B1%E1%80%B8%E1%80%80%E1%80%B1%E1%80%AC%E1%80%80%E1%80%BA%E1%80%95%E1%80%BD%E1%80%B2-%E1%80%94%E1%80%BE%E1%80%B1%E1%80%AC%E1%80%84%E1%80%B7%E1%80%BA%E1%80%9A%E1%80%BE%E1%80%80/; https://engagemedia.org/2025/myanmar-digital-coup-quarterly-august-2025-october-2025/,Unknown,,,Unknown,,No,,,,,No,No,No,No,No,,Yes,Yes,,Unknown,,,No,Yes,Unknown,,,No,,"Internet service and phone lines were cut off by the military council in conflict areas along Mon State and Tanintharyi Region border starting around Sep. 10, with service available only a few hours a day.",,APAC
Actual,9/10/2025,India,"It only affected one city, county, or village","Gandoh tehsil, Doda District, Jammu & Kashmir",Shutdown,"Broadband, Mobile",Full network,State government,"Government of Jammu & Kashmir, Home Department",Protests,"Amidst protests against Aam Aadmi Party legislator Mehraj Malik's arrest under the Public Safety Act, authorities imposed an internet shutdown",Other,"https://jkhome.nic.in/pdf/18(TSTS)of2025.pdf; https://www.thehindu.com/news/national/jammu-and-kashmir/jammu-kashmirs-doda-remains-tense-additional-security-forces-deployed-in-sensitive-areas/article70033090.ece; https://pulse.internetsociety.org/en/shutdowns/internet-suspended-in-jammu-and-kashmir-india-september-2025/#:~:text=Social%20media,(@NetShutdowns)%20September%2012%2C%202025",Ended,9/10/2025,1,Public safety/ Quell unrest/ Restore public order,,Yes,Yes,Government order,https://drive.google.com/file/d/195OCyjzQxVCcn_ZrEqw4SEb1WVDGWhMn/view?usp=drive_link,,No,No,No,No,No,,Yes,Yes,,Unknown,,,No,Yes,Unknown,,,No,,"In an extension of a previous order, broadband and mobile internet, as well as voice calling & SMS services, were suspended in Gandoh tehsil, Doda District, Jammu & Kashmir from 00:01 to 23:59 on Sep. 10. The order specified a 15 km radius around (33.0319645, 75.9113914), and included additional phone service suspensions in one specific tehsil on top of the existing shutdown order for broadband & mobile internet for all of Doda District on the same day.",,APAC
Actual,9/10/2025,India,"It only affected one city, county, or village","Kishtwar District, Jammu & Kashmir","Shutdown, Throttle",Mobile,Full network,State government,"Government of Jammu & Kashmir, Home Department",Protests,"Amidst protests against Aam Aadmi Party legislator Mehraj Malik's arrest under the Public Safety Act, authorities imposed an internet shutdown",Other,"https://jkhome.nic.in/pdf/19(TSTS)of2025.pdf; https://pulse.internetsociety.org/en/shutdowns/internet-suspended-in-jammu-and-kashmir-india-september-2025/#:~:text=Social%20media,(@NetShutdowns)%20September%2012%2C%202025",Ended,9/10/2025,1,Public safety/ Quell unrest/ Restore public order,,Yes,Yes,Government order,https://drive.google.com/file/d/18di8MOc_g-g5rpT4uaKxCEOgdo2tLjXI/view?usp=drive_link,,No,No,No,No,No,,No,No,,Unknown,,,No,Unknown,Unknown,,,No,,"Mobile internet (3G/4G/5G) was suspended in Kishtwar District, Jammu & Kashmir from 10:00 to 23:59 on Sep. 10. Remaining mobile internet service was throttled to speeds less than 100 kbps. The order specified a 5 km radius around (33.3186018, 75.7625134).",,APAC
Actual,9/11/2025,India,"It only affected one city, county, or village","Doda District, Jammu & Kashmir",Shutdown,"Broadband, Mobile",Full network,State government,"Government of Jammu & Kashmir, Home Department",Protests,"Amidst protests against Aam Aadmi Party legislator Mehraj Malik's arrest under the Public Safety Act, authorities extended an internet shutdown",CSO KIO partners,https://internetshutdowns.in/media/Doda_110925_a2d417f0-5947-4d66-96b3-989a1b46ae22..pdf; https://indianexpress.com/article/india/jk-doda-protest-mla-mehraj-malik-psa-detention-10241204/; https://kmsnews.org/kms/2025/09/09/indian-forces-use-violent-measures-to-quell-swelling-doda-protests-over-mlas-detention.html; https://www.facebook.com/reel/1152336870077098,Ended,9/11/2025,1,Public safety/ Quell unrest/ Restore public order,,Yes,Yes,Government order,https://drive.google.com/file/d/1LcdnMsh38naNy4ihV2y2AHiHhu_CzQtN/view?usp=drive_link,,No,No,No,No,No,,No,No,,Unknown,,,No,Yes,Unknown,,,No,,"In an extension of a previous order, broadband and mobile internet was suspended for Doda District from 00:01 to 23:59 on Sep. 11.",,APAC
Actual,9/11/2025,India,"It only affected one city, county, or village","Kishtwar District, Jammu & Kashmir",Shutdown,"Broadband, Mobile",Full network,State government,"Government of Jammu & Kashmir, Home Department",Protests,"Amidst protests against Aam Aadmi Party legislator Mehraj Malik's arrest under the Public Safety Act, authorities imposed an internet shutdown",CSO KIO partners,https://internetshutdowns.in/media/Kishtwar_110925_d4676744-1e7d-4c1b-82c5-ad532db53ff7..pdf; https://indianexpress.com/article/india/jk-doda-protest-mla-mehraj-malik-psa-detention-10241204/,Ended,9/11/2025,1,Public safety/ Quell unrest/ Restore public order,,Yes,Yes,Government order,https://drive.google.com/file/d/1fIkHWOSW0RdXOL9nVMXsJ864cJxuMGHN/view?usp=drive_link,,No,No,No,No,No,,Yes,Yes,,Unknown,,,No,Unknown,Unknown,,,No,,"Broadband and mobile internet was suspended for a confined area of Kishtwar District from 00:01 to 23:59 on Sep. 11. The affected area was a 5km radius from (33.3186018, 75.7625134), which includes the Kishtwar campus of Jammu University. The order also included SMS and phone service.",,APAC
Actual,9/11/2025,India,"It only affected one city, county, or village","Gandoh tehsil, Doda District, Jammu & Kashmir","Shutdown, Throttle",Mobile,Full network,State government,"Government of Jammu & Kashmir, Home Department",Protests,"Amidst protests against Aam Aadmi Party legislator Mehraj Malik's arrest under the Public Safety Act, authorities extended an internet shutdown",Other,"https://jkhome.nic.in/pdf/21(TSTS)of2025.pdf; https://www.thehindu.com/news/national/jammu-and-kashmir/jammu-kashmirs-doda-remains-tense-additional-security-forces-deployed-in-sensitive-areas/article70033090.ece; https://pulse.internetsociety.org/en/shutdowns/internet-suspended-in-jammu-and-kashmir-india-september-2025/#:~:text=Social%20media,(@NetShutdowns)%20September%2012%2C%202025",Ended,9/11/2025,1,Public safety/ Quell unrest/ Restore public order,,Yes,Yes,Government order,https://drive.google.com/file/d/1iWGmmF5uSLP7025gcz4sN-hQbQzF3iZg/view?usp=drive_link,,No,No,No,No,No,,No,No,,Unknown,,,No,Yes,Unknown,,,No,,"In an extension of a previous order, mobile internet (3G/4G/5G) was suspended in Gandoh tehsil, Doda District, Jammu & Kashmir from 00:01 to 23:59 on Sep. 11. Remaining mobile internet service was throttled to speeds less than 100 kbps. The order specified a 15 km radius around (33.0319645, 75.9113914), targeting one specific tehsil on top of the existing shutdown order for broadband & mobile internet for all of Doda District on the same day.",,APAC
Actual,9/12/2025,Myanmar,"It only affected one city, county, or village","Kale township, Sagaing Division",Shutdown,"Broadband, Mobile",Full network,Military,Military junta,Conflict,Internet and phone lines were cut off by the military council in an area of active conflict,CSO KIO partners,https://www.facebook.com/shwepheemyaynews/posts/pfbid02c7y1JU1uEp5bfAKaExDFxky6wubZHbKk6BTGLQLcrzV22rRTpLqaJFZicKgN2gnQl/; https://engagemedia.org/2025/myanmar-digital-coup-quarterly-august-2025-october-2025/,Ended,9/20/2025,9,Unknown,,No,,,,,No,No,No,No,No,,Yes,Yes,"Myanmar: Atom, Myanmar: MPT, Myanmar: Mytel, Myanmar: Ooredoo (U9)",Unknown,,,No,Yes,Yes,,,No,,"Internet service and phone lines were cut off by the military council in Kale township, Sagaing Division from Sep. 12 until at least Sep. 20 as junta and resistance forces were launching offensives in the area. In the midst of the shutdown, junta troops were going door-to-door at night and arresting youths for forced conscription into the military.",,APAC
Actual,9/12/2025,India,"It only affected one city, county, or village","Doda District, Jammu & Kashmir",Shutdown,"Broadband, Mobile",Full network,State government,"Government of Jammu & Kashmir, Home Department",Protests,"Amidst protests against Aam Aadmi Party legislator Mehraj Malik's arrest under the Public Safety Act, authorities extended an internet shutdown",Other,https://jkhome.nic.in/pdf/23(TSTS)of2025.pdf; https://www.thehindu.com/news/national/jammu-and-kashmir/jammu-kashmirs-doda-remains-tense-additional-security-forces-deployed-in-sensitive-areas/article70033090.ece; https://www.thehindu.com/news/national/jammu-and-kashmir/security-vigil-heightened-in-jk-in-wake-of-hazratbal-controversy-tense-doda-situation/article70042146.ece,Ended,9/12/2025,1,Public safety/ Quell unrest/ Restore public order,,Yes,Yes,Government order,https://drive.google.com/file/d/1T_l-jBwXRQKLJ3R5ctnibXjk98iTbRwv/view?usp=drive_link,,No,No,No,No,No,,No,No,,Unknown,,,No,Unknown,Unknown,,,No,,"In an extension of a previous order, broadband and mobile internet was suspended in Doda District, Jammu & Kashmir from 00:01 to 23:59 on Sep. 12.",,APAC
Actual,9/12/2025,India,"It only affected one city, county, or village","Gandoh tehsil, Doda District, Jammu & Kashmir",Shutdown,"Broadband, Mobile",Full network,State government,"Government of Jammu & Kashmir, Home Department",Protests,"Amidst protests against Aam Aadmi Party legislator Mehraj Malik's arrest under the Public Safety Act, authorities extended an internet shutdown",Other,https://jkhome.nic.in/pdf/24(TSTS)of2025.pdf; https://www.thehindu.com/news/national/jammu-and-kashmir/jammu-kashmirs-doda-remains-tense-additional-security-forces-deployed-in-sensitive-areas/article70033090.ece; https://www.thehindu.com/news/national/jammu-and-kashmir/security-vigil-heightened-in-jk-in-wake-of-hazratbal-controversy-tense-doda-situation/article70042146.ece,Ended,9/12/2025,1,Public safety/ Quell unrest/ Restore public order,,Yes,Yes,Government order,https://drive.google.com/file/d/1RnwLsX9k3McCuuyCsI5XxSGAo7aWOaF7/view?usp=drive_link,,No,No,No,No,No,,No,Yes,,Unknown,,,No,Unknown,Unknown,,,No,,"In an extension of a previous order, voice calling, mobile (2G/3G/4G/5G) internet, and broadband internet was suspended in Gandoh tehsil, Doda District, Jammu & Kashmir from 00:01 to 23:59 on Sep. 12. The order specified a 15 km radius around (33.0319645, 75.9113914), targeting one specific tehsil on top of the existing shutdown order for broadband & mobile internet for all of Doda District on the same day.",,APAC
Actual,9/12/2025,India,"It only affected one city, county, or village","Kishtwar District, Jammu & Kashmir","Shutdown, Throttle",Mobile,Full network,State government,"Government of Jammu & Kashmir, Home Department",Protests,"Amidst protests against Aam Aadmi Party legislator Mehraj Malik's arrest under the Public Safety Act, authorities extended an internet shutdown",Other,https://jkhome.nic.in/pdf/25(TSTS)of2025.pdf,Ended,9/12/2025,1,Public safety/ Quell unrest/ Restore public order,,Yes,Yes,Government order,https://drive.google.com/file/d/1R-SnK1Xfy9P1im2vWjFYlp3Nm0veaaHu/view?usp=drive_link,,No,No,No,No,No,,No,No,,Unknown,,,No,Unknown,Unknown,,,No,,"In an extension of a previous order, mobile internet (3G/4G/5G) was suspended in Kishtwar District, Jammu & Kashmir from 00:01 to 23:59 on Sep. 12. Remaining mobile internet service was throttled to speeds less than 100 kbps. The order specified a 5 km radius around (33.3186018, 75.7625134).",,APAC
Actual,9/13/2025,India,"It only affected one city, county, or village","Doda District, Jammu & Kashmir",Shutdown,"Broadband, Mobile",Full network,State government,"Government of Jammu & Kashmir, Home Department",Protests,"Amidst protests against Aam Aadmi Party legislator Mehraj Malik's arrest under the Public Safety Act, authorities extended an internet shutdown",Other,https://jkhome.nic.in/pdf/26(TSTS)of2025.pdf; https://www.thehindu.com/news/national/jammu-and-kashmir/jammu-kashmirs-doda-remains-tense-additional-security-forces-deployed-in-sensitive-areas/article70033090.ece,Ended,9/13/2025,1,Public safety/ Quell unrest/ Restore public order,,Yes,Yes,Government order,https://drive.google.com/file/d/1FhyPPvU6i8VJDKeV1AO3PTYMNmpfADq1/view?usp=drive_link,,No,No,No,No,No,,No,No,,Unknown,,,No,Unknown,Unknown,,,No,,"In an extension of a previous order, broadband and mobile internet was suspended in Doda District, Jammu & Kashmir from 00:01 to 23:59 on Sep. 13.",,APAC
Actual,9/14/2025,India,"It only affected one city, county, or village","Gandoh and Tathri tehsils, Doda District, Jammu & Kashmir",Shutdown,"Broadband, Mobile",Full network,State government,"Government of Jammu & Kashmir, Home Department",Protests,"Amidst protests against Aam Aadmi Party legislator Mehraj Malik's arrest under the Public Safety Act, authorities extended an internet shutdown",Other,https://jkhome.nic.in/pdf/27(TSTS)of2025.pdf; https://www.thehindu.com/news/national/jammu-and-kashmir/jammu-kashmirs-doda-remains-tense-additional-security-forces-deployed-in-sensitive-areas/article70033090.ece,Ended,9/14/2025,1,Public safety/ Quell unrest/ Restore public order,,Yes,Yes,Government order,https://drive.google.com/file/d/1_4sip6CXfjMcZlLaIFhNXCsghT9roT37/view?usp=drive_link,,No,No,No,No,No,,No,No,,Unknown,,,No,Unknown,Unknown,,,No,,"In an extension of and in consolidation of previous orders, mobile internet was suspended in Doda District, Jammu & Kashmir, with broadband internet also restricted in Gandoh and Tathri tehsils, all in effect from 00:01 to 23:59 on Sep. 14.",,APAC
Actual,9/15/2025,Afghanistan,"It affected locations in more than one state, province, or region","Badakhshan, Balkh, Hilmand, Hirat, Kandahar, Khost, Kunduz, Nimroz, and Takhar provinces",Shutdown,Broadband,Full network,Executive government,Taliban leader Hibatullah Akhundzada,Information control,,CSO KIO partners,https://ioda.inetintel.cc.gatech.edu/region/5?from=1757891569&until=1759101169&view=view1; https://ioda.inetintel.cc.gatech.edu/country/AF?view=view2; https://cpj.org/2025/09/taliban-blocks-fiber-optic-internet-in-afghan-provinces-for-immorality/; https://www.afintl.com/en/202509168225; https://www.afintl.com/202509167019; https://www.theguardian.com/global-development/2025/sep/23/taliban-afghanistan-internet-shutdown-women-girls-education-hope; https://www.npr.org/sections/goats-and-soda/2025/10/14/g-s1-92863/afghanistan-taliban-earthquake-women-girls-rescue; https://www.nytimes.com/2025/09/18/world/asia/internet-shutdowns-afghanistan.html,Ended,9/29/2025,15,Other,"To prevent ""immoral"" activities",Yes,,,https://x.com/hajisahib1234/status/1967677045007425539; https://cpj.org/2025/09/taliban-blocks-fiber-optic-internet-in-afghan-provinces-for-immorality/,"""By order of His Eminence, the Commander of the Faithful, Sheikh Sahib, may God protect him, a complete ban was imposed on fiber optic cables in Balkh, and after that, there was no internet access through this cable and everything was cut off. This measure was taken to prevent evil and to provide alternative routes within the country for necessities."" - Haji Zaid, a spokesperson for the Balkh provincial government (translated from Pashto)",No,No,No,No,No,,Unknown,Unknown,,Yes,,Confidential confirmation,No,No,No,,,No,,"Fiber optic internet and public Wi-Fi were suspended in at least 9 provinces in Afghanistan starting at 11:00am (UTC+0) on Sep. 15, lasting until Sep. 24 to Sep. 29 depending on the province. The order came directly from the Taliban leader to prevent ""immoral activities"" but had significant impacts on everyone who relies on the internet, particularly women and girls to which the internet is a lifeline for education and business. The shutdown also came just two weeks after a major earthquake struck, compounding the already significant humanitarian situation, particularly for women and girls who were disproportionately hurt and killed by the earthquake impacts. Some Taliban leaders reportedly opposed the shutdown.",https://www.accessnow.org/press-release/the-taliban-must-restore-internet-access-across-afghanistan/,APAC
Actual,9/15/2025,Myanmar,"It only affected one city, county, or village","Banmauk township, Sagaing Division",Shutdown,"Broadband, Mobile",Full network,Military,People's Administrative Body (PAB),Conflict,"The internet was shut down indefinitely by the pro-democracy, resistance force-created People's Administrative Body (PAB) in an area of active conflict",CSO KIO partners,https://www.shannivoice.com/%E1%80%97%E1%80%94%E1%80%BA%E1%80%B8%E1%80%99%E1%80%B1%E1%80%AC%E1%80%80%E1%80%BA-%E1%80%99%E1%80%BC%E1%80%AD%E1%80%AF%E1%80%B7%E1%80%94%E1%80%9A%E1%80%BA-%E1%80%95-%E1%80%A1-%E1%80%96-%E1%80%A1/; https://engagemedia.org/2025/myanmar-digital-coup-quarterly-august-2025-october-2025/,Ongoing,,,National security/ Counter-terrorism,,Yes,,,https://www.shannivoice.com/%E1%80%97%E1%80%94%E1%80%BA%E1%80%B8%E1%80%99%E1%80%B1%E1%80%AC%E1%80%80%E1%80%BA-%E1%80%99%E1%80%BC%E1%80%AD%E1%80%AF%E1%80%B7%E1%80%94%E1%80%9A%E1%80%BA-%E1%80%95-%E1%80%A1-%E1%80%96-%E1%80%A1/,"[Google Translate] ""The PGA said that the ban on Wi-Fi internet services is due to the current security situation in the area, and that if the internet shops are not followed, they will confiscate and hold the internet access points and routers.""",No,No,No,No,No,,Unknown,Unknown,,Unknown,,,No,Yes,Unknown,,,No,,"The internet was shut down indefinitely by the pro-democracy, resistance force-created People's Administrative Body (PAB) in the areas it controlled within Banmauk township, Sagaing Division, effective Sep. 15.",,APAC
Actual,9/15/2025,India,"It only affected one city, county, or village","Gandoh and Tathri tehsils, Doda District, Jammu & Kashmir",Shutdown,"Broadband, Mobile",Full network,State government,"Government of Jammu & Kashmir, Home Department",Protests,"Amidst protests against Aam Aadmi Party legislator Mehraj Malik's arrest under the Public Safety Act, authorities extended an internet shutdown",Other,"https://jkhome.nic.in/pdf/28(TSTS)of2025.pdf; https://www.thehindu.com/news/national/jammu-and-kashmir/jammu-kashmirs-doda-remains-tense-additional-security-forces-deployed-in-sensitive-areas/article70033090.ece; https://greaterjammu.com/2g-mobile-internet-services-restored-in-jks-doda/#:~:text=Doda/JammU%20:%20The%202G%20mobile,on%20September%208%2C%20officials%20said.",Ended,9/15/2025,1,Public safety/ Quell unrest/ Restore public order,,Yes,Yes,Government order,https://drive.google.com/file/d/1KGNDihgwqiu_gcB-08YwuN3Mq7EejKAr/view?usp=drive_link,,No,No,No,No,No,,No,No,,Unknown,,,No,Unknown,Unknown,,,No,,"In an extension of a previous order, mobile internet was suspended in Doda District, Jammu & Kashmir, with broadband internet also restricted in Gandoh and Tathri tehsils, all in effect from 00:01 to 23:59 on Sep. 15.",,APAC
Actual,9/16/2025,India,"It only affected one city, county, or village","Gandoh and Tathri tehsils, Doda District, Jammu & Kashmir","Shutdown, Throttle","Broadband, Mobile",Full network,State government,"Government of Jammu & Kashmir, Home Department",Protests,"Amidst protests against Aam Aadmi Party legislator Mehraj Malik's arrest under the Public Safety Act, authorities extended an internet shutdown",Other,"https://jkhome.nic.in/pdf/29(TSTS)of2025.pdf; https://www.thehindu.com/news/national/jammu-and-kashmir/jammu-kashmirs-doda-remains-tense-additional-security-forces-deployed-in-sensitive-areas/article70033090.ece; https://greaterjammu.com/2g-mobile-internet-services-restored-in-jks-doda/#:~:text=Doda/JammU%20:%20The%202G%20mobile,on%20September%208%2C%20officials%20said.",Ended,9/16/2025,1,Public safety/ Quell unrest/ Restore public order,,Yes,Yes,Government order,https://drive.google.com/file/d/1dOL_XO7iFAuV5r_qMf2A_mGDrylSMVXK/view?usp=drive_link,,No,No,No,No,No,,No,No,,Unknown,,,No,Unknown,Unknown,,,No,,"In an extension of a previous order, 3G/4G/5G mobile internet was suspended in Doda District, Jammu & Kashmir (with only 2G available, throttled to less than 100 kbps), and with broadband internet also restricted in Gandoh and Tathri tehsils, all in effect from 00:01 to 23:59 on Sep. 16.",,APAC
Actual,9/17/2025,"Palestine, State of","It affected more than one city in the same state, province, or region",Gaza City and northern parts of Gaza Strip,Shutdown,"Broadband, Mobile",Full network,Non-government,Military of the State of Israel,Conflict,Ongoing aggression by Israeli forces and deliberate tampering with infrastructure connecting Gaza to the outside world,CSO KIO partners,https://ioda.inetintel.cc.gatech.edu/asn/56995?from=1757998714&until=1758430714&view=view1; https://countercurrents.org/2025/09/silencing-gaza-how-and-why-israel-cuts-internet-in-gaza/; https://www.aljazeera.com/news/liveblog/2025/9/17/live-israel-kills-a-dozen-palestinians-as-gaza-city-invasion-intensifies; https://x.com/MahaGaza/status/1968233765685326292,Ended,9/18/2025,2,Sabotage/ Third-party Action,,No,,,,,No,No,No,No,No,,Unknown,Unknown,Palestine: NetStream,Yes,https://countercurrents.org/2025/09/silencing-gaza-how-and-why-israel-cuts-internet-in-gaza/,"""On Wednesday, the Palestinian telecom company Paltel announced another blackout in Gaza City and the north. The company said Israeli strikes damaged major cables feeding the area. Its teams work under fire to fix the lines.""",No,Yes,Yes,,,No,,"The internet was shutdown due to Israeli airstrikes on fiber optic cables, impacting Gaza City and parts of the northern Gaza Strip from 9:20am (UTC+3, local time) on Sep. 17 to 7:40pm (UTC+3, local time) on Sep. 18. Only people with eSIMs were able to find limited access to the internet in the area. This shutdown coincided with a ground offensive in Gaza City by the IDF on Sep. 17 where Israeli forces killed 61 Palestinians, including an attack on Al-Shifa Hospital where at least 13 people were killed.",,MENA
Actual,9/17/2025,India,"It only affected one city, county, or village","Gandoh and Tathri tehsils, Doda District, Jammu & Kashmir","Shutdown, Throttle","Broadband, Mobile",Full network,State government,"Government of Jammu & Kashmir, Home Department",Protests,"Amidst protests against Aam Aadmi Party legislator Mehraj Malik's arrest under the Public Safety Act, authorities extended an internet shutdown",Other,"https://jkhome.nic.in/pdf/30(TSTS)of2025.pdf; https://www.thehindu.com/news/national/jammu-and-kashmir/jammu-kashmirs-doda-remains-tense-additional-security-forces-deployed-in-sensitive-areas/article70033090.ece; https://greaterjammu.com/2g-mobile-internet-services-restored-in-jks-doda/#:~:text=Doda/JammU%20:%20The%202G%20mobile,on%20September%208%2C%20officials%20said.",Ended,9/17/2025,1,Public safety/ Quell unrest/ Restore public order,,Yes,Yes,Government order,https://drive.google.com/file/d/1_1hQSHAuflsKmaOHeoeJmGu_ItPaXSA4/view?usp=drive_link,,No,No,No,No,No,,No,No,,Unknown,,,No,Unknown,Unknown,,,No,,"In an extension of a previous order, 3G/4G/5G mobile internet was suspended in Doda District, Jammu & Kashmir (with only 2G available, throttled to less than 100 kbps), and with broadband internet also restricted in Gandoh and Tathri tehsils, all in effect from 00:01 to 23:59 on Sep. 17.",,APAC
Actual,9/18/2025,Myanmar,"It only affected one city, county, or village","Kani township, Sagaing Division",Shutdown,"Broadband, Mobile",Full network,Executive government,"Ministry of Communications, Information, and Technology, National Unity Government (NUG)",Conflict,Internet cafes were ordered temporarily closed by NUG in all villages of Kani township due to the conflict with the junta,CSO KIO partners,https://www.facebook.com/story.php?story_fbid=825352669867453&id=100071781816349; https://engagemedia.org/2025/myanmar-digital-coup-quarterly-august-2025-october-2025/,Unknown,,,National security/ Counter-terrorism,,Yes,,Government order,https://drive.google.com/file/d/1Q4Jfpi7mghTjgoM-J2kntpfo2EvjJkAQ/view?usp=drive_link,,No,No,No,No,No,,No,No,,Unknown,,,No,Unknown,Unknown,,,Yes,,"The internet was shut down by the exiled National Unity Government (NUG) in Kani township, Sagaing Division beginning Sep. 18 through the forced closure of public internet cafes amidst the conflict with the junta.",,APAC
Actual,9/21/2025,Guinea,"It affected locations in more than one state, province, or region",Nationwide,Shutdown,"Broadband, Mobile",Service-based,Executive government,,Elections,Authorities in Guinea blocked access to numerous platforms beginning the day of a consitutional referendum,CSO KIO partners,https://explorer.ooni.org/chart/mat?test_name=web_connectivity&axis_x=measurement_start_day&since=2025-09-20&until=2025-10-15&time_grain=day&probe_cc=GN&domain=twitter.com; https://en.wikipedia.org/wiki/2025_Guinean_constitutional_referendum,Ended,9/26/2025,6,Unknown,,No,,,,,Yes,Yes,Yes,Unknown,Yes,Signal,No,No,,Unknown,,,Yes,No,No,,,No,,"Authorities in Guinea blocked access to Facebook, Twitter, WhatsApp, Telegram, and Signal from Sep. 21 to Sep. 26 in the midst of a constitutional referendum.",,Africa
Estimated,9/22/2025,Myanmar,"It affected more than one city in the same state, province, or region","Lansal village, Hsawlaw township and Lumyang village, Waingmaw township, Kachin State",Shutdown,Mobile,Full network,Non-government,Chinese authorities,Conflict,Internet and phone lines from Chinese providers were cut off in border areas of Kachin State in the midst of clashes,CSO KIO partners,https://t.me/spmnewsagency2019/21482; https://engagemedia.org/2025/myanmar-digital-coup-quarterly-august-2025-october-2025/,Unknown,,,Unknown,,No,,,,,No,No,No,No,No,,Yes,Yes,,Unknown,,,No,Yes,Unknown,,,No,,"Mobile internet and phone lines were cut off on Chinese service providers by Chinese authorities in the border areas of Lansal village, Hsawlaw township and Lumyang village, Waingmaw township, Kachin State around Sep. 22 in the midst of fighting between the KIA and military council.",,APAC
Estimated,9/26/2025,Myanmar,"It only affected one city, county, or village","Ramree township, Rakhine State",Shutdown,Mobile,Full network,Military,Arakan Army (AA),Conflict,"The AA cut off internet and phone lines for Ramree township, Rakhine State",CSO KIO partners,https://www.facebook.com/story.php?story_fbid=1353523360120420&id=100063883071441,Unknown,,,National security/ Counter-terrorism,For security reasons,Yes,,,https://www.facebook.com/story.php?story_fbid=1353523360120420&id=100063883071441,,No,No,No,No,No,,Yes,Yes,,Unknown,,,No,Unknown,Unknown,,,No,,"Internet service and phone lines were cut off, allegedly for security reasons, by the Arakan Army (AA) in Ramree township, Rakhine State from late September until at least Dec. 26.",,APAC
Actual,9/26/2025,India,"It only affected one city, county, or village","Leh District, Ladakh",Shutdown,Mobile,Full network,Executive government,"Government of India, Ministry of Home Affairs",Protests,Mobile internet was suspended in Leh District following protests against the arrest of a prominent climate activist,CSO KIO partners,https://internetshutdowns.in/media/Ladakh_260925_7763a538-e500-412a-a19e-53a756866a98..pdf; https://x.com/NetShutdowns/status/1973343923226681840#m; https://www.instagram.com/p/DPEP7QNDZNh/; https://pulse.internetsociety.org/en/shutdowns/internet-suspended-in-ladakh-india-september-2025/,Ended,10/3/2025,8,Public safety/ Quell unrest/ Restore public order,,Yes,Yes,Government order,https://x.com/NetShutdowns/status/1973343923226681840/photo/1,,No,No,No,No,No,,No,No,,Unknown,,,No,Yes,Unknown,,,No,,"Mobile internet (2G/3G/4G/5G) and public 5G Wi-Fi services were suspended in Leh District, Ladakh from Sep. 26 to Oct. 3. An order from the Indian Ministry of Home Affairs directed a shutdown from 18:00 on Sep. 29 to 18:00 on Oct. 3, but there were reports of a shutdown as of Sep. 26.",,APAC
Actual,9/27/2025,India,"It only affected one city, county, or village","Barelly District, Uttar Pradesh",Shutdown,"Broadband, Mobile",Full network,State government,"Government of Uttar Pradesh, Home Department",Protests,Mobile and broadband internet was suspended for 48 hours in Barelly District following violent clashes during a demonstration the previous day,CSO KIO partners,https://internetshutdowns.in/media/Barelly_2809_8fe4f68d-c5ba-4d29-8cba-d08ce331d031..pdf; https://pulse.internetsociety.org/en/shutdowns/internet-suspended-in-uttar-pradesh-india-september-2025/; https://www.amarujala.com/uttar-pradesh/bareilly/internet-shutdown-ordered-for-48-hours-in-bareilly-2025-09-27?pageId=3; https://www.aajtak.in/uttar-pradesh/story/bareilly-internet-shutdown-disrupts-trade-banking-healthcare-services-lclnt-dskc-2344465-2025-09-29,Ended,9/29/2025,3,Public safety/ Quell unrest/ Restore public order,,Yes,Yes,Government order,https://internetshutdowns.in/media/Barelly_2809_8fe4f68d-c5ba-4d29-8cba-d08ce331d031..pdf,,No,No,No,No,No,,Yes,No,,Unknown,,,No,Yes,Unknown,,,No,,"Mobile and broadband internet, as well as SMS service, was suspended for Barelly District, Uttar Pradesh from 00:30 on Sep. 27 to 00:30 on Sep. 29.",,APAC
Actual,9/28/2025,Pakistan,"It affected locations in more than one state, province, or region","Azad Kashmir and Murree district, Punjab",Shutdown,"Broadband, Mobile",Full network,State government,Government of Azad Kashmir,Protests,,CSO KIO partners,https://killswitch.pk/?q=node/219; https://killswitch.pk/?q=node/221; https://ioda.inetintel.cc.gatech.edu/region/3083?from=1758893855&until=1759930655&view=view1; https://www.aljazeera.com/news/2025/10/3/why-has-pakistan-administered-kashmir-erupted-in-protest-again; https://www.thefridaytimes.com/08-Oct-2025/role-fake-news-blackouts-escalating-crisis-within-azad-kashmir; https://pakvoices.pk/internet-and-mobile-shutdown-in-azad-kashmir-affecting-users-in-murree-region-as-well/; https://www.techjuice.pk/internet-telecom-blackout-strangles-azad-kashmir-as-protest-strike-looms/,Ended,10/4/2025,7,Public safety/ Quell unrest/ Restore public order,,Yes,,,https://www.aljazeera.com/news/2025/10/3/why-has-pakistan-administered-kashmir-erupted-in-protest-again,"""Khan indicated that once there is meaningful progress in negotiations, the government will move quickly to restore internet and mobile services, which he said 'had to be curtailed due to the situation on the ground'."" - Abdul Majid Khan, the finance minister of Pakistan-administered Kashmir",No,No,No,No,No,,Yes,Yes,,Unknown,,,No,Yes,Unknown,,,No,,"Broadband and mobile internet were suspended throughout all of Azad Kashmir, with disruptions reported in neighboring Murree district in Punjab, from 12:30pm (local time, UTC+5) on Sep. 28 until at least 2:00pm (local time, UTC+5) on Oct. 4. However, the Active Probing signal from IODA for the region remained 20% below normal levels in the following months. The shutdown was imposed ahead of planned protests from Joint Awami Action Committee (JAAC), and remained in effect through the protests that turned violent and deadly.",,APAC
Actual,9/29/2025,Afghanistan,"It affected locations in more than one state, province, or region",Nationwide,Shutdown,"Broadband, Mobile",Full network,Executive government,Taliban,Other,To setup the technical infrastructure for nationwide social media blockings,CSO KIO partners,"https://ioda.inetintel.cc.gatech.edu/country/AF?from=1759101254&until=1759533254&view=view1; https://blog.cloudflare.com/nationwide-internet-shutdown-in-afghanistan/; https://x.com/TOLONewsEnglish/status/1972641017745588605; https://www.theguardian.com/global-development/2025/sep/23/taliban-afghanistan-internet-shutdown-women-girls-education-hope; https://www.npr.org/sections/goats-and-soda/2025/10/14/g-s1-92863/afghanistan-taliban-earthquake-women-girls-rescue; https://www.hrw.org/news/2025/10/01/afghanistan-internet-shutdowns-imperil-rights#:~:text=(New%20York)%20%E2%80%93%20The%20Taliban's,airport%20were%20cancelled%2C%20media%20reported.",Ended,10/1/2025,3,Unknown,,Unknown,,,,,No,No,No,No,No,,Unknown,Unknown,,Unknown,,,No,No,No,,,No,,"Following a multi-province fiber-optic shutdown earlier in September, broadband and mobile internet was fully cutoff for all of Afghanistan between 11:30am (UTC+0) on Sep. 29 until around 12:00pm (UTC+0) on Oct. 1. The mobile shutdown came one hour after the broadband shutdown at 12:30pm on Sep. 29. The impacts on women and girls, humanitarian response after the recent earthquake, economic operations, and emergency communications were severe.",https://www.accessnow.org/press-release/the-taliban-must-restore-internet-access-across-afghanistan/,APAC
Actual,9/30/2025,India,"It only affected one city, county, or village","Hathwa sub-division, Gopalganj District, Bihar",Shutdown,"Broadband, Mobile",Service-based,State government,"Government of Bihar, Home Department",Unknown,,Other,https://drive.google.com/file/d/1p6R9jJ4xjIvEkX_VudMF_YHJ8_uFHfWZ/view?usp=drive_link; https://www.facebook.com/100076437250038/posts/breaking-news%E0%A4%97%E0%A5%8B%E0%A4%AA%E0%A4%BE%E0%A4%B2%E0%A4%97%E0%A4%82%E0%A4%9C-%E0%A4%95%E0%A5%87-%E0%A4%B9%E0%A4%A5%E0%A5%81%E0%A4%86-%E0%A4%85%E0%A4%A8%E0%A5%81%E0%A4%AE%E0%A4%82%E0%A4%A1%E0%A4%B2-%E0%A4%AE%E0%A5%87%E0%A4%82-30-%E0%A4%B8%E0%A4%BF%E0%A4%A4%E0%A4%82%E0%A4%AC%E0%A4%B0-%E0%A4%95%E0%A5%87-%E0%A4%B0%E0%A4%BE%E0%A4%A4-12-%E0%A4%AC%E0%A4%9C%E0%A5%87-%E0%A4%B8%E0%A5%87-2-%E0%A4%85%E0%A4%95%E0%A5%8D%E0%A4%9F%E0%A5%82%E0%A4%AC%E0%A4%B0-%E0%A4%95/827634156461152/,Ended,10/2/2025,3,Fake news/ Hate speech/ Incendiary content/ Promoting violence,,Yes,Yes,Government order,https://drive.google.com/file/d/1p6R9jJ4xjIvEkX_VudMF_YHJ8_uFHfWZ/view?usp=drive_link,,Yes,Yes,Yes,Unknown,Yes,"QQ, WeChat, Ozone, Tumblr, Google+, Baidu, Skype, Viber, Line, Snapchat, Pinterest, Reddit, Snaptish, YouTube, Vinc, Xanga, Buaanet, Flickr, ""other social networking sites meant for mass messaging""",No,No,,Unknown,,,No,No,No,,,No,,"23 social media and messaging platforms were blocked in Hathwa sub-division, Gopalganj District, Bihar from 12:00 on Sep. 30 to 12:00 on Oct. 2. The order excludes government internet and intranet services, including banking.",,APAC
Actual,10/1/2025,Afghanistan,"It affected locations in more than one state, province, or region","Balkh, Hilmand, Kandahar, and Nimroz provinces",Shutdown,Broadband,Full network,Executive government,Taliban,Unknown,,CSO KIO partners,https://ioda.inetintel.cc.gatech.edu/region/12?from=1759361797&until=1760744197; https://www.bbc.com/news/articles/cgrq8d0jpdwo; https://ioda.inetintel.cc.gatech.edu/region/15?from=1758154303&until=1760746303&view=view1; https://ioda.inetintel.cc.gatech.edu/region/11?from=1758154303&until=1760746303; https://ioda.inetintel.cc.gatech.edu/region/12?from=1758154303&until=1760746303,Ended,10/13/2025,13,Unknown,,Unknown,,,,,No,No,No,No,No,,Unknown,Unknown,,Unknown,,,No,No,No,,,No,,"Broadband internet continued to be suspended between Oct. 1 and Oct. 13 in certain provinces of Afghanistan after the full nationwide shutdown. Balkh finally returned to pre-Sep. 15 full levels of its BGP signal on Oct. 13, Hilmand and Kandahar experienced new disruptions between Oct. 7-9 as ongoing social media restrictions were also being applied at the nationwide level, and Nimroz had 7-8 hours of disruptions between Oct. 12 and Oct. 13.",,APAC
Actual,10/2/2025,Myanmar,"It only affected one city, county, or village","Namtu town, Shan State",Shutdown,Mobile,Full network,Military,Military junta,Conflict,Internet and phone lines were cut off by the military council in an area of active conflict,CSO KIO partners,https://www.ludunwayoo.com/news-mm/2025/10/03/135573/; https://engagemedia.org/2025/myanmar-digital-coup-quarterly-august-2025-october-2025/; https://burmese.kachinnews.com/2025/10/07/ld1-271/,Ended,10/7/2025,6,Unknown,,No,,,,,No,No,No,No,No,,Yes,Yes,,Unknown,,,No,Yes,Yes,,,No,,"Mobile internet and phone lines were cut off by the military council in Namtu town, Shan State on Oct. 2 until at least Oct. 7 preceding multiple aerial bombing campaigns in the town by junta aircraft, one of which killed 3 civilians and injured 7 others, including children.",,APAC
Actual,10/2/2025,India,"It only affected one city, county, or village","Barelly District, Uttar Pradesh",Shutdown,"Broadband, Mobile",Full network,State government,"Government of Uttar Pradesh, Home Department",Religious holiday/anniversary,Mobile and broadband internet were suspended in Barelly District ahead of Dussehra festivities,CSO KIO partners,https://internetshutdowns.in/media/Bareilly_021025_e91d0bcc-1df0-4197-ae5c-72351788620f..pdf; https://pulse.internetsociety.org/en/shutdowns/internet-suspended-in-uttar-pradesh-india-october-2025/; https://www.thehindu.com/news/national/uttar-pradesh/high-security-alert-in-uttar-pradeshs-bareilly-division-drones-deployed/article70116983.ece,Ended,10/4/2025,3,Public safety/ Quell unrest/ Restore public order,,Yes,Yes,Government order,https://internetshutdowns.in/media/Bareilly_021025_e91d0bcc-1df0-4197-ae5c-72351788620f..pdf,,No,No,No,No,No,,Yes,No,,Unknown,,,No,Unknown,Unknown,,,No,,"Mobile and broadband internet, as well as SMS service, was suspended for Barelly District, Uttar Pradesh from 15:00 on Oct. 2 to 15:00 on Oct. 4.",,APAC
Actual,10/3/2025,Myanmar,"It affected more than one city in the same state, province, or region","Mandalay and Pyinoolwin townships, Mandalay Region",Shutdown,"Broadband, Mobile",Full network,Military,Military junta,Visits by government officials,Internet and phone lines were cut off by the military council in Mandalay and Pyinoolwin during festivities around Mandalay University's centennial and following Min Aung Hlaing's movements,CSO KIO partners,https://www.ludunwayoo.com/feature-mm/2025/10/06/135909/; https://engagemedia.org/2025/myanmar-digital-coup-quarterly-august-2025-october-2025/,Ended,10/4/2025,2,Unknown,,No,,,,,No,No,No,No,No,,Yes,Yes,,Unknown,,,No,No,No,,,No,,"Internet service and phone lines were cut off by the military council in Mandalay and Pyinoolwin townships, Mandalay Region between Oct. 3 and Oct. 4 during Min Aung Hlaing's visit to Mandalay University's centennial celebration and his following travels to Pyinoolwin. Reports indicated that jammers had been installed to impose the shutdown.",,APAC
Actual,10/5/2025,India,"It only affected one city, county, or village","3 areas of Cuttack city, Cuttack District, Odisha",Shutdown,"Broadband, Mobile","Full network, Service-based",State government,"Government of Odisha, Home Department",Communal violence,The internet was shutdown after violence broke out during Durga Puja idol immersion procession,CSO KIO partners,https://x.com/NetShutdowns/status/1975061784953565253#m; https://pulse.internetsociety.org/en/shutdowns/internet-suspended-in-odisha-india-october-2025/; https://en.wikipedia.org/wiki/2025_Cuttack_violence,Ended,10/6/2025,2,Fake news/ Hate speech/ Incendiary content/ Promoting violence,,Yes,Yes,Government order,https://x.com/NetShutdowns/status/1975061784953565253/photo/1,,Yes,Unknown,Yes,Yes,Unknown,"Snapchat, and ""other social media services of all Mobile service providers""",No,No,,Unknown,,,No,Yes,Unknown,,,No,,"Mobile and broadband internet, plus at least 4 platforms, were shutdown in 3 areas of Cuttack city, Cuttack District, Odisha from 7:00pm on Oct. 5 to 7:00pm on Oct. 6. The areas affected were CMC (Cuttack Municipal Corporation) Area, CDA (Cuttack Development Authority) Area, and 42 Mauza Region.",,APAC
Actual,10/6/2025,Myanmar,"It only affected one city, county, or village","Bonto village, Chaung-U township, Sagaing Division",Shutdown,Mobile,Full network,Military,Military junta,Protests,Internet and phone lines were cut off by the military council during the non-violent Revolutionary Lightning Strike mass protest during the Thadingyut full moon in Bonto,CSO KIO partners,https://www.ludunwayoo.com/news-mm/2025/10/18/137117/; https://www.bnionline.net/en/news/myanmar-junta-airstrike-thadingyut-full-moon-kills-17-sagaing-region,Ended,10/7/2025,2,Unknown,,No,,,,,No,No,No,No,No,,Yes,Yes,,Unknown,,,No,Yes,Yes,,,No,,"Mobile internet and phone lines were cut off by the military council in Bonto village, Chaung-U township, Sagaing Division on Oct. 6 during the non-violent Revolutionary Lightning Strike candlelight mass protest against the dictatorship. The junta dropped 2 bombs from paramotor aircraft directly on civilians in Bonto, killing 23 people (including 5 children) and injuring 61 others (including 18 children).",,APAC
Actual,10/6/2025,India,"It only affected one city, county, or village","3 areas of Cuttack city, Cuttack District, Odisha",Shutdown,"Broadband, Mobile","Full network, Service-based",State government,"Government of Odisha, Home Department",Communal violence,The internet was shutdown in an extension order after violence broke out during Durga Puja idol immersion procession,CSO KIO partners,https://internetshutdowns.in/media/Cuttack_071025_5536852f-ef40-45bd-bcab-6c46780ec460._b43c5287-8ed2-4985-8c9a-ec68b93eefd5..jpeg; https://pulse.internetsociety.org/en/shutdowns/internet-suspended-in-odisha-india-october-2025/; https://en.wikipedia.org/wiki/2025_Cuttack_violence,Ended,10/7/2025,2,Fake news/ Hate speech/ Incendiary content/ Promoting violence,,Yes,Yes,Government order,https://internetshutdowns.in/media/Cuttack_071025_5536852f-ef40-45bd-bcab-6c46780ec460._b43c5287-8ed2-4985-8c9a-ec68b93eefd5..jpeg,,Yes,Unknown,Yes,Yes,Unknown,"Snapchat, and ""other social media services of all Mobile service providers""",No,No,,Unknown,,,No,No,Unknown,,,No,,"In an extension of a previous order, mobile and broadband internet, plus at least 4 platforms, were shutdown in 3 areas of Cuttack city, Cuttack District, Odisha from 7:00pm on Oct. 6 to 7:00pm on Oct. 7. The areas affected were CMC (Cuttack Municipal Corporation) Area, CDA (Cuttack Development Authority) Area, and 42 Mauza Region. Government internet and intranet services were excluded from the order, as well as banking and railways.",,APAC
Estimated,10/7/2025,Afghanistan,"It affected locations in more than one state, province, or region",Nationwide,Shutdown,"Broadband, Mobile",Service-based,Executive government,Taliban,Information control,,CSO KIO partners,"https://www.ohchr.org/en/press-releases/2025/10/afghanistan-new-restrictions-telecommunications-raise-further-rights#:~:text=GENEVA%20%E2%80%93%20New%20restrictions%20on%20internet,critical%20support%20including%20through%20remittances.; https://www.bbc.com/news/articles/cgrq8d0jpdwo",Ongoing,,,Unknown,,Yes,,,https://www.bbc.com/news/articles/cgrq8d0jpdwo,"""A Taliban government source said: 'Some sort of controls have been applied to restrict certain types of content on platforms such as Facebook, Instagram, and X. We hope this time there wouldn't be any full ban on internet. The filtering is almost applied for the whole county and most provinces are covered now.'""",Yes,Yes,Unknown,Yes,Unknown,,No,No,"Afghanistan: Afghan Wireless (TSI), Afghanistan: Etisalat, Afghanistan: MTN, Afghanistan: Roshan (TDCA), Afghanistan: Salaam (Afghan Telecom)",Unknown,,,No,No,No,,,No,,"Nationwide social media blockings of at least Facebook, X, and Instagram were imposed starting around Oct. 7. The full nationwide shutdown between Sep. 29 and Oct. 1 was reportedly used to setup the infrastructure for these blocks.",,APAC
Actual,10/8/2025,Jordan,"It affected locations in more than one state, province, or region",Nationwide,Shutdown,"Broadband, Mobile",Service-based,Executive government,,Information control,Discord was abruptly blocked in Jordan weeks after young protesters had used the platform to coordinate,CSO KIO partners,https://explorer.ooni.org/chart/mat?test_name=web_connectivity&axis_x=measurement_start_day&since=2025-01-17&until=2026-02-17&time_grain=day&probe_cc=JO&domain=discord.com; https://www.newarab.com/analysis/how-arab-states-are-seeking-curb-gen-zs-digital-mobilisation,Ended,10/30/2025,23,Other,"An anonymous government official cited ""child protection"" and ""protect[ing] minors from exploitation"" as official reasons for the ban",Yes,Yes,"Jordan's Cybercrime Law (2023), Article 17",https://www.newarab.com/analysis/how-arab-states-are-seeking-curb-gen-zs-digital-mobilisation,,No,No,No,No,No,Discord,No,No,,Unknown,,,No,No,No,,,No,,Discord was blocked in Jordan from Oct. 8 to Oct. 30. This move followed protests weeks prior where protesters used the platform to coordinate.,,MENA
Actual,10/9/2025,Pakistan,"It affected locations in more than one state, province, or region","Islamabad, Lahore, and Rawalpindi",Shutdown,Mobile,Full network,Executive government,Pakistan Telecommunication Authority (PTA),Protests,Mobile internet was suspended in the twin cities and Lahore ahead of a planned protest by Tehreek-e-Labbaik Pakistan (TLP),CSO KIO partners,https://killswitch.pk/?q=node/222; https://www.cnbctv18.com/world/pakistan-authorities-shut-roads-mobile-internet-in-islamabad-rawalpindi-to-block-religious-groups-march-19710580.htm; https://www.arabnews.com/node/2618601/pakistan; https://propakistani.pk/2025/10/13/internet-and-social-media-disrupted-in-pakistan-once-again/,Ended,10/13/2025,5,Public safety/ Quell unrest/ Restore public order,,Yes,,,https://propakistani.pk/2025/10/13/internet-and-social-media-disrupted-in-pakistan-once-again/,,No,No,No,No,No,,Unknown,Unknown,,Unknown,,,No,Yes,Unknown,,,No,,"Mobile internet, including 3G and 4G services, was suspended in Islamabad, Lahore, and Rawalpindi from 12:00am (local time, UTC+5) on Oct. 9 until at least Oct. 13 by the PTA in the wake of protests by the TLP.",,APAC
Actual,10/12/2025,Cameroon,"It affected locations in more than one state, province, or region",Nationwide,Shutdown,"Broadband, Mobile",Full network,Executive government,,Elections,There was a partial shutdown of MTN on election day,CSO KIO partners,https://radar.cloudflare.com/traffic/as30992?dateStart=2025-10-12&dateEnd=2025-10-12,Ended,10/12/2025,1,Unknown,,No,,,,,No,No,No,No,No,,Unknown,Unknown,Cameroon: MTN,Unknown,,,Yes,Unknown,Unknown,,,No,,"There was a partial shutdown across Cameroon between 1:30pm and 3:45pm (UTC+0) on Oct. 12, election day, on MTN (AS30992).",,Africa
Estimated,10/14/2025,Myanmar,"It only affected one city, county, or village","Kawkareik township, Kayin State",Shutdown,"Broadband, Mobile",Full network,Military,Military junta,Conflict,Internet and phone lines were cut off by the military council in an area of active conflict,CSO KIO partners,https://yktnews.com/2025/10/230992/; https://engagemedia.org/2025/myanmar-digital-coup-quarterly-august-2025-october-2025/,Unknown,,,Unknown,,No,,,,,No,No,No,No,No,,Yes,Yes,,Unknown,,,No,Yes,Yes,,,No,,"Internet service and phone lines were cut off by the military council using 24-hour jammers in Kawkareik township, Kayin State around Oct. 14 in the midst of heavy fighting in Naungmi village between junta and junta-aligned militias against revolutionary forces. There were reports of junta and junta-aligned militias bombing villages with drones, using locals as human shields, and arresting and beating civilians indiscriminately.",,APAC
Estimated,10/15/2025,Myanmar,"It only affected one city, county, or village","Man San village tract and Namtu town, Namtu township, Shan State",Shutdown,"Broadband, Mobile",Full network,Military,Ta'ang National Liberation Army (TNLA),Conflict,"The TNLA banned Starlink in Namtu township, arresting owners and confiscating the equipment",CSO KIO partners,https://www.facebook.com/100066891622617/posts/1140682671504776/,Unknown,,,Unknown,,Yes,,,https://www.facebook.com/100066891622617/posts/1140682671504776/,,No,No,No,No,No,Starlink,No,No,,Unknown,,,No,Unknown,Unknown,,,No,,"The TNLA restricted the use of Starlink in Man San village tract and Namtu town, Namtu township, Shan State starting in mid-October, arresting owners of Starlink devices and confiscating the equipment (plus phones of people with Starlink). TNLA soldiers reportedly told locals that equipment would be returned later. One man who was arrested had not been seen for days by his family.",,APAC
Actual,10/15/2025,India,"It only affected one city, county, or village","Baksa District, Assam",Shutdown,Mobile,Full network,State government,"Government of Assam, Political Department: Dispur",Protests,Local protests during the transport of prisoners in Baksa led authorities to impose an internet shutdown,CSO KIO partners,https://internetshutdowns.in/media/Assam_IST_b54f51a6-b417-4f6a-917e-f469876c4ba5..pdf; https://pulse.internetsociety.org/en/shutdowns/internet-suspended-in-assam-india-october-2025/; https://x.com/NetShutdowns/status/1978791479414837425#m; https://www.guwahatiplus.com/assam/internet-services-resume-in-assams-baksa-following-two-day-suspension-amid-unrest,Ended,10/17/2025,3,Fake news/ Hate speech/ Incendiary content/ Promoting violence,,Yes,Yes,Government order,https://x.com/NetShutdowns/status/1978791479414837425/photo/1,,No,No,No,No,No,,No,No,,Unknown,,,No,Yes,Unknown,,,No,,"Mobile internet was suspended in Baksa District, Assam from Oct. 15 to Oct. 17.",,APAC
Estimated,10/16/2025,Myanmar,"It only affected one city, county, or village","Pale township, Sagaing Division",Shutdown,Mobile,Full network,Military,Military junta,Conflict,Internet and phone lines were cut off by the military council in an area of active conflict,CSO KIO partners,https://burmese.dvb.no/post/733319; https://athanmyanmar.org/myanmar-communication-blackout-2021-to-present/,Unknown,,,Unknown,,No,,,,,No,No,No,No,No,,Yes,Yes,,Unknown,,,No,Yes,Unknown,,,No,,"Internet service and phones lines were cut off by the military council in Pale township, Sagaing Division starting around mid-October in the midst of fighting with revolutionary forces.",,APAC
Actual,10/23/2025,Cameroon; Central African Republic,"It affected locations in more than one state, province, or region",Nationwide,"Shutdown, Throttle","Broadband, Mobile",Full network,Executive government,,Protests,There was a partial internet shutdown in Cameroon as votes were still being counted from a recent election and widespread protests were underway,CSO KIO partners,https://bsky.app/profile/ioda.live/post/3m3ucisgh422a; https://www.dawan.africa/news/tensions-mount-in-cameroon-as-internet-disruptions-reported-ahead-of-election-results; https://ioda.inetintel.cc.gatech.edu/country/CM?from=1761132973&until=1761305773&view=view1; https://radar.cloudflare.com/cm?dateStart=2025-10-22&dateEnd=2025-10-24; https://ioda.inetintel.cc.gatech.edu/country/CF?from=1761105878&until=1761278678&view=view1; https://radar.cloudflare.com/cf?dateStart=2025-10-20&dateEnd=2025-10-27,Ended,10/23/2025,1,Unknown,,No,,,,,No,No,No,No,No,,No,No,,Yes,https://www.stopblablacam.com/society/2710-15212-cameroon-internet-disruption-eases-as-camtel-reports-partial-restoration,,Yes,Unknown,Unknown,,,No,,"There was a partial shutdown across Cameroon between 3:30am and 8:30pm (UTC+0) on Oct. 23 in the midst of ongoing vote counting and widespread protests. CamTel and MTN blamed the outage on a problem with the landing station of the WACS submarine cable. Neighboring Central African Republic (CAR) also experienced a disruption between 3:30am and 6:30pm (UTC+0) on the same day, and both countries had connectivity return relatively quickly, supporting the notion that the Cameroon branch of the WACS cable was tampered with given the CAR's downstream reliance on internet coming through sub cables via Cameroon. This was the first shutdown experienced in CAR.",https://www.accessnow.org/press-release/all-eyes-on-cameroon-keepiton-during-elections/; https://x.com/accessnow/status/1981325855335862547#m,Africa
Actual,10/23/2025,India,"It only affected one city, county, or village","Dhalai District, Tripura",Shutdown,Mobile,Full network,Local government,"District Magistrate of Dhalai, Vivek HB",Protests,"Mobile internet was suspended following violent clashes between shopowners, protesters, and police",CSO KIO partners,https://internetshutdowns.in/media/Tripura__Violence_erupts_in_Dhalai_district_during_shutdown_several_injured_2ba62caf-c8a_4SsiDH4.pdf; https://x.com/NetShutdowns/status/1981629737815670978; https://pulse.internetsociety.org/en/shutdowns/internet-suspended-in-tripura-india-october-2025/,Ended,10/24/2025,2,Fake news/ Hate speech/ Incendiary content/ Promoting violence,,Yes,,,,,No,No,No,No,No,,Unknown,Unknown,,Unknown,,,No,Yes,Unknown,,,No,,"Mobile internet was suspended in Dhalai District, Tripura from late in the evening on Oct. 23 for 24 hours until Oct. 24.",,APAC
Actual,10/28/2025,"Tanzania, United Republic of","It affected locations in more than one state, province, or region",Nationwide,Shutdown,"Broadband, Mobile",Service-based,Executive government,,Protests,"There were multiple platform blocks of remaining unblocked platforms ahead of Election Day, continuing in the following weeks due to ongoing protests and information control",CSO KIO partners,https://explorer.ooni.org/chart/mat?probe_cc=TZ&since=2025-09-01&until=2025-12-13&time_grain=day&axis_x=measurement_start_day&test_name=signal; https://explorer.ooni.org/chart/mat?probe_cc=TZ&since=2025-09-01&until=2025-12-13&time_grain=day&axis_x=measurement_start_day&test_name=whatsapp; https://explorer.ooni.org/chart/mat?probe_cc=TZ&since=2025-09-01&until=2025-12-13&time_grain=day&axis_x=measurement_start_day&test_name=facebook_messenger; https://explorer.ooni.org/chart/mat?probe_cc=TZ&since=2025-01-01&until=2025-12-13&time_grain=day&axis_x=measurement_start_day&test_name=web_connectivity&domain=www.tiktok.com%2Cs20.tiktokcdn.com%2Cp77-va.tiktokcdn.com%2Cp77-sign-va.tiktokcdn.com%2Cp77-sign-sg-lite.tiktokcdn.com%2Cp19-sign.tiktokcdn-us.com%2Cp19-sign.tiktokcdn-us.com%2Cmcs-va.tiktok.com%2Clf16-tiktok-web.ttwstatic.com%2Clf16-tiktok-common.ibytedtos.com%2Cm.tiktok.com%2Cwww.tiktok.com; https://www.bbc.com/news/articles/c3vn4rlqd52o; https://explorer.ooni.org/chart/mat?probe_cc=TZ&since=2025-06-27&until=2026-02-27&time_grain=day&axis_x=measurement_start_day&test_name=web_connectivity&domain=www.tiktok.com%2Cs20.tiktokcdn.com%2Cp77-va.tiktokcdn.com%2Cp77-sign-va.tiktokcdn.com%2Cp77-sign-sg-lite.tiktokcdn.com%2Cp19-sign.tiktokcdn-us.com%2Cp19-sign.tiktokcdn-us.com%2Cmcs-va.tiktok.com%2Clf16-tiktok-web.ttwstatic.com%2Clf16-tiktok-common.ibytedtos.com%2Cm.tiktok.com%2Cwww.tiktok.com,Ended,12/29/2025,63,Unknown,,No,,,,,Yes,No,Yes,No,No,"Signal, TikTok",No,No,,Unknown,,,Yes,Yes,Yes,,,No,,"Alongside the full network shutdown between Oct. 29 and Nov. 3, authorities in Tanzania imposed multiple platform blocks in the lead-up to and following Election Day, targeting apps that weren't already blocked under existing orders (Grindr, Clubhouse, X, and Telegram). According to OONI data, WhatsApp was blocked from Oct. 29 to Nov. 6, Signal was blocked from Oct. 28 to Nov. 4, FB Messenger was blocked between Nov. 3 and Nov. 4. TikTok was blocked Oct. 28 and still remains inaccessible. The blocks were initially applied inconsistently across providers, and only the ongoing block of TikTok seems to be uniformly applied after Nov. 3 as evident by nearly 100% of OONI measurements returning as anomalies per day. Similar to the full network shutdown, these blocks coincided with mass killings of protestors and serious human rights abuses by Tanzanian authorities, and the one that remained in effect in early December was likely continued in anticipation of Dec. 9 protests. The TikTok blocking finally ended by Dec. 29.",,Africa
Actual,10/29/2025,"Tanzania, United Republic of","It affected locations in more than one state, province, or region",Nationwide,Shutdown,"Broadband, Mobile",Full network,Executive government,,Protests,There was a full nationwide network shutdown in Tanzania surrounding Election Day in the midst of voting and protests,CSO KIO partners,https://x.com/CloudflareRadar/status/1983502557868666900; https://x.com/ZainaFoundation/status/1983437043343507881; https://x.com/DougMadory/status/1983893153103929407#m; https://ioda.inetintel.cc.gatech.edu/country/TZ?from=1761456811&until=1765517611&view=view1; https://bsky.app/profile/ioda.live/post/3m4dhzirhgc2r; https://nitter.net/DougMadory/status/1983955266598007094#m; https://nitter.net/CloudflareRadar/status/1983502557868666900#m;  https://pulse.internetsociety.org/en/shutdowns/tanzania-internet-disrupted-on-election-day/; https://x.com/africatodayMG/status/1984913716924563684; https://techcabal.com/2025/10/30/tanzania-internet-blackout-halted-nala-payments/; https://www.bbc.com/news/articles/c3vn4rlqd52o,Ended,11/3/2025,6,Unknown,,No,,,,,No,No,No,No,No,Starlink,Unknown,Unknown,,Unknown,,,Yes,Yes,Yes,,,No,,"There was a full nationwide network shutdown, including Starlink internet, in Tanzania between 8:00am (UTC+0) on Oct. 29 to 2:00pm (UTC+0) on Nov. 3, with only ~2 hours of brief connectivity returning at one point on Oct. 30. The multi-faceted shutdown occurred during the Oct. 29 Election Day, which was met with a brutal crackdown on protestors by police who killed at least 500 people by the end of the internet shutdown period.",https://www.accessnow.org/press-release/keepiton-tanzania-must-commit-to-unrestricted-access-to-the-internet-during-elections/,Africa
Actual,10/31/2025,Cameroon,"It affected locations in more than one state, province, or region",Nationwide,Shutdown,"Broadband, Mobile",Service-based,Executive government,,Protests,Multiple platforms were blocked in Cameroon during post-election protests,CSO KIO partners,https://explorer.ooni.org/findings/393608039300; https://x.com/OpenObservatory/status/1986026712556286402#m,Ended,11/5/2025,6,Unknown,,No,,,,,Yes,No,No,Yes,Yes,"TikTok, PureVPN, Proton VPN, Private Internet Access (PIA) VPN",No,No,"Cameroon: CamTel, Cameroon: Newtelnet, Cameroon: Orange",Unknown,,,Yes,Unknown,Unknown,,,No,,"TikTok, Facebook, Instagram, and Telegram (along with multiple VPN services) were blocked in Cameroon across multiple major networks from Oct. 31 to Nov. 5 in the midst of widespread post-election protests. The blocks were implemented by means of TLS interference.",,Africa
Actual,10/31/2025,Pakistan,"It only affected one city, county, or village","Quetta, Balochistan",Shutdown,Mobile,Full network,State government,Government of Balochistan,Conflict,The Balochistan government ordered a mobile shutdown in Quetta in the midst of an ongoing security situation and attacks by militant groups,CSO KIO partners,https://killswitch.pk/?q=node/223; https://www.dawn.com/news/1952343,Ended,10/31/2025,1,National security/ Counter-terrorism,,Yes,,,https://www.dawn.com/news/1952343,"""'Owing to the peculiar law and order situation and threat perceptions, the services of 3G and 4G services are required to be jammed in district Quetta,' the missive said.""",No,No,No,No,No,,Unknown,Unknown,,Unknown,,,No,Unknown,Unknown,,,No,,"Mobile internet services on 3G/4G were ordered to be jammed in Quetta, Balochistan on Oct. 31 in light of a ""law an order situation"".",,APAC
Actual,11/1/2025,Myanmar,"It only affected one city, county, or village","Monywa, Sagaing Division",Shutdown,"Broadband, Mobile",Full network,Military,Military junta,Religious holiday/anniversary,Internet and phone lines were cut off with jammers by the military council during the military's communal Kathina ceremony procession,CSO KIO partners,https://www.ludunwayoo.com/news-mm/2025/11/03/138591/,Ended,11/2/2025,2,Unknown,,No,,,,,No,No,No,No,No,,Yes,Yes,,Unknown,,,No,Unknown,Unknown,,,No,,"Internet service and phone lines were cut off by the military council in Monywa, Sagaing Division between Nov. 1 and Nov. 2 during the military's communal Kathina ceremony procession. The junta reportedly used jammers for the shutdown.",,APAC
Actual,11/3/2025,Kenya,"It affected locations in more than one state, province, or region",Nationwide,Shutdown,"Broadband, Mobile",Service-based,Executive government,,Exam cheating,Telegram was blocked during at least one exam day during exam hours,CSO KIO partners,https://explorer.ooni.org/chart/mat?probe_cc=KE&since=2025-11-01&until=2025-11-22&time_grain=day&axis_x=measurement_start_day&test_name=telegram; https://explorer.ooni.org/search?since=2025-11-03&until=2025-11-04&probe_cc=KE&test_name=telegram&failure=true; https://explorer.ooni.org/chart/mat?probe_cc=KE&probe_asn=AS36926%2CAS37061%2CAS30844%2CAS33771&since=2025-11-01&until=2025-12-01&time_grain=day&axis_x=measurement_start_day&axis_y=probe_asn&test_name=telegram; https://cryptorank.io/news/feed/3b15d-kenya-blocks-pavel-durov-telegram; https://knec.ac.ke/wp-content/uploads/2025/02/2025-KCSE-Timetable-Oct-Nov.pdf,Ended,11/20/2025,18,Unknown,,No,,,,,No,No,No,No,Yes,,No,No,"Kenya: Airtel (Bharti Airtel), Kenya: Liquid Telecommunications Ltd, Kenya: Safaricom",Unknown,,,No,No,No,,,No,,"Telegram was blocked in Kenya during KCSE exam hours on at least 11 exam days out of 15 possible exam days between Nov. 3 and Nov. 21. On Nov. 3, from around 11:00am (UTC+3, local time) until around 2:30pm (UTC+3, local time), OONI data showed anomalies on Airtel (AS36926), Liquid Telecom (AS30844), and Safaricom (AS37061, AS33771). On 10 additional days (Nov. 5, 6, 10, 12, 13, 14, 17, 18, 19, 20), Liquid Telecom showed anomalies during exam hours, potentially indicating that this provider alone was still blocking the app, albeit inconsistently across possible exam days.",,Africa
Actual,11/4/2025,Myanmar,"It only affected one city, county, or village","Zardi village, Yebyu township, Tanintharyi Region",Shutdown,"Broadband, Mobile",Full network,Military,Military junta,Conflict,Electricity and internet service was cut off by the military council in the midst of their offensive,CSO KIO partners,https://www.daweiwatch.com/10/11/2025/121471/,Unknown,,,Unknown,,No,,,,,No,No,No,No,No,,Unknown,Unknown,,Unknown,,,No,Yes,Unknown,,,No,,"Electricity and internet service was cut off by the military council in Zardi village, Yebyu township, Tanintharyi Region beginning Nov. 4 until at least Nov. 10. Electricity had reportedly been cut off for the village since fighting at the end of 2024 with only brief periods of restoration since. The junta reportedly fired artillery on the village on Nov. 4 despite there being no return fire from resistance troops. There were no reported civilian injuries, likely because most villagers had long since fled due to the fighting.",,APAC
Estimated,11/4/2025,Russian Federation,"It affected more than one city in the same state, province, or region",Ulyanovsk Oblast,Shutdown,Mobile,Full network,Executive government,,Conflict,"Federal authorities imposed a mobile shutdown in the Ulyanovsk Oblast to be in effect indefinitely due to the threat of drone attacks and due to the locations of ""special-purpose"" facilities",CSO KIO partners,https://meduza.io/news/2025/11/11/v-ulyanovske-otklyuchili-mobilnyy-internet-do-okonchaniya-svo; https://x.com/politica_media/status/1988254778757877894,Unknown,,,National security/ Counter-terrorism,,Yes,,,https://t.me/ulgovru/17903,"[Google Translate] ""Some federal and regional media outlets reported that mobile internet service has been shut down in the Ulyanovsk Region until the end of the Second Military Operation. This information is a misrepresentation of the results of a press conference. In fact, the restrictions on mobile internet service are geographically selective - around critical special-purpose facilities, not across the region as a whole. The reason is increased security measures. These measures are in effect in all regions of the country, not only during periods of danger and drone attacks, but at all times.""",No,No,No,No,No,,No,No,,Unknown,,,No,Unknown,Unknown,,,No,,There was a mobile shutdown in Ulyanovsk Oblast beginning around Nov. 4.,,EECA
Estimated,11/7/2025,Sudan,"It affected locations in more than one state, province, or region",Barra and El Fasher,Shutdown,"Broadband, Mobile",Full network,Unknown,,Conflict,The internet was cut off in the midst of mass atrocities in El Fasher and Barra,CSO KIO partners,"https://www.facebook.com/story.php?story_fbid=122190428744529589&id=61565887694414; https://www.ohchr.org/en/press-releases/2025/11/sudan-un-experts-appalled-reports-mass-atrocities-unlawful-killings-and#:~:text=GENEVA%20%E2%80%93%20UN%20experts*%20today%20expressed%20alarm,Rapid%20Support%20Forces%20(RSF)%20in%20El%20Fasher%2C; https://www.bbc.com/news/live/cy7eyd13ky5t",Unknown,,,Unknown,,No,,,,,No,No,No,No,No,,Unknown,Unknown,,Unknown,,,No,Yes,Yes,,,No,,The internet was cut off in Barra and El Fasher around Nov. 7 in the midst of mass atrocities committed by Rapid Support Forces (RSF) including systematic sexual violence and killings of civilians.,,MENA
Actual,11/9/2025,"Palestine, State of","It only affected one city, county, or village",Gaza City,Shutdown,"Broadband, Mobile",Full network,Non-government,Military of the State of Israel,Conflict,Internet and communication services were cut off in Gaza City,Other,https://english.palinfo.com/news/2025/11/09/351326/,Unknown,,,Sabotage/ Third-party Action,,No,,,,,No,No,No,No,No,,Yes,Yes,,Unknown,,,No,Unknown,Unknown,,,No,,Internet and communications were cut off in Gaza City on Nov. 9.,,MENA
Estimated,11/11/2025,Myanmar,"It only affected one city, county, or village","Ywangan township, Shan State",Shutdown,"Broadband, Mobile",Full network,Military,Military junta,Conflict,"Internet, electricity, and phone lines were cut off by the military council in an area of active conflict",CSO KIO partners,https://globalreporter.org/mm/news-details/cmhvdzfwh03oxp9dbfandvhld?from_site=true&country_id=1&news_type=daily,Unknown,,,Unknown,,No,,,,,No,No,No,No,No,,Yes,Yes,,Unknown,,,No,Unknown,Unknown,,,No,,"Internet service, electricity, and phones lines were cut off by the military council in Ywangan township, Shan State starting by Nov. 11. The shutdowns were nightly, starting at 7:00pm local time, with reports dating back at least one year.",,APAC
Actual,11/12/2025,Pakistan,"It affected more than one city in the same state, province, or region",Balochistan,Shutdown,Mobile,Full network,State government,Government of Balochistan,Conflict,The Balochistan government ordered a mobile shutdown for the entire province in the midst of an ongoing security situation and attacks by militant groups,CSO KIO partners,https://killswitch.pk/?q=node/224; https://www.dawn.com/news/1954689/mobile-internet-suspended-in-balochistan-till-november-16,Ended,11/16/2025,5,National security/ Counter-terrorism,,Yes,,,https://www.dawn.com/news/1954689/mobile-internet-suspended-in-balochistan-till-november-16,"""The provincial home department stated a security alert had been issued and that these services would remain suspended due to the prevailing situation. 'The Internet service will remain suspended in the rural areas of the entire province,' officials said, adding that Quetta district will remain exempt from this restriction. However, people were complaining that many parts of Quetta were not receiving signals, and people faced difficulties accessing internet services.""",No,No,No,No,No,,Unknown,Unknown,,Unknown,,,No,Unknown,Unknown,,,No,,Mobile internet was suspended in all 36 districts of Balochistan from Nov. 12 to Nov. 16.,,APAC
Estimated,11/14/2025,Myanmar,"It only affected one city, county, or village","Launglon township, Dawei district, Tanintharyi Region",Shutdown,Mobile,Full network,Military,Military junta,Conflict,Internet and phone lines were cut off by the military council in an area of active conflict,CSO KIO partners,https://yktnews.com/2025/11/233943/,Unknown,,,Unknown,,No,,,,,No,No,No,No,No,,Yes,Yes,,Unknown,,,No,Yes,Unknown,,,No,,"Internet service and phones lines were cut off by the military council in Launglon township, Dawei district, Tanintharyi Region starting around Nov. 14. The junta was preparing a large offensive in the midst of other ongoing fighting in the area and cut off the internet as part of its preparations.",,APAC
Actual,11/19/2025,Myanmar,"It only affected one city, county, or village","Salingyi township, Sagaing Division",Shutdown,Mobile,Full network,Military,Military junta,Conflict,Internet and phone lines were cut off by the military council in an area of active conflict,CSO KIO partners,https://yktnews.com/2025/11/234403/,Unknown,,,Unknown,,No,,,,,No,No,No,No,No,,Yes,Yes,,Unknown,,,No,Yes,Yes,,,No,,"Internet service and phones lines were cut off by the military council in Salingyi township, Sagaing Division on Nov. 19 as they prepared for a military offensive. Since October, there were reports of junta troops raiding surrounding villages in the township, firing heavy weapons, and arresting and killing people.",,APAC
Actual,11/20/2025,"Tanzania, United Republic of","It affected locations in more than one state, province, or region",Nationwide,Shutdown,"Broadband, Mobile",Service-based,Executive government,,Protests,Signal was blocked ahead of planned protests in Tanzania,CSO KIO partners,https://explorer.ooni.org/chart/mat?probe_cc=TZ&since=2025-09-01&until=2025-12-13&time_grain=day&axis_x=measurement_start_day&test_name=signal; https://www.hrw.org/news/2025/12/08/tanzania-multilateral-engagement-is-key-to-preventing-a-further-deterioration-of; https://explorer.ooni.org/chart/mat?probe_cc=TZ&since=2025-06-27&until=2026-02-27&time_grain=day&axis_x=measurement_start_day&test_name=signal,Ongoing,,,Unknown,,No,,,,,No,No,No,No,No,Signal,No,No,,Unknown,,,No,Unknown,Unknown,,,No,,"After being blocked in the immediate election period, Signal was once again blocked beginning on Nov. 20 in Tanzania. This timed with preparations for protests on the Dec. 9 Independence Day, as well as with the launch of a national commission of inquiry, of which President Suluhu delivered remarks on Nov. 20 which interfered with its independence, including publicly asking for it to investigate how protesters and NGOs had been ""paid"" to hold protests. The platform remained blocked as of Feb. 2026.",,Africa
Estimated,11/23/2025,Myanmar,"It only affected one city, county, or village","Eastern parts of the Mogok area, Shan State",Shutdown,"Broadband, Mobile",Full network,Military,Ta'ang National Liberation Army (TNLA),Conflict,The TNLA ordered a shutdown of Starlink internet connections in Mogok,CSO KIO partners,https://www.bbc.com/burmese/articles/ckg927k16nwo,Unknown,,,Unknown,,No,,,,,No,No,No,No,No,Starlink,No,No,,Unknown,,,No,Unknown,Unknown,,,No,,"The TNLA ordered a shutdown of Starlink internet connections in eastern parts of the Mogok area, Shan State around Nov. 23.",,APAC
Actual,11/27/2025,Guinea-Bissau,"It affected locations in more than one state, province, or region",Nationwide,Shutdown,"Broadband, Mobile","Full network, Service-based",Executive government,,Political instability,"In the midst of political instability where a coup immediately followed an election, there were reports of internet disruptions",CSO KIO partners,https://radar.cloudflare.com/as327769?dateStart=2025-11-25&dateEnd=2025-11-28; https://mfwa.org/country-highlights/guinea-bissau-military-takeover-triggers-media-suspension-online-restrictions/; https://news.un.org/en/story/2025/11/1166467; https://www.facebook.com/lgdh.gb/posts/pfbid02tojvAftdpSh6Zp1wfF5WR6fQ7My1nHZi6wbwRkMdLT78VGjf3rwxVN9n4yHzmKXQl#,Ended,11/27/2025,1,Unknown,,No,,,,,Unknown,Unknown,Unknown,Unknown,Unknown,,No,No,Guinea-Bissau: MTN,Unknown,,,No,Yes,Yes,,,No,,"In the midst of political instability during a coup immediately following an election, there were reports of internet disruptions and social media blocks in Guinea-Bissau. MTN was at virtually 0% traffic from 2:00pm to 11:00pm (UTC+0) on Nov. 27, one day after the coup and in the midst of protests. There were reports of politically motivated arrests and live ammunition being used to disperse protesters in the capital, Bissau.",,Africa
Actual,12/4/2025,Russian Federation,"It affected locations in more than one state, province, or region",Nationwide,Shutdown,"Broadband, Mobile",Service-based,Executive government,Roskomnadzor,Information control,Russian authorities blocked access to FaceTime and Snapchat,News media article,https://www.theguardian.com/technology/2025/dec/04/russia-snapchat-apple; https://economictimes.indiatimes.com/news/international/world-news/russia-imposes-restrictions-on-apples-facetime-app-agencies-say/articleshow/125762801.cms?from=mdr,Ongoing,,,National security/ Counter-terrorism,Authorities claimed the apps were used to conduct terrorist activities and fraud,Yes,,,https://www.theguardian.com/technology/2025/dec/04/russia-snapchat-apple,"""The state internet regulator Roskomnadzor alleged in a statement that both apps were being 'used to organize and conduct terrorist activities on the territory of the country, to recruit perpetrators [and] commit fraud and other crimes against our citizens'""",No,No,No,No,No,"FaceTime, Snapchat",No,No,,Unknown,,,No,No,No,,,No,,FaceTime and Snapchat were blocked in Russia beginning Dec. 4.,,EECA
Actual,12/8/2025,Myanmar,"It only affected one city, county, or village","Puta-O township, Kachin State",Shutdown,"Broadband, Mobile",Full network,Military,Military junta,Conflict,The junta confiscated Starlink devices in Puta-O and surrounding villages,CSO KIO partners,https://burmese.kachinnews.com/2025/12/10/zz1-325/,Unknown,,,Unknown,,No,,,,,No,No,No,No,No,Starlink,No,No,,Unknown,,,No,Unknown,Unknown,,,No,,"The junta confiscated Starlink devices in Puta-O township, Kachin State beginning the morning of Dec. 8.",,APAC
Actual,12/8/2025,India,"It only affected one city, county, or village","Malkangiri District, Odisha",Shutdown,"Broadband, Mobile","Full network, Service-based",State government,"Government of Odisha, Home Department",Communal violence,"Following violent clashes between people from two villages, authorities imposed a shutdown for the district",CSO KIO partners,https://internetshutdowns.in/media/Malkangiri_IS_ODI_081225_d1dd9e16-4944-4a4b-bb71-b2c620efe0ae._68926405-e3ae-4d04-bd48-e_tBKbDt4.pdf; https://pulse.internetsociety.org/en/shutdowns/internet-suspended-in-odisha-india-december-2025/; https://economictimes.indiatimes.com/news/india/internet-suspended-in-odishas-malkangiri-after-two-villages-clash-over-discovery-of-headless-body-police-forces-deployed/articleshow/125860810.cms,Ended,12/9/2025,2,Fake news/ Hate speech/ Incendiary content/ Promoting violence,,Yes,Yes,Government order,https://internetshutdowns.in/media/Malkangiri_IS_ODI_081225_d1dd9e16-4944-4a4b-bb71-b2c620efe0ae._68926405-e3ae-4d04-bd48-e_tBKbDt4.pdf,,Yes,Unknown,Yes,Yes,Unknown,"Snapchat, and ""other social media services of all Mobile service providers""",No,No,,Unknown,,,No,Yes,Unknown,,,No,,"Mobile and broadband internet, plus at least 4 platforms, were shutdown in Malkangiri District, Odisha from 6:00pm on Dec. 8 to 6:00pm on Dec. 9. Government internet and intranet services, including hospitals, banking, and railways were excluded from the order.",,APAC
Actual,12/9/2025,Myanmar,"It only affected one city, county, or village","Nattalin township, Bago Region",Shutdown,Mobile,Full network,Military,Military junta,Conflict,Internet and phone lines were cut off by the military council in an area of active conflict,CSO KIO partners,https://burmese.dvb.no/post/737451,Unknown,,,Unknown,,No,,,,,No,No,No,No,No,,Yes,Yes,,Unknown,,,No,Yes,Yes,,,No,,"Internet service and phones lines were cut off by the military council in Nattalin township, Bago Region from Dec. 9 until at least Dec. 14 in the midst of heavy bombardments on the villages in the township. There were reports of civilians fleeing en masse, digging shelters to escape bombings, and junta troops burning down civilian homes.",,APAC
Actual,12/9/2025,India,"It only affected one city, county, or village","Malkangiri District, Odisha",Shutdown,"Broadband, Mobile","Full network, Service-based",State government,"Government of Odisha, Home Department",Communal violence,"Following violent clashes between people from two villages, authorities extended a shutdown for the district",CSO KIO partners,https://internetshutdowns.in/media/Malkangiri_IS_Extended_101225_142e5a95-11ea-4fa0-ac24-91c99d35e809._bba1b7c5-9638-4ae3-9_b1g8nX6.pdf; https://pulse.internetsociety.org/en/shutdowns/internet-suspended-in-odisha-india-december-2025/,Ended,12/10/2025,2,Fake news/ Hate speech/ Incendiary content/ Promoting violence,,Yes,Yes,Government order,https://internetshutdowns.in/media/Malkangiri_IS_Extended_101225_142e5a95-11ea-4fa0-ac24-91c99d35e809._bba1b7c5-9638-4ae3-9_b1g8nX6.pdf,,Yes,Unknown,Yes,Yes,Unknown,"Snapchat, and ""other social media services of all Mobile service providers""",No,No,,Unknown,,,No,Unknown,Unknown,,,No,,"In an extension of a previous order, mobile and broadband internet, plus at least 4 platforms, were shutdown in Malkangiri District, Odisha from 6:00pm on Dec. 9 to 12:00pm on Dec. 10. Government internet and intranet services, including hospitals, banking, and railways were excluded from the order.",,APAC
Actual,12/9/2025,India,"It only affected one city, county, or village","Hanumangarh District, Rajasthan",Shutdown,Mobile,Full network,Local government,Hanumangarh District Administration,Protests,"Ahead of a planned Farmers protest, local officials suspended mobile internet and kept the order in place for four days while violence escalated",CSO KIO partners,https://internetshutdowns.in/media/Report_IS_Tibbi_101225_969c4283-af5d-45b7-b6e5-4c55c1d08274._2ea3fe93-2a08-40c7-b4e1-062_webJL1p.pdf; https://internetshutdowns.in/media/Report_IS_Tibbi_Extended_111225_1041bdfe-6690-4416-9620-4ae04b2350ea._d0e1ec48-b61e-43c0_n3g2WvP.pdf; https://internetshutdowns.in/media/Tibbi_IS_Extended_121225_nc_226b06a4-42fd-4fdd-9314-2dd7e13bc24b._66da997b-16d6-4d01-b4d_9qMLmnF.pdf; https://pulse.internetsociety.org/en/shutdowns/internet-suspended-in-rajasthan-hanumangarh-india-8-december-2025/,Ended,12/13/2025,5,Fake news/ Hate speech/ Incendiary content/ Promoting violence,,Yes,,,https://zeenews.india.com/hindi/india/rajasthan/hanumangargh/rajasthan-news-internet-services-resumes-in-tibbi-violence-in-kisan-andolan/1765630222774,"[Google Translate] ""PRO Rajpal Lamboria said that the administration has issued orders to restore internet service. He told that internet was shut down as a precautionary measure to ensure that no rumors spread during the protest against the ethanol plant.""",No,No,No,No,No,,Unknown,Unknown,,Unknown,,,No,Yes,Unknown,,,No,,"Mobile internet was suspended in Hanumangarh District, Rajasthan from Dec. 9 to Dec. 13.",,APAC
Actual,12/10/2025,India,"It only affected one city, county, or village","Malkangiri District, Odisha",Shutdown,"Broadband, Mobile","Full network, Service-based",State government,"Government of Odisha, Home Department",Communal violence,"Following violent clashes between people from two villages, authorities extended a shutdown for the district",CSO KIO partners,https://internetshutdowns.in/media/Malkangiri_IS_Extended_111225_cca446fe-2dd9-4f4f-b04a-4aa97865c642._da2fe530-58aa-469a-a_zyBhRje.pdf; https://pulse.internetsociety.org/en/shutdowns/internet-suspended-in-odisha-india-december-2025/,Ended,12/11/2025,2,Fake news/ Hate speech/ Incendiary content/ Promoting violence,,Yes,Yes,Government order,https://internetshutdowns.in/media/Malkangiri_IS_Extended_111225_cca446fe-2dd9-4f4f-b04a-4aa97865c642._da2fe530-58aa-469a-a_zyBhRje.pdf,,Yes,Unknown,Yes,Yes,Unknown,"Snapchat, and ""other social media services of all Mobile service providers""",No,No,,Unknown,,,No,Unknown,Unknown,,,No,,"In an extension of a previous order, mobile and broadband internet, plus at least 4 platforms, were shutdown in Malkangiri District, Odisha from 12:00pm on Dec. 10 to 12:00pm on Dec. 11. Government internet and intranet services, including hospitals, banking, and railways were excluded from the order.",,APAC
Actual,12/11/2025,India,"It only affected one city, county, or village","Malkangiri District, Odisha",Shutdown,"Broadband, Mobile","Full network, Service-based",State government,"Government of Odisha, Home Department",Communal violence,"Following violent clashes between people from two villages, authorities extended a shutdown for the district",CSO KIO partners,https://internetshutdowns.in/media/Report_IS_Extended_111225_f892461f-124c-497a-bbfd-658497026849._f80b31fe-b96b-43cf-954c-_vVu6vrA.pdf; https://pulse.internetsociety.org/en/shutdowns/internet-suspended-in-odisha-india-december-2025/,Ended,12/12/2025,2,Fake news/ Hate speech/ Incendiary content/ Promoting violence,,Yes,,,,,Yes,Unknown,Yes,Yes,Unknown,"Snapchat, and ""other social media services of all Mobile service providers""",No,No,,Unknown,,,No,Unknown,Unknown,,,No,,"In an extension of a previous order, mobile and broadband internet, plus at least 4 platforms, were shutdown in Malkangiri District, Odisha from 12:00pm on Dec. 11 to 12:00pm on Dec. 12. Government internet and intranet services, including hospitals, banking, and railways were excluded from the order.",,APAC
Actual,12/11/2025,Russian Federation,"It only affected one city, county, or village",St. Petersburg,"Shutdown, Throttle",Mobile,Full network,Executive government,,Conflict,Mobile internet was cut off in St. Petersburg and the surrounding area due to drone threats,News media article,https://www.themoscowtimes.com/2025/12/12/mobile-internet-still-out-in-st-petersburg-despite-lifted-drone-threat-a91417; https://prm.ua/en/petersburg-has-been-cut-off-from-communication-the-internet-has-been-down-for-the-second-day/; https://www.yahoo.com/news/articles/mobile-internet-shut-down-again-171700931.html?guccounter=1; https://t.me/moscowtimes_ru/40903,Ended,12/21/2025,11,National security/ Counter-terrorism,To reportedly deter drone attacks,Yes,,,https://t.me/drozdenko_au_lo/8947; https://www.themoscowtimes.com/2025/12/12/mobile-internet-still-out-in-st-petersburg-despite-lifted-drone-threat-a91417,,No,No,No,No,No,,Unknown,Unknown,,Unknown,,,No,Unknown,Unknown,,,No,,There was mobile internet shutdown in St. Petersburg and the surrounding area from Dec. 11 to Dec. 21.,,EECA
Actual,12/12/2025,India,"It only affected one city, county, or village","Malkangiri District, Odisha",Shutdown,"Broadband, Mobile","Full network, Service-based",State government,"Government of Odisha, Home Department",Communal violence,"Following violent clashes between people from two villages, authorities extended a shutdown for the district",CSO KIO partners,https://internetshutdowns.in/media/Report_Malkangiri_IS_Extended_121225_938d2b08-a2d6-488f-bea4-108d0055b830._b31112d1-6874_ArjB1Cq.pdf; https://pulse.internetsociety.org/en/shutdowns/internet-suspended-in-odisha-india-december-2025/,Ended,12/13/2025,2,Fake news/ Hate speech/ Incendiary content/ Promoting violence,,Yes,,,,,Yes,Unknown,Yes,Yes,Unknown,"Snapchat, and ""other social media services of all Mobile service providers""",No,No,,Unknown,,,No,Unknown,Unknown,,,No,,"In an extension of a previous order, mobile and broadband internet, plus at least 4 platforms, were shutdown in Malkangiri District, Odisha from 12:00pm on Dec. 12 to 12:00pm on Dec. 13. Government internet and intranet services, including hospitals, banking, and railways were excluded from the order.",,APAC
Actual,12/12/2025,Ukraine,"It affected locations in more than one state, province, or region",Mykolaiv and Odesa Oblasts,"Shutdown, Throttle","Broadband, Mobile",Full network,Non-government,Military of the Russian Federation,Conflict,Missile strikes on civilian energy infrastructure,CSO KIO partners,https://x.com/CloudflareRadar/status/2000993223406211327; https://ioda.inetintel.cc.gatech.edu/region/4367?from=1765433623&until=1766729623&view=view1; https://www.reuters.com/business/aerospace-defense/ukraines-odesa-suffers-major-blackouts-after-russian-attack-2025-12-13/,Ended,12/17/2025,6,Sabotage/ Third-party Action,,No,,,,,No,No,No,No,No,,Unknown,Unknown,,Unknown,,,No,Unknown,Unknown,,,No,,Air strikes by the Russian military on civilian energy infrastructure led to internet disruptions in Mykolaiv and Odesa Oblasts from Dec. 12 to Dec. 17.,,EECA
Actual,12/13/2025,India,"It only affected one city, county, or village","Malkangiri District, Odisha",Shutdown,"Broadband, Mobile","Full network, Service-based",State government,"Government of Odisha, Home Department",Communal violence,"Following violent clashes between people from two villages, authorities extended a shutdown for the district",CSO KIO partners,https://internetshutdowns.in/media/Malkangiri_IS_Extended_131225_3401345c-4d9f-4a9e-a3ca-a451617c364a._69ccd66e-963b-40be-8_1tm7aEt.pdf; https://pulse.internetsociety.org/en/shutdowns/internet-suspended-in-odisha-india-december-2025/,Ended,12/14/2025,2,Fake news/ Hate speech/ Incendiary content/ Promoting violence,,Yes,,,,,Yes,Unknown,Yes,Yes,Unknown,"Snapchat, and ""other social media services of all Mobile service providers""",No,No,,Unknown,,,No,Unknown,Unknown,,,No,,"In an extension of a previous order, mobile and broadband internet, plus at least 4 platforms, were shutdown in Malkangiri District, Odisha from 12:00pm on Dec. 13 to 12:00pm on Dec. 14. Government internet and intranet services, including hospitals, banking, and railways were excluded from the order.",,APAC
Actual,12/14/2025,India,"It only affected one city, county, or village","Malkangiri District, Odisha",Shutdown,"Broadband, Mobile","Full network, Service-based",State government,"Government of Odisha, Home Department",Communal violence,"Following violent clashes between people from two villages, authorities extended a shutdown for the district",CSO KIO partners,https://internetshutdowns.in/media/Report_Malkangiri_IS_Extended_141225_c13a8e19-f250-492b-ad82-d7dcec9e44d1._1468aa10-b01c_s0VA0Uw.pdf; https://pulse.internetsociety.org/en/shutdowns/internet-suspended-in-odisha-india-december-2025/,Ended,12/15/2025,2,Fake news/ Hate speech/ Incendiary content/ Promoting violence,,Yes,,,,,Yes,Unknown,Yes,Yes,Unknown,"Snapchat, and ""other social media services of all Mobile service providers""",No,No,,Unknown,,,No,Unknown,Unknown,,,No,,"In an extension of a previous order, mobile and broadband internet, plus at least 4 platforms, were shutdown in Malkangiri District, Odisha from 12:00pm on Dec. 14 to 12:00pm on Dec. 15. Government internet and intranet services, including hospitals, banking, and railways were excluded from the order.",,APAC
Actual,12/15/2025,Myanmar,"It affected more than one city in the same state, province, or region","Mingaladon and North Okkalapa townships, Yangon Region",Shutdown,Mobile,Full network,Military,Military junta,Visits by government officials,"Jammers were used in some wards of Mingaladon and North Okkalapa townships, Yangon Region during a visit by the deputy junta chief to a military nursing graduation ceremony",CSO KIO partners,https://www.facebook.com/PeacockRedBurma/posts/%E1%80%9B%E1%80%94%E1%80%BA%E1%80%80%E1%80%AF%E1%80%94%E1%80%BA%E1%80%99%E1%80%BE%E1%80%AC-%E1%80%96%E1%80%AF%E1%80%94%E1%80%BA%E1%80%B8%E1%80%9C%E1%80%AD%E1%80%AF%E1%80%84%E1%80%BA%E1%80%B8-%E1%80%95%E1%80%BC%E1%80%90%E1%80%BA%E1%80%90%E1%80%B1%E1%80%AC%E1%80%80%E1%80%BA%E1%80%94%E1%80%B1%E1%80%9B%E1%80%94%E1%80%BA%E1%80%80%E1%80%AF%E1%80%94%E1%80%BA-%E1%80%92%E1%80%AE%E1%80%87%E1%80%84%E1%80%BA%E1%80%98%E1%80%AC-%E1%81%81%E1%81%85%E1%80%9B%E1%80%94%E1%80%BA%E1%80%80%E1%80%AF%E1%80%94%E1%80%BA%E1%80%90%E1%80%AD%E1%80%AF%E1%80%84%E1%80%BA%E1%80%B8%E1%80%99%E1%80%BE%E1%80%AC-%E1%80%96%E1%80%AF%E1%80%94%E1%80%BA%E1%80%B8%E1%80%9C%E1%80%AD%E1%80%AF%E1%80%84%E1%80%BA/1277696641061315/,Unknown,,,Unknown,,No,,,,,No,No,No,No,No,,Yes,Yes,,Unknown,,,No,No,No,,,No,,"Internet service and phones lines were cut off using jamming devices by the military council in some wards of Mingaladon and North Okkalapa townships, Yangon Region beginning 6:00pm (local time) on Dec. 15 during a visit by the deputy junta chief to a military nursing graduation ceremony.",,APAC
Actual,12/16/2025,India,"It only affected one city, county, or village","Hanumangarh District, Rajasthan",Shutdown,Mobile,Full network,Local government,Hanumangarh District Administration,Protests,"Ahead of another planned Farmers protest, local officials suspended mobile internet for 25 hours",CSO KIO partners,https://internetshutdowns.in/media/Tibbi_IS_161225_5e91e837-62bc-4f26-b9e2-ad8c32e2b831._353cbe24-ac52-420c-95b6-d6c41fad136a..pdf; https://pulse.internetsociety.org/en/shutdowns/internet-suspended-in-rajasthan-hanumangarh-india-december-2025/,Ended,12/17/2025,2,Fake news/ Hate speech/ Incendiary content/ Promoting violence,,Yes,,,https://www.newindianexpress.com/nation/2025/Dec/17/high-tension-in-hanumangarh-as-farmers-call-mahapanchayat-against-ethanol-plant-internet-suspended,"[Google Translate] ""As a precautionary measure, the district administration has suspended internet services at the district headquarters for today and tomorrow. Officials said the suspension of internet services across the district is primarily aimed at preventing the spread of rumours.""",No,No,No,No,No,,Unknown,Unknown,,Unknown,,,No,Unknown,Unknown,,,No,,"Mobile internet was suspended in Hanumangarh District, Rajasthan from 11:00 on Dec. 16 to 12:00 on Dec. 17.",,APAC
Actual,12/18/2025,Myanmar,"It only affected one city, county, or village","Indaw township, Sagaing Division",Shutdown,"Broadband, Mobile",Full network,Military,People's Administrative Body (PAB),Conflict,The PAB in Indaw suspended Starlink for the township until the end of the year,CSO KIO partners,https://www.facebook.com/LuduNwayOo/posts/အင်းတော်မှာ-starlinkအသုံးပြုမှု-ဒီနှစ်ကုန်အထိပိတ်သိမ်းဖို့-ပအဖ-ထုတ်ပြန်ဒီဇင်ဘာ-၂/1193244099541047/,Ended,12/31/2025,14,National security/ Counter-terrorism,For military reasons,Yes,,,https://www.facebook.com/LuduNwayOo/posts/%E1%80%A1%E1%80%84%E1%80%BA%E1%80%B8%E1%80%90%E1%80%B1%E1%80%AC%E1%80%BA%E1%80%99%E1%80%BE%E1%80%AC-starlink%E1%80%A1%E1%80%9E%E1%80%AF%E1%80%B6%E1%80%B8%E1%80%95%E1%80%BC%E1%80%AF%E1%80%99%E1%80%BE%E1%80%AF-%E1%80%92%E1%80%AE%E1%80%94%E1%80%BE%E1%80%85%E1%80%BA%E1%80%80%E1%80%AF%E1%80%94%E1%80%BA%E1%80%A1%E1%80%91%E1%80%AD%E1%80%95%E1%80%AD%E1%80%90%E1%80%BA%E1%80%9E%E1%80%AD%E1%80%99%E1%80%BA%E1%80%B8%E1%80%96%E1%80%AD%E1%80%AF%E1%80%B7-%E1%80%95%E1%80%A1%E1%80%96-%E1%80%91%E1%80%AF%E1%80%90%E1%80%BA%E1%80%95%E1%80%BC%E1%80%94%E1%80%BA%E1%80%92%E1%80%AE%E1%80%87%E1%80%84%E1%80%BA%E1%80%98%E1%80%AC-%E1%81%82/1193244099541047/,"[Google Translate] ""The Innaw Township People's Administration announced on December 18 that the Starlink service and home use will be temporarily suspended until December 31, in accordance with the instructions of the No. (1) Military Region, the Office of the Chief of Staff and the No. (2) Battalion of Katha District.""",No,No,No,No,No,Starlink,No,No,,Unknown,,,No,Unknown,Unknown,,,No,,"The PAB in Indaw suspended Starlink for the township from Dec. 18 until the end of the year, reportedly for military reasons. If people were found accessing the service during that period, the PAB warned it would notify, confiscate, and dispose of devices used for the service.",,APAC
Actual,12/22/2025,Guinea,"It affected locations in more than one state, province, or region",Nationwide,Shutdown,"Broadband, Mobile",Service-based,Executive government,,Elections,Authorities in Guinea blocked access to numerous platforms leading up to and immediately after the presidential election on Dec. 28,CSO KIO partners,https://explorer.ooni.org/chart/mat?test_name=facebook_messenger&axis_x=measurement_start_day&since=2025-12-01&until=2026-01-22&time_grain=day&probe_cc=GN; https://en.wikipedia.org/wiki/2025_Guinean_presidential_election,Ended,12/30/2025,9,Unknown,,No,,,,,Yes,No,Yes,Unknown,No,TikTok,No,No,,Unknown,,,Yes,No,No,,,No,,"Authorities in Guinea blocked access to Facebook, WhatsApp, and TikTok from Dec. 22 to Dec. 30 in the midst of a presidential election.",,Africa
Actual,12/23/2025,India,"It affected more than one city in the same state, province, or region","Karbi Anglong and West Karbi Anglong Districts, Assam",Shutdown,Mobile,Full network,State government,"Government of Assam, Political Department: Dispur",Communal violence,Violent clashes between two groups and also police over land rights led to an internet shutdown,CSO KIO partners,https://internetshutdowns.in/media/IS_Assam_231225_e776f7fb-8939-4c17-a9df-b824b9b421f3._ab94f796-1ada-49a9-8e4a-3c9044a4f3ab..pdf; https://pulse.internetsociety.org/en/shutdowns/internet-suspended-in-assam-india-december-2025/; https://www.msn.com/en-in/news/India/normalcy-returns-to-assam-after-violent-clash-bw-tribal-non-tribal-group-in-west-karbi-anglong/vi-AA1T1SPR,Ended,12/28/2025,6,Fake news/ Hate speech/ Incendiary content/ Promoting violence,,Yes,Yes,Government order,https://internetshutdowns.in/media/IS_Assam_231225_e776f7fb-8939-4c17-a9df-b824b9b421f3._ab94f796-1ada-49a9-8e4a-3c9044a4f3ab..pdf,,No,No,No,No,No,,No,No,,Unknown,,,No,Yes,Unknown,,,No,,"Mobile internet was suspended in Karbi Anglong and West Karbi Anglong Districts, Assam from Dec. 23 to Dec. 28.",,APAC
Actual,12/24/2025,Myanmar,"It only affected one city, county, or village","Thanlyin township, Yangon Region",Shutdown,Mobile,Full network,Military,Military junta,Visits by government officials,The military council cut off internet and phone lines ahead of a visit by the junta leader,CSO KIO partners,https://www.facebook.com/ayeyarwaddytimes/posts/%E1%80%85%E1%80%85%E1%80%BA%E1%80%81%E1%80%B1%E1%80%AB%E1%80%84%E1%80%BA%E1%80%B8%E1%80%86%E1%80%B1%E1%80%AC%E1%80%84%E1%80%BA%E1%80%9C%E1%80%AC%E1%80%99%E1%80%8A%E1%80%BA%E1%80%9F%E1%80%AF%E1%80%86%E1%80%AD%E1%80%AF%E1%80%80%E1%80%AC-%E1%80%9E%E1%80%94%E1%80%BA%E1%80%9C%E1%80%BB%E1%80%84%E1%80%BA%E1%80%99%E1%80%BC%E1%80%AD%E1%80%AF%E1%80%B7%E1%80%94%E1%80%9A%E1%80%BA%E1%80%A1%E1%80%90%E1%80%BD%E1%80%84%E1%80%BA%E1%80%B8-%E1%80%86%E1%80%80%E1%80%BA%E1%80%9E%E1%80%BD%E1%80%9A%E1%80%BA%E1%80%9B%E1%80%B1%E1%80%B8%E1%80%9C%E1%80%AD%E1%80%AF%E1%80%84%E1%80%BA%E1%80%B8%E1%80%99%E1%80%BB%E1%80%AC%E1%80%B8%E1%80%96%E1%80%BC%E1%80%90%E1%80%BA%E1%80%90%E1%80%B1%E1%80%AC%E1%80%80%E1%80%BA-%E1%80%A7/1190073209928363/,Unknown,,,Unknown,,No,,,,,No,No,No,No,No,,Yes,Yes,,Unknown,,,No,No,No,,,No,,"Internet service and phone lines were cut off in Thanlyin township, Yangon Region on Dec. 24 ahead of a visit by the junta leader.",,APAC
Actual,12/26/2025,India,"It only affected one city, county, or village","Chomu town, Jaipur District, Rajasthan",Shutdown,Unknown,Full network,Local government,Divisional Commissioner Poonam,Communal violence,Clashes around the installation of a railing outside of a mosque led authorities to shut down the internet for 24 hours,CSO KIO partners,https://internetshutdowns.in/media/Chomu_IS_Jaipur_261225_dfa21961-31d8-45f5-99ac-323e324a1553._e6875bfc-3a3c-4a50-ba2d-d2f_Vl9CMfO.pdf; https://pulse.internetsociety.org/en/shutdowns/internet-suspended-in-rajasthan-india-december-2025/,Ended,12/27/2025,2,Fake news/ Hate speech/ Incendiary content/ Promoting violence,,Yes,,,https://internetshutdowns.in/media/Chomu_IS_Jaipur_261225_dfa21961-31d8-45f5-99ac-323e324a1553._e6875bfc-3a3c-4a50-ba2d-d2f_Vl9CMfO.pdf,,No,No,No,No,No,,Unknown,Unknown,,Unknown,,,No,Yes,Unknown,,,No,,"Internet services were suspended in Chomu town, Jaipur District, Rajasthan from Dec. 26 to Dec. 27.",,APAC
Actual,12/27/2025,Myanmar,"It affected locations in more than one state, province, or region",Cities and townships across Myanmar,Shutdown,Mobile,Full network,Military,Military junta,Elections,There were reports of increased internet and phone shutdowns in major cities across Myanmar before and during the sham election day,CSO KIO partners,,Ended,12/28/2025,2,Unknown,,No,,,,,No,No,No,No,No,,Yes,Yes,,Unknown,,,Yes,Unknown,Unknown,,,No,,"An increase in internet service and phone line disruptions were reported in cities and townships across Myanmar ahead of and on the sham election day, between Dec. 27-28, including Kyankhin, Loikaw, Meiktila, Myeik, Sittwe, and Thandaunggyi.",,APAC
Actual,12/27/2025,India,"It only affected one city, county, or village","Chomu town, Jaipur District, Rajasthan",Shutdown,Unknown,Full network,Local government,Divisional Commissioner Poonam,Communal violence,"Following clashes around the installation of a railing outside of a mosque, authorities extended an existing shutdown order another 24 hours",CSO KIO partners,https://internetshutdowns.in/media/Chomu_IS_Jaipur_271225_ca90f06c-6b87-40ca-be1c-b1ca0d96b237._97dc2813-8f85-4af3-990d-930_mVasjm8.pdf; https://pulse.internetsociety.org/en/shutdowns/internet-suspended-in-rajasthan-india-december-2025/,Ended,12/28/2025,2,Fake news/ Hate speech/ Incendiary content/ Promoting violence,,Yes,,,https://internetshutdowns.in/media/Chomu_IS_Jaipur_271225_ca90f06c-6b87-40ca-be1c-b1ca0d96b237._97dc2813-8f85-4af3-990d-930_mVasjm8.pdf,,No,No,No,No,No,,Unknown,Unknown,,Unknown,,,No,Unknown,Unknown,,,No,,"In an extension of a previous order, internet services were suspended in Chomu town, Jaipur District, Rajasthan from Dec. 27 until 7:00am on Dec. 28.",,APAC
Actual,12/29/2025,Iran (Islamic Republic of),"It affected locations in more than one state, province, or region","Bushehr, Ilam, Isfahan, Fasa, Mashhad, Sanandaj, Shiraz, and Tehran","Shutdown, Throttle","Broadband, Mobile",Full network,Executive government,,Protests,"Following the beginning of mass protests on Dec. 28, Iranian authorities imposed localized shutdowns and throttling in cities with protests",CSO KIO partners,https://filter.watch/english/2026/01/05/network-monitorig-december-2025-internet-repression-in-times-of-protest/; https://www.amnesty.org/en/latest/news/2026/01/iran-deaths-injuries-authorities-protest-bloodshed/,Ended,1/8/2026,11,Unknown,,No,,,,,No,No,No,No,No,,Unknown,Unknown,"Iran: MCI (TCI), Iran: MTN Irancell, Iran: Rightel (Tamin Telecom), Iran: Shatel",Unknown,,,No,Yes,Yes,,,No,,"Beginning Dec. 29, Iranian authorities imposed hyper-localized disruptions and throttling in areas of Bushehr, Ilam, Isfahan, Fasa, Mashhad, Sanandaj, Shiraz, and Tehran where anti-regime protests were quickly expanding. These shutdowns affected primarily mobile networks, with fiber connections also degraded in places like Isfahan, with service unusable for either some or all of the day, and with access limited to just the domestic intranet. In this period, security forces began their crackdown on largely peaceful protesters with unlawful use of force and firearms, as well as mass arbitrary arrests, which resulted in the killing of at least 28 protesters and bystanders, including children, in 8 provinces beginning Dec. 31.",,MENA